amount,transaction_hour,merchant_risk,card_age_months,chargeback_count,foreign_txn,anomaly_label,anomaly_score
191.49435118953892,20,0.7144484939393951,12,1,0,0,0.5223287948759439
119.557178417247,22,0.4024307256477919,25,0,0,0,0.44551542437673847
110.58268674967628,17,0.18798387207603384,38,0,0,0,0.4313134927866209
110.58418354654405,20,0.5408595788250777,48,0,0,0,0.4103182769039083
371.97715297845207,15,0.225336911454328,82,1,0,0,0.5286392217383803
229.33649847713778,10,0.9742875560126001,83,0,1,0,0.5590410074866061
90.48624013927193,9,0.3903399140119541,55,0,0,0,0.40880068561071664
197.58515787449707,8,0.9096649716091162,3,0,0,0,0.4812552413415813
159.91682112517174,11,0.2255539966036243,99,0,0,0,0.4330312300248241
17.273195479246834,18,0.18920900530577645,69,0,0,0,0.46190967612553113
53.6993826150165,0,0.6169011290397374,35,0,0,0,0.4717117060440133
168.49325098785306,17,0.7793790783033206,51,0,1,0,0.502705000112581
349.21414939868225,13,0.5667645638523757,27,0,1,0,0.569559912330134
111.34817479673168,21,0.22979568360525937,37,0,1,0,0.5254674684990222
84.64219512434428,20,0.03789436288399606,110,1,1,1,0.6198838770792743
145.12060331777326,0,0.6182888211910051,85,1,1,1,0.6129800307578438
80.42275845744781,16,0.1310372253655483,16,0,1,0,0.53398674080703
105.41931049113508,10,0.3431763870323312,92,0,0,0,0.42715056973287185
131.94419831522117,19,0.6757847536712315,25,0,0,0,0.42424791047394034
51.210984387510685,14,0.09802344058293189,33,0,0,0,0.4559508908612435
237.60480753705113,3,0.1272514797839558,62,0,0,0,0.45915042184384613
42.814515702323206,14,0.06166620730740413,17,0,0,0,0.47473844016753214
37.82347550677387,21,0.9960791289068266,43,0,0,0,0.4745432791415333
154.7160334310508,21,0.38707676860158124,30,0,0,0,0.4276843306748836
225.06830463832404,13,0.9057951677346345,41,0,0,0,0.4387260301964835
151.82684594856565,21,0.2935856384242821,117,0,0,0,0.4701474961622243
121.74233416676806,0,0.7532025651404958,4,0,0,0,0.4915654449539344
104.59051479867794,8,0.2190666163123789,66,0,0,0,0.42075960866589035
91.19278645493203,6,0.49832470964825026,60,0,0,0,0.4147286295779865
275.023944041556,22,0.8246157392957796,9,0,0,0,0.48467857304912193
169.68351515119377,10,0.8163343988950826,118,0,0,0,0.47476118577123094
97.38550509269233,22,0.7942807173626745,31,0,0,0,0.4482216341866674
74.92852234492457,1,0.8237344130385529,89,0,0,0,0.473606525454626
207.00951653662992,1,0.21147228130587925,101,0,0,0,0.49004260390971166
270.6753338721774,5,0.48221627256038646,100,0,0,0,0.4610947244039522
254.49678254423108,22,0.4848714745971586,119,0,0,0,0.504552355308453
64.08376385690775,18,0.8905024873479125,69,0,0,0,0.4420464444663253
103.87982410300994,19,0.2968918293994288,24,1,0,0,0.5130688618695189
89.71479740160788,13,0.9314958933890483,24,0,0,0,0.4400968652643864
115.06304926287909,2,0.45079573630609904,93,1,1,0,0.5979831250382703
236.0870818690605,6,0.6697870031774188,114,0,0,0,0.46928539239189543
328.18099657657683,6,0.26888311227933437,45,2,0,1,0.6224423760345258
174.27897122467988,3,0.4102981068313073,95,0,1,0,0.5257042368802635
77.18756984737738,22,0.7098009320691404,37,0,1,0,0.5428698948892684
129.66735719111233,4,0.5127471418510093,58,0,0,0,0.42423099572164075
369.00316280588675,16,0.9307080116883338,83,1,0,0,0.552089943507471
142.52708812430822,3,0.7371249658974774,23,1,0,0,0.515693921992569
104.77477620604617,22,0.5644029255105999,35,0,0,0,0.43565496880409504
111.90820894410228,12,0.8866697566522082,63,0,0,0,0.42777922956741243
173.72106912384098,15,0.6655563887887443,118,0,0,0,0.45131275954255246
66.05053876042102,15,0.6473204734204323,114,0,0,0,0.4416249590358641
87.93576944986901,1,0.24637133314762727,6,1,0,0,0.554902047900221
251.98179148594005,17,0.3948569655282109,6,0,0,0,0.46003462177174226
170.25020922584514,0,0.6833036526040215,101,0,1,0,0.5570121412955635
143.6128672383104,17,0.8917917114831578,30,2,0,0,0.6105335214834158
260.48108517432274,7,0.3155474736449152,1,0,1,0,0.5786463230872025
73.17486270252202,10,0.2154856219429847,63,0,0,0,0.4337382182193317
102.27479337847842,23,0.5936959788158558,8,0,0,0,0.47144261727392883
166.31442438251153,23,0.06719709810271313,28,1,0,0,0.5449792856956208
162.15316724778904,14,0.7145417014500052,89,0,0,0,0.41931136161575183
34.067645943873046,15,0.7031385432874808,33,0,0,0,0.43209313045895104
94.43691308840918,16,0.3549660309861551,53,1,0,0,0.47750291677020745
117.35986962892851,16,0.8926776533449017,38,0,0,0,0.4294874359623173
179.56844336254142,11,0.5021811415391275,52,0,0,0,0.41240955224335885
161.74109132140796,9,0.6457649506929368,78,0,0,0,0.42075223578827303
125.7914371201047,19,0.20957848193833784,11,0,0,0,0.44620830391066574
17.12840655248005,5,0.41734033516,2,0,0,0,0.4962679423455652
130.61369555611685,7,0.8624175402697681,53,0,0,0,0.42131095433932575
139.65112222281786,12,0.2129395476323428,94,0,0,0,0.43419431226130983
583.8398231026297,1,0.3905743775924688,94,0,0,0,0.5901948592556338
114.43678181045065,18,0.31807654442812994,68,0,0,0,0.4206885635960086
166.9647617971198,21,0.15111018486478012,77,2,0,1,0.6119653930532079
289.6170207104772,9,0.28971791812753556,7,1,0,0,0.5432684447223808
227.04581571778886,3,0.23277228357521673,102,0,0,0,0.47235456899322215
337.02436644891833,11,0.9235936304613274,67,0,1,0,0.5697757614324584
34.63297755261492,17,0.741078804542796,9,0,0,0,0.46925957238421234
54.96495153282605,6,0.3161015817828243,78,0,0,0,0.426985909634819
82.98136355537815,19,0.7633390532427098,116,0,0,0,0.4634499274696332
28.745375588180377,23,0.022139953033871396,63,0,0,0,0.5115029359684431
140.5405834886518,23,0.5265247107711399,11,0,1,0,0.576479997970401
59.134216845641355,22,0.2503345637346731,37,0,0,0,0.46327995168093317
366.0166997345672,3,0.11432207180851417,14,0,0,0,0.5249556364184719
67.69607043562314,6,0.8837585283384886,19,0,1,0,0.546530159887228
102.76025742957117,9,0.1993405342625726,8,0,0,0,0.455800508031648
236.23697277634022,14,0.8223910929462823,7,0,0,0,0.46143339570563346
42.33104455739948,11,0.4132226774917712,59,0,0,0,0.4255392003289791
26.68665319279929,0,0.01429077004070034,63,0,0,0,0.5267226230840466
153.325739502209,19,0.7325328293010253,7,0,0,0,0.45966293757298704
162.01523885998026,17,0.5963597582193679,55,0,1,0,0.5035770720259722
231.47637118590643,15,0.3441718831678193,3,0,0,0,0.45640749812533277
194.83017760221983,4,0.28154593392626337,67,1,0,0,0.5015850712034633
166.41789364562314,18,0.07369125237043472,18,0,0,0,0.45943713600344027
74.71051335633811,3,0.9414255948352722,45,0,0,0,0.4596109109090696
158.78759293095553,5,0.4939848846920857,97,0,0,0,0.4314123887194376
165.9499408128562,16,0.08552451757610802,101,1,0,0,0.5230938305516812
72.32674342468141,6,0.8686797177444705,92,0,0,0,0.4424053566767053
433.76604158227417,23,0.2788331728178167,36,0,0,0,0.5414736634804284
188.50188566144877,22,0.20360271573465483,16,0,0,0,0.471762412669119
55.87693963763172,6,0.28093743834221874,79,0,0,0,0.4287247993651404
232.26223241618095,8,0.5645714586071113,29,0,0,0,0.43146154235016365
259.63161123231197,12,0.0740564844970365,59,0,0,0,0.4518622436370315
180.67026790091325,19,0.48175690912267644,18,0,1,0,0.5395516283090971
109.56158705111442,13,0.8957434451243126,49,0,0,0,0.4214705696605139
69.6548276836968,15,0.18817159584612386,110,0,0,0,0.45374851076623957
125.52777570816785,22,0.33118877215224385,46,0,0,0,0.43922046135140513
171.76207565778415,8,0.39612196505165276,83,0,0,0,0.41580823546516504
134.68067597533192,14,0.5862207115272452,29,1,0,0,0.47172251598536663
346.8421773590092,4,0.9192542465263115,70,0,0,0,0.48618098423847145
208.95302686776446,17,0.3945392082424255,109,0,0,0,0.4468352786892814
62.95360435023455,20,0.06915284067776362,50,0,0,0,0.44915346710556986
50.495012386337905,19,0.3479508614309924,111,0,1,0,0.5401172276565892
189.62808920138332,7,0.1900854125998448,55,0,0,0,0.42904662701917534
111.56020207754806,14,0.6517744788191033,27,0,1,0,0.5017116819112516
221.50497169514878,20,0.029262109167332184,7,1,1,1,0.6455966056162737
188.42445028691938,8,0.2919299710730734,91,0,0,0,0.42458685367527765
125.95215035410084,18,0.5451735072326199,83,0,1,0,0.5187311502144517
63.60485448480454,21,0.2773342060495543,81,0,0,0,0.44530857545841623
30.09597797492176,5,0.5509952833452542,41,0,1,0,0.5388938807565311
156.68965933582317,3,0.11471232218718319,11,0,0,0,0.47651909648251217
41.620122689522574,10,0.9428054879896225,5,0,0,0,0.5058443422766312
61.29633035245577,9,0.2909068073298867,66,0,0,0,0.42168279415236226
149.84850239893183,2,0.9230008393898834,111,0,0,0,0.49873431262584117
139.43591004154337,0,0.3258354395041454,56,0,0,0,0.4569128936005824
46.69775651787856,11,0.7818401911729878,12,0,1,0,0.5474622380417722
279.3861250818843,22,0.24618735746125298,42,2,1,1,0.6922823905654633
274.4686744358727,14,0.6697689023896012,106,1,0,0,0.5246388896802442
193.91313667006915,14,0.32371621382276716,116,0,0,0,0.4512624190539505
193.74755632783845,20,0.5091591292096588,75,0,0,0,0.4233441259904675
193.91478313045852,13,0.6738141457636807,10,0,0,0,0.44071756968843684
258.1247957485651,6,0.5888825052029606,28,0,0,0,0.4469272956258428
212.5580288662599,16,0.5762805932836943,7,0,0,0,0.4503168572940479
68.3838248598029,23,0.06568083565761729,14,0,0,0,0.4917582180660477
110.33987845634562,18,0.24907683217159182,77,0,0,0,0.4268729747448861
543.722575857959,6,0.5718392898565416,69,0,0,0,0.553605647792294
18.51874552570162,2,0.01831720721572505,61,3,0,1,0.6537909061979924
90.29037675755659,2,0.25064425511597965,51,0,0,0,0.442087974661108
280.3850044822637,17,0.22918523943119673,42,0,0,0,0.44832359817403344
72.26134609886694,19,0.24985611016083442,8,0,0,0,0.45587363955250143
216.55834306793787,21,0.5356094995666537,50,1,0,0,0.499860744609232
138.09557107174842,13,0.5819603540191924,1,0,0,0,0.44376164587460465
76.72359336237137,2,0.9089979943728113,69,0,0,0,0.4648132915023535
14.48089736969269,6,0.3860310490262192,11,0,0,0,0.46981169070357
153.53220159483743,6,0.9265789171431259,116,0,0,0,0.4899468590051801
67.08874571862754,4,0.6519543449841703,107,0,0,0,0.449627428828758
121.8309900219846,2,0.9126603959005557,48,0,0,0,0.45900992736129204
192.58407759406208,17,0.8334721016800484,10,0,0,0,0.4562867676845349
244.22498386776624,14,0.6875824434076875,15,1,1,0,0.6111912150404839
90.0505884619219,19,0.35610589951895943,103,0,0,0,0.43686877639356064
76.60012922593342,13,0.2411104476852185,47,1,0,0,0.4891342992580014
40.90448623426374,3,0.22239143551203222,93,0,1,0,0.5466496568681987
252.37032579171336,23,0.9521738374562813,25,0,0,0,0.4968160923811447
494.53807804068873,7,0.9585738431293581,112,0,0,0,0.5944281054427171
270.9181106559734,20,0.7248313735243089,6,0,0,0,0.48319587073610526
311.64808421141606,12,0.8837959840764773,11,0,0,0,0.47759164326197573
72.78672764178526,21,0.9189961630790605,17,0,0,0,0.46244883223667244
184.62413320445387,7,0.5115561965193122,15,0,0,0,0.43837015050916134
230.4055599168622,14,0.6290596906251722,16,0,0,0,0.43384367733348034
53.051087794505705,16,0.4187544979202146,56,0,0,0,0.4183555239852067
382.9721717012769,4,0.4184907642852631,66,0,0,0,0.4832714076859993
33.45707468807867,19,0.03842891864461462,36,0,0,0,0.4742523635595261
344.4525612716627,3,0.4338214604848055,83,0,0,0,0.47395657339004327
33.22257021575367,10,0.6734898115131833,38,0,0,0,0.4348467901081928
55.483012795582,17,0.42198216610657113,114,1,0,0,0.5160251069445292
186.98003945090701,9,0.8724096768769565,85,0,0,0,0.4439667188409023
140.67317106175568,16,0.33256295240701816,75,0,0,0,0.41190676880206023
97.36613065416088,14,0.13268204656084948,105,0,0,0,0.4595194891352621
373.37150443118725,5,0.8115586907290594,3,0,0,0,0.5210726639553148
41.99781504816463,22,0.673947918328592,98,0,0,0,0.47527331577418874
118.26337604477277,20,0.2418194823205818,18,0,0,0,0.4420786777169689
203.79160723991237,15,0.536451256042233,79,1,0,0,0.47057689318757756
164.51047281640254,14,0.40185233859379244,89,0,0,0,0.4156839534017444
78.80716569615674,7,0.9388597764356578,54,0,0,0,0.4394565153986637
81.25684671723494,8,0.607332090920629,114,0,0,0,0.4449953360801096
241.73599378070182,10,0.1583892611869916,115,0,0,0,0.47578499183530176
249.49530550926164,1,0.5021484526369852,79,0,0,0,0.4627223002140399
167.65590662630854,12,0.8625568325238507,94,0,1,0,0.5188767235391475
64.73375497324184,3,0.6714966700324616,17,0,0,0,0.4601810801675411
83.4427113529351,8,0.8424520760986562,82,0,0,0,0.42185837683365596
131.18625507708222,4,0.2503993138656403,95,0,0,0,0.43813832556332744
145.82164591345781,18,0.8883513770475419,114,0,0,0,0.4660920743607971
198.1948894782471,21,0.7556113318241721,107,0,0,0,0.47099819665902853
113.52217781145436,2,0.7289137554380787,82,0,0,0,0.4488188838973969
238.0409786001777,20,0.3465410697635244,119,0,0,0,0.4889670919622793
236.23582629396105,2,0.8876580637605281,99,0,0,0,0.4924991141475745
318.71629464628194,5,0.6379793773932165,13,0,0,0,0.4766376213451306
135.5143863389566,9,0.8518394768628025,63,0,0,0,0.42618354339034925
169.69350736213113,4,0.3609714559862718,14,0,0,0,0.44801607402165883
120.33881652912785,2,0.1456520910643565,59,0,0,0,0.44415636095364275
65.42357460135992,21,0.3323371802203223,36,0,0,0,0.43390255475176903
487.20769758681035,23,0.4552643473751825,18,0,1,1,0.6588019824023469
292.2733382407232,6,0.5334073751454924,5,0,1,0,0.5844636021843623
232.94743427615066,21,0.5108092157115375,14,0,0,0,0.45359473218307866
132.0724874153752,17,0.5460545924365644,25,0,0,0,0.414864041460262
60.47584833687684,22,0.8417057652229475,44,0,0,0,0.45575916539391315
261.52751276425624,7,0.1701012461881699,39,1,1,0,0.6072982587177999
118.71470325622704,0,0.31605129516887087,12,0,1,0,0.558643299881401
180.68930541778516,3,0.8886084904354514,104,0,0,0,0.484822707066262
83.17523616451786,23,0.5604582045583303,61,2,0,0,0.5973839393995398
160.26734013159893,6,0.5833898703695721,62,0,0,0,0.41921306220594107
87.53056500961961,13,0.47806254461395226,53,0,0,0,0.40176825396765137
90.36156158133622,12,0.5489746349861391,53,0,1,0,0.4981557530611932
158.76395026001413,9,0.1980797305601012,28,0,0,0,0.44561913670960074
32.72523800751269,22,0.5468668994181283,35,0,0,0,0.45339765157971385
34.39752628864965,17,0.9971731279111168,118,0,0,0,0.5085719390869026
72.04595503223372,0,0.5660475729241843,65,0,0,0,0.45959523656685103
112.48121236408471,3,0.04440246560603034,3,0,0,0,0.4889030726165
242.97543303090296,15,0.7964356443506597,43,0,0,0,0.43232665934688586
117.48770530680027,15,0.3964754287233876,50,0,0,0,0.4055206797172639
131.43042993916066,17,0.15367614850156186,71,0,0,0,0.43094814488789723
105.68756347051351,7,0.8625198062266913,9,0,1,0,0.5553636104906183
169.51796237909213,9,0.19797325553496758,36,0,1,0,0.5105130203176516
64.84636469813796,15,0.9207673898585332,23,0,0,0,0.45184547058433755
122.41311472008663,22,0.4417964904426055,88,0,0,0,0.4455097872036768
179.27398340580623,23,0.7427908347497,74,0,0,0,0.45687242636377295
157.8424646586083,10,0.5469958503385205,50,2,0,0,0.5977562049114686
134.63810397140662,5,0.25662680391522785,55,0,0,0,0.42351177749068236
135.8807870037053,0,0.6710901744959188,112,0,0,0,0.48720675064892865
191.6632261449418,11,0.9579125508901479,12,0,0,0,0.4798959547901728
502.2559357503158,5,0.7696369667914125,83,0,0,0,0.5496950046984354
68.7469466681735,12,0.6040179965751782,32,0,0,0,0.4191137862934107
511.4681861428045,16,0.9906281082658567,24,0,0,0,0.5717172511844889
66.06316890634288,0,0.26532666734268473,86,3,1,1,0.6875771007187172
12.281079622318485,7,0.06234148790944738,67,1,0,0,0.5397469101315133
86.07120075625268,21,0.03213086611593108,104,0,1,0,0.580277834354752
171.83594086682805,7,0.7106878795587983,27,0,0,0,0.42880950923346434
436.12774527841634,23,0.8302323647341706,61,0,0,0,0.513484279029538
60.40513346817189,10,0.6351005374845267,19,1,0,0,0.4983218981572451
190.86464764822279,13,0.9050265974431984,73,0,0,0,0.4415467109917987
38.17919557199514,23,0.6979760473399205,51,0,0,0,0.4622179368893978
426.03117506401674,9,0.37095464640902054,64,1,0,0,0.556019263639045
296.00638488084417,14,0.1812582916298816,113,0,0,0,0.4857480279773519
90.51006878854486,6,0.9246474785591563,77,0,0,0,0.4474746066387855
327.73542328626536,6,0.10359714999747949,2,0,0,0,0.520423691081593
121.85011018489654,9,0.5429884037464054,36,0,0,0,0.4135271853301927
306.3856490135739,3,0.3140079252735116,93,0,0,0,0.4817734670335572
133.875633879388,17,0.2714150075196725,11,0,1,0,0.5191320943818559
138.24456421422354,9,0.6458348519168964,98,1,0,0,0.49278360123563275
92.04311034419422,18,0.23123693739103623,68,0,0,0,0.4280757112366461
208.56068331812503,13,0.9163651067423957,68,0,0,0,0.4317280313537883
146.14730244530477,12,0.40604390909912413,116,0,0,0,0.442571251371082
193.83407558569857,14,0.6773753467296789,64,0,0,0,0.41181500506470003
29.3642990794378,15,0.7277557173285846,1,0,0,0,0.48973526348503393
313.61045924756127,1,0.6829416946253303,89,0,0,0,0.48437448715345344
366.26329274492997,3,0.9034002408930234,26,1,0,0,0.5630109386191926
145.64052710649347,20,0.2311308636059981,11,0,0,0,0.4482200877132908
479.49653135239134,17,0.08605454468610119,87,1,0,0,0.6084421326135611
409.2033325128916,16,0.05546569726504935,2,0,0,0,0.5577993482745066
211.71134732263968,9,0.8778441504750248,83,0,0,0,0.4412086616585855
330.5195705629007,20,0.9732870499391821,93,0,0,0,0.5123650772442698
275.24193986051984,8,0.3025265412047127,40,0,1,0,0.5353426868767027
21.690376072295443,14,0.6935139235749692,119,0,0,0,0.4765793085247405
107.39970551567572,11,0.0089127841717489,116,0,0,0,0.5107493349082883
222.01846188477896,20,0.18863151011598778,4,0,1,0,0.5754640294591713
382.18058387028356,8,0.6892743824616144,80,0,1,0,0.5744354383087248
35.5555134651482,13,0.06588713931523282,111,0,0,0,0.49165596494401503
23.43912575852624,12,0.4685100499198245,37,0,1,0,0.5283509322583835
127.67827954055177,5,0.6625832643739489,61,1,0,0,0.49044709821347154
13.50902763167232,18,0.7659581713055174,91,0,1,0,0.564977390281601
124.33922753840147,3,0.45381591372437047,5,0,0,0,0.46552939523466813
174.89236135767487,19,0.630284039496343,15,0,0,0,0.44269276067747493
57.914063641839306,16,0.5395756295620613,87,0,0,0,0.4192075516908974
126.96406335753336,18,0.0523057720833211,113,0,1,0,0.5653365312014837
258.30781409731094,2,0.7428046872598465,67,0,0,0,0.46303646759660777
85.72432616008683,13,0.17236191588537497,82,0,0,0,0.4226970097574104
67.06574381605805,16,0.03180553123384133,107,0,0,0,0.4872019573790772
122.58195124325711,12,0.4511679162883723,26,1,0,0,0.48128328556305683
52.446936299156725,8,0.8656375872815103,6,0,0,0,0.4728533972378811
456.59279996257294,0,0.15082943766102863,44,1,0,0,0.5980113681382607
137.00859844516924,16,0.012857534116974989,118,0,0,0,0.5112270799140308
73.33612058267215,15,0.10997923576541713,58,0,0,0,0.43514699192600403
156.67656732493282,17,0.3636591143316067,81,0,0,0,0.4085980694903838
122.06535846440102,1,0.5801718699913038,46,0,0,0,0.45207485350692544
111.78899681556459,13,0.19301213398589256,102,0,1,0,0.5083661552156377
85.7055915758092,21,0.8019640050225706,42,1,0,0,0.5148569091949279
82.26667279321919,22,0.7532971205490819,48,1,0,0,0.5154345187390319
30.082815099372407,16,0.6958636165986992,114,0,0,0,0.4610723032047166
330.18725462182493,2,0.487469808315544,27,0,0,0,0.49515136242669877
202.18423282812523,1,0.36521695513398533,20,0,0,0,0.4618897177862382
168.1316925343184,7,0.37558662096481077,70,0,0,0,0.4185584730803684
120.5536016800838,1,0.5030705349557333,115,0,0,0,0.48562245675416876
56.991350052869755,1,0.07731468688265453,35,0,0,0,0.48313741075218763
69.47981855854009,8,0.6823054628670612,76,0,0,0,0.4160788561910445
33.78220991426792,19,0.35150754400930206,48,0,0,0,0.4338070006040069
77.08337115157067,20,0.2247587779386886,67,0,1,0,0.5301173352690178
49.921148297527935,5,0.2783270704986389,112,1,0,0,0.5239334875436563
394.50772299404065,11,0.18029428528621783,68,0,0,0,0.4881272167741151
246.68920020686173,8,0.9015680855277886,52,0,1,0,0.5333302025351073
141.4845834854778,6,0.16903751636255104,109,0,0,0,0.4560651579858264
62.695533881261284,11,0.8829261188948626,68,0,0,0,0.4316170779642314
52.33591068086816,4,0.5722433959684513,4,0,0,0,0.47548888093655006
114.62551442259681,15,0.8674509553888602,39,0,0,0,0.4190347802262106
253.68674621202962,4,0.47406421690551215,21,0,0,0,0.4590245935823271
34.77121559971865,11,0.9276337194810736,108,1,0,0,0.5307872499544111
200.33763087808367,23,0.21149074360835018,66,0,0,0,0.47299497497807225
76.7920478653481,19,0.5546917528472746,16,0,0,0,0.43432028795949457
89.08571176529685,8,0.12583869051366914,7,0,0,0,0.46051049782239495
138.40767032744793,22,0.44722028520236434,83,0,0,0,0.438615655910309
64.60910267355071,6,0.5699036966468424,107,0,0,0,0.4419985714540449
110.14613757167038,18,0.605675222173172,97,0,0,0,0.4295198664561884
59.84947513938377,19,0.36552879690727913,9,0,1,0,0.5528857563299101
82.19535254826994,22,0.07633564216645283,101,0,0,0,0.4945752526090858
227.55550419131094,10,0.6553260713826526,17,0,0,0,0.44248069715818356
143.85769667657556,20,0.4884318604532778,91,0,0,0,0.4235579017021227
226.96542607226513,11,0.1368788666372569,97,0,0,0,0.452659209017183
75.93865264257819,2,0.9358759694060996,113,0,1,0,0.5794460154232789
201.37309683893653,16,0.9556686621834433,12,0,1,0,0.5660797608934136
25.984043798950268,6,0.8566062798313689,57,0,0,0,0.4510177251967326
138.3614380956141,21,0.8438683005175974,45,0,0,0,0.42926583436937965
210.75924046779812,9,0.09867127586805613,11,0,0,0,0.4670528419987307
24.822244439389017,22,0.9934201095825678,13,0,0,0,0.5244797220063029
76.70674931216722,14,0.4003806798637316,31,0,0,0,0.4139326890993685
138.28880169774513,1,0.16312111586711353,77,0,0,0,0.4545205393228982
266.60484928767767,12,0.8121017282172212,102,0,0,0,0.4601447075110138
82.18633548911649,3,0.22573076846305784,26,0,1,0,0.5395761920956164
195.87771518504405,17,0.5261753206695915,63,0,0,0,0.41894016022506664
344.50999171791074,23,0.12801606520343634,31,0,0,0,0.5228184475042852
202.25446713273294,22,0.4746457232758885,22,0,0,0,0.46028675212293846
113.4430817542008,0,0.5581414934029423,6,0,0,0,0.48881334068612764
175.45576510042883,1,0.4459239599513427,20,0,0,0,0.4671356893027177
80.176275223721,1,0.069486824752653,85,0,0,0,0.4850125724967455
142.4777192836256,3,0.48493903058276333,10,0,0,0,0.4540937131731975
117.89267578677428,2,0.4689428434408158,83,0,0,0,0.44422535053389417
171.3284464832143,16,0.26162027729067383,35,1,0,0,0.48581820162561096
95.15830372262862,13,0.9216015996574365,26,0,0,0,0.4369128033154041
178.36216762461788,1,0.4177923326982561,71,0,1,0,0.537526390870197
94.40908334540298,15,0.8641157961963851,37,0,0,0,0.4222357879146103
245.05612581827907,10,0.1096638296334419,8,1,0,0,0.5407520386042964
102.41667030256545,12,0.31887728420618144,5,0,0,0,0.4436022911991098
14.177831259241083,0,0.17633085376804003,44,0,0,0,0.4930169715674995
53.967077726044714,22,0.4084107878481925,100,0,0,0,0.4676664120067638
135.2446360084217,1,0.1116366871708786,115,0,1,0,0.5763563206435093
392.2335943008263,1,0.4410348058456205,92,0,0,0,0.5151345092275413
238.64782814172025,20,0.3538707434482363,114,0,0,0,0.472624679191384
10.533574555082446,4,0.2233150472740052,67,0,0,0,0.4554689570532981
31.50579056856992,3,0.642179411950315,103,0,0,0,0.47207420006482204
289.77836053059707,11,0.950911488147832,72,1,0,0,0.5337778508829488
209.94595953264502,2,0.20711347354958687,79,0,0,0,0.4539562349737389
532.2146240473138,19,0.7117908398984504,117,2,0,1,0.6789820395037658
91.29527578278788,9,0.742380889256743,91,0,0,0,0.431357516095243
63.41269134600939,19,0.4981205164258624,49,0,0,0,0.41657181931376913
140.86208315152507,17,0.897668346100567,115,0,1,0,0.5605962156605148
89.83513955399874,20,0.9663900660648401,36,1,0,0,0.5259076710089304
271.75977463644296,20,0.3622464520538494,80,0,0,0,0.4442885585285158
87.29103537049835,20,0.6510332980031875,26,1,0,0,0.5044664604794049
107.35785762130772,9,0.6622126179001122,45,2,1,1,0.6611795934982615
55.641176278753754,0,0.40363552625250454,61,0,0,0,0.4598053626003538
227.7911941955429,5,0.3167910744946142,44,0,1,0,0.5223839179959293
58.96972869860277,10,0.9337441982278135,4,2,0,1,0.6434087430530255
180.75298740705676,1,0.7899815493126753,76,0,0,0,0.4636117008815626
436.26999116551934,6,0.11446456597454413,81,0,0,0,0.5331522170742458
21.081211650291337,19,0.11988407158488701,58,0,1,0,0.5549553135856002
355.21293450784947,20,0.9225427688528266,105,0,0,0,0.5149065825758876
164.38893203315894,20,0.08140976502692443,108,0,0,0,0.486987423562146
47.60058036170981,20,0.6884213462431659,26,0,0,0,0.4430449437870155
144.95370966909437,17,0.2267582469444117,95,0,0,0,0.43106937910686505
223.2139033575908,20,0.035185342741618664,79,1,1,1,0.6165625805270404
67.2225312474124,18,0.0596375460800902,116,0,0,0,0.49771269369112675
188.19443145805135,3,0.37352210367956207,98,0,0,0,0.45310880500194317
374.8445876036084,12,0.07758845168936468,29,1,0,0,0.5546058144268572
87.19768132779893,17,0.596639199933454,9,0,0,0,0.4383136025981254
55.01825693718156,19,0.6472545113740756,78,0,0,0,0.42334301171688893
120.75947758855806,23,0.37346857198304895,36,0,0,0,0.4398103139903171
139.17178176218516,12,0.7428780757183507,4,0,0,0,0.44926979202636436
281.27439264854354,18,0.4900425201695773,59,0,0,0,0.4332455600084628
117.67106701352137,16,0.4302285034020821,102,0,0,0,0.4254850964551774
93.92610995908902,0,0.40698808879012505,37,0,1,0,0.5484529098963233
53.74032695196967,5,0.43110648734553736,88,0,0,0,0.432167275216033
25.04729792827431,18,0.9678876499344186,81,0,0,0,0.4817154571744752
39.55363382431507,19,0.6814070600384377,13,0,1,0,0.560543221783378
39.31899053577223,0,0.3152098471611,20,0,0,0,0.49623922313079777
108.2797095805874,7,0.7338598702055653,17,0,0,0,0.431984117340952
30.54633714453812,16,0.330267388322916,51,1,0,0,0.5067200561135643
127.8040278175199,20,0.1257149077846762,91,0,0,0,0.46253019433866893
429.96352949844754,21,0.4753603574556491,55,0,0,0,0.49634393386304876
286.8099230438004,14,0.7510238591384141,33,1,0,0,0.5145918716373417
107.44603990279019,17,0.3776599108873212,21,0,0,0,0.42488650117997484
614.8116779238314,6,0.8691741420473429,81,0,0,0,0.584735537811902
139.54337879780752,15,0.38695270408775984,22,0,0,0,0.4186783094923732
154.85561308597661,6,0.34983902550673174,25,0,0,0,0.4305308053135423
118.9726808061264,16,0.9982439138632666,67,0,0,0,0.45065742479625365
129.97911686727147,3,0.4824720229900654,91,1,0,0,0.5003296512574044
84.71529486624675,11,0.8052212097135061,91,1,1,0,0.5903530007864187
108.69504398941805,12,0.8049880560599225,110,1,0,0,0.5048574629526621
356.792916148131,3,0.9263693370991793,12,0,0,0,0.5164761196484163
307.87518156808704,20,0.08489505445030365,15,0,0,0,0.5033682316747489
13.375955522528555,0,0.2712202764268423,102,1,0,0,0.5532005136212319
34.39552065562202,0,0.767748091546434,84,0,0,0,0.48699765258070815
68.05404806342356,6,0.5626014923985649,86,0,0,0,0.42023487985182034
255.1963934203931,8,0.5596149423545339,2,1,0,0,0.5387601724537115
312.49357909747795,0,0.1662153018702408,4,0,1,1,0.6262348714543298
222.61820941283187,15,0.2811530141139298,45,2,0,0,0.5926823081287165
47.41564685998648,17,0.5213340857167345,13,1,1,0,0.6078934023061241
86.16648803176398,21,0.2771813646746212,55,0,1,0,0.5248582520673251
190.53103671717957,14,0.21028279269871508,32,1,0,0,0.4916553053534366
110.02094415492552,5,0.08775605576999612,22,0,1,0,0.540369673844483
98.24756648509484,1,0.15572601192334556,89,0,0,0,0.4763845449932252
99.41953860608359,8,0.768867762491973,91,0,0,0,0.4275565448852302
292.48582503175453,3,0.7187791805847155,55,0,0,0,0.4565115196209507
204.44791500378616,12,0.0458336843487116,17,1,0,0,0.5307765994554635
103.85061414436409,22,0.20328408534411102,70,0,1,0,0.551528423928897
169.93216038667939,21,0.5604553467327162,107,0,0,0,0.4534709831772649
41.36520648169851,10,0.32262784423677315,51,0,0,0,0.43059465402951197
86.30530887608089,12,0.8232496026795305,80,0,0,0,0.42363054455543453
273.6684357917954,10,0.7849893076621469,8,0,0,0,0.47288476973240073
28.524414616001778,18,0.8915805579581095,61,0,0,0,0.4579850663312096
206.22584211410475,7,0.5629312315051159,97,1,1,0,0.5953091878804239
13.186448502011936,6,0.3520764798090985,10,0,1,0,0.5698663635472122
396.49377213627827,15,0.6060646961849178,98,1,0,0,0.5375646760489678
84.601284629661,2,0.0891366797454578,19,0,0,0,0.47585577891084563
178.95012780928812,16,0.009586017741467612,14,0,0,0,0.49108921948132134
145.48208034885891,17,0.017093520120355365,67,1,0,0,0.5231586570484265
149.46664183738073,14,0.40754293793421614,55,0,0,0,0.40098387546044956
167.7163438979588,16,0.22807759410306327,61,0,0,0,0.42366805856269535
23.21987828003642,10,0.1573377058000477,56,1,0,0,0.515409199225889
151.77022210025234,4,0.6153260156181705,63,0,0,0,0.42135621279944696
115.21998575190602,15,0.9950950426131812,105,0,0,0,0.4768977078811228
84.99536005812928,14,0.17775320361553637,87,0,0,0,0.4312746983612132
68.02186138430442,9,0.5464214242139388,104,0,0,0,0.43341972125379613
154.60019415870772,13,0.11972751399989379,11,1,1,1,0.6149260311748419
55.66372660380205,1,0.934236441072139,47,0,0,0,0.4771201746169042
270.37012893194776,15,0.29175516857058503,6,1,0,0,0.5345574733926085
188.34120509240788,18,0.8783398200433784,34,0,0,0,0.43134211280003537
161.56252208092866,7,0.28307643925037684,65,1,0,0,0.4902491592305395
262.7547046309521,14,0.8060524801867195,99,0,0,0,0.4519791658485751
19.25940737963187,9,0.2093813334457727,89,0,0,0,0.4532568641132265
40.032579289361436,4,0.2927894301534444,64,0,0,0,0.4444488931204528
194.26118749753465,19,0.19247536540363397,93,0,0,0,0.4521227003469415
71.54696924410358,15,0.26425987784965566,87,0,0,0,0.42802295808583185
79.62331080337121,20,0.8348657553333153,82,1,1,0,0.6006640930898569
34.43113272778436,21,0.6390324975466974,78,1,0,0,0.5131214740566423
55.80804967933241,11,0.40587966883722404,81,0,0,0,0.42383051149464457
274.4418920653953,22,0.9715210270821563,66,0,0,0,0.48438435311631756
191.04819370469542,12,0.46486152712957374,31,0,0,0,0.4185816141160049
153.34866970976995,8,0.9697599712588514,83,0,0,0,0.4546814988061635
82.28017794505413,16,0.19658692291086022,96,0,0,0,0.43821951345769217
146.33559189596488,19,0.9046384271149494,62,0,0,0,0.43560305560939977
290.7358328317325,11,0.013822204097494684,54,0,0,0,0.4858312864970682
73.09712164219091,4,0.5453032023657575,92,2,1,1,0.6603690315440768
129.75228445360818,23,0.4230523942920148,105,0,0,0,0.4690742438794999
412.58458311051595,11,0.5250878454719793,8,0,0,0,0.510314261251959
220.60097753203877,0,0.553444831947699,42,0,0,0,0.4739435664092097
83.27011148128028,19,0.38903135406771094,41,0,0,0,0.41991827393029146
208.4159848612583,15,0.9981978468860951,59,0,0,0,0.44729893787893965
28.025095530286492,11,0.9765071903006258,40,0,0,0,0.4653718303158053
125.7926776403325,8,0.9617453767045951,103,0,0,0,0.47368347599468624
208.25774233094558,12,0.9790850473765879,22,0,0,0,0.46056257498623926
176.58080963861295,16,0.7930123987693986,24,0,0,0,0.4313869754701491
206.85853651548365,16,0.9885904790263319,38,2,0,1,0.6249021937480399
239.33614170997492,3,0.8923602252751419,2,0,0,0,0.4968770404568811
186.6020207330206,13,0.4159326370324211,41,0,1,0,0.5104704500122115
182.80801826048003,18,0.7847771083834078,105,0,0,0,0.4507018594067642
155.9540306266896,6,0.9120678451256258,19,0,0,0,0.4494742859862697
49.947520458505764,2,0.7126060735870925,105,0,0,0,0.4813189069499608
274.3601891572057,0,0.42278234056560393,2,0,0,0,0.5124665584004963
129.2896755079464,11,0.06579024201642525,92,0,0,0,0.45638409922279044
216.83001640938485,14,0.8096969370605877,96,0,0,0,0.4414718228959999
255.61142714984555,10,0.9527428731264703,62,0,1,0,0.5494952825275439
86.822452357926,9,0.36246326022992637,83,0,0,0,0.41145640389638977
93.30481437795312,1,0.1519060509889396,16,0,0,0,0.4777386748472023
103.88334407470717,3,0.3265038394705557,94,0,0,0,0.44792685799390314
309.62339148362116,16,0.5826223581782463,22,0,1,0,0.5632808105337286
60.637381399292266,16,0.31692900328223617,14,0,0,0,0.43981630479199707
345.563011503334,7,0.6106187301963539,116,0,0,0,0.5163867576963033
154.6810857038933,22,0.9668522322446306,56,0,0,0,0.4614342460460218
162.8596320569524,13,0.6707344933076825,65,1,0,0,0.47700693474849826
247.93511469770414,23,0.3626593662856217,45,1,0,0,0.52559740976584
142.01341663914002,3,0.9357529714715349,54,1,0,0,0.5103124401756822
276.4250846047926,5,0.5656352687011439,66,0,0,0,0.4371617168497025
86.72598680323772,18,0.12837239853256666,86,0,1,0,0.5384088314699729
338.28179737569036,23,0.49898100519376154,46,0,0,0,0.48444878325246393
92.41169783344155,3,0.6536364449100499,33,0,0,0,0.44248332533274104
346.8129540548954,2,0.8382543658167385,79,0,0,0,0.4906391250479104
94.47454463898545,19,0.9364767867076473,50,2,0,0,0.6099365465606459
106.2967942642011,5,0.3174161337163852,105,0,0,0,0.4434973393818993
54.19035577169866,22,0.1555123640790368,22,0,0,0,0.4735751508931595
68.71706699318794,6,0.07382864219388241,40,0,1,0,0.5377602936097537
129.78307890346557,13,0.7383546027082828,39,1,0,0,0.4794419506104536
159.01525592921064,11,0.795158252715432,105,0,0,0,0.45402812014851135
263.0196354227243,15,0.40937312692816685,41,1,0,0,0.4978541771240382
112.43127061558408,19,0.395925407173629,75,1,0,0,0.4933599778619988
176.85644901155794,7,0.9542370316546319,68,1,0,0,0.5122865684429323
151.2738636502844,22,0.9166813250803274,7,0,0,0,0.4913850835174995
190.9344567869587,1,0.23326590191704322,85,0,0,0,0.4618900043559028
77.71819622280871,12,0.7808076477498073,71,0,0,0,0.4189373257328506
85.66745779352395,7,0.62270039623294,4,1,0,0,0.5298842279161702
77.74362837114367,20,0.1542227391196399,76,1,0,0,0.5107700971710103
297.6927369302855,19,0.3567710470865604,91,0,0,0,0.46380449072612057
340.4297821185196,15,0.17747294130748248,59,0,1,0,0.5535010148085188
82.64690340955609,3,0.2951560388218386,81,0,0,0,0.4397361981712156
84.04549393773335,15,0.6153011757733516,84,0,1,0,0.5138723483633612
209.96692120449381,19,0.37526547104343966,95,0,0,0,0.4442138317784427
365.5250469397427,5,0.3940595198358572,26,0,1,0,0.5817904085169744
418.1087700811704,3,0.5396472926171898,31,0,0,0,0.5259914905277748
79.53026719254257,15,0.08722413884172275,99,0,0,0,0.4654868130495411
97.16627150752205,22,0.7387972898494148,73,0,1,0,0.5450931859514201
165.09017287795376,22,0.40170953341334004,69,1,0,0,0.5024516805720081
170.94471738570346,20,0.4803970882023202,52,0,0,0,0.4097210151532423
115.88052867102158,12,0.9742997288546317,112,0,1,0,0.5629092103284647
66.71203708329973,4,0.344366888318254,72,0,0,0,0.4323424297305564
129.9411747540587,14,0.6482189359739254,21,0,0,0,0.4190154553250705
417.8168090541752,7,0.3925043172958107,16,0,0,0,0.5101764594277182
86.70095768137374,6,0.8942827186836781,51,0,0,0,0.43334138748886686
157.80727061622787,13,0.8467562669950395,16,0,1,0,0.5272879968002459
601.6232662175202,6,0.24162427176238432,18,0,0,0,0.5921339281477043
85.67731551251613,21,0.6917457126109006,47,0,0,0,0.4313834700512745
216.88583574751908,6,0.06517199589720701,56,0,0,0,0.4473275653064712
429.4567911045362,22,0.9631853895298901,28,0,1,1,0.6419453289926097
204.11212219922365,17,0.34899010801415753,82,1,0,0,0.48286691189105674
283.74690997365286,9,0.831842772584767,78,0,0,0,0.44523985466557675
237.2918079264234,17,0.31843136607730993,56,0,0,0,0.4185265355387281
192.88601346170276,13,0.632770741196872,112,0,1,0,0.5284412171532241
333.0851712686925,9,0.9835907919843317,37,1,0,0,0.562376190633114
212.18033621723276,6,0.8767498631316303,104,0,1,0,0.5418863327663578
116.80749891660354,6,0.1603659099049074,16,0,1,0,0.5287598225777225
149.06710312587262,6,0.5474884331494713,85,0,0,0,0.41371415353609386
175.14929021550657,4,0.34853178211469016,65,0,0,0,0.42724105586742767
96.69555032854439,0,0.4343388516482918,60,0,0,0,0.4603374804234504
154.05981317887384,13,0.3351831292187686,61,0,0,0,0.4111034033754586
138.18701196789468,17,0.33595924819551315,11,0,0,0,0.42968216551449456
211.72656151604792,12,0.5425532437766114,75,0,0,0,0.41473703200169526
504.77859226482644,7,0.1919640091231526,66,0,0,0,0.5560843379802406
160.78362507067465,7,0.5373954252333647,32,0,1,0,0.5154680195818705
371.6171351744271,9,0.2789654371983009,118,0,0,0,0.5245082005013779
206.48653974677882,16,0.2889829042417996,19,0,0,0,0.4385914886137895
153.54976731270744,5,0.7387480290356228,56,0,0,0,0.4230476317259313
92.33640592281071,14,0.02959360355993579,5,0,0,0,0.487544299493962
154.40020036008164,14,0.3809457626738071,3,0,0,0,0.4469662039084753
147.5432696544775,15,0.40753438015364507,28,0,0,0,0.4136157398819848
73.30871656943299,7,0.48511013971817274,90,0,1,0,0.5136378343506788
83.53789700334059,18,0.6690110247295387,87,0,0,0,0.4256209646259799
176.20916126016078,19,0.36968678273708655,94,0,0,0,0.4360778438874739
369.18242106072256,14,0.21313710430645505,72,0,1,0,0.5685776055315842
126.65730578117719,2,0.8848728405463087,100,1,0,0,0.5305035021801687
32.728090004363686,5,0.9810386266812119,29,0,0,0,0.4813200812572287
53.227545565958025,7,0.020014693172932807,77,0,0,0,0.4716526668352664
220.68832606563493,15,0.5464668510006979,59,0,0,0,0.40686146151998215
39.99890218107047,14,0.3417023791091982,25,0,0,0,0.44192048418601737
245.26269338859424,12,0.27698957538720925,22,1,0,0,0.5107814113736188
212.39034174767573,19,0.3357063908699355,110,0,1,0,0.542628745459049
123.35054472849026,14,0.6388777564262006,97,0,0,0,0.41947814569056296
73.87945565370228,17,0.1907160102297949,101,0,0,0,0.44631064491467765
109.93822247295,12,0.9128607116579502,117,1,0,0,0.5320626581911752
173.09875135294376,23,0.4661145249394758,71,0,0,0,0.44821294476028356
41.345053968807235,7,0.3255768331493284,23,0,0,0,0.4524288713583408
344.9372248388453,13,0.765531331547599,70,0,0,0,0.46073528615068243
171.95453255923667,10,0.01634666523619266,79,0,0,0,0.47284751543045317
186.2885953321725,5,0.43185286573803683,79,0,0,0,0.4259680422736213
211.33861428383443,23,0.35530360100122993,40,0,0,0,0.45227711129264364
323.107413313966,0,0.33820990998973444,98,0,0,0,0.5117133897437962
154.6772536019774,1,0.3370713620905832,14,0,0,0,0.4654021227754809
220.78188429255036,12,0.031271377747267404,29,0,0,0,0.471933168703688
74.9657832866668,0,0.15211640300883977,16,0,0,0,0.493819631977488
419.2299875344833,23,0.1418851593124144,93,0,0,0,0.5749551154742532
147.0063451418877,23,0.9886105048195221,87,0,0,0,0.48803425187885185
74.63845019143703,3,0.02216575589061176,10,0,0,0,0.5021163276648691
92.35663256524283,23,0.16707365635199822,47,0,0,0,0.4621550299802692
17.908564198965916,22,0.9741745086586968,119,0,0,0,0.5501802976518223
91.8624578054286,1,0.6282565938100043,4,1,0,0,0.5526497908508489
6.983940510410473,20,0.4506671206067313,12,0,0,0,0.48325678108878256
232.0702314404948,19,0.07876093304636989,42,0,0,0,0.46443456586937826
182.27819956296358,15,0.6696611616328767,98,1,0,0,0.48952428469060555
56.32379476933578,2,0.13780298768126786,4,0,0,0,0.5047501534629772
128.46617968477568,16,0.6711861221591816,84,0,1,0,0.51004439765989
132.96161067632147,4,0.9791764972000584,92,1,1,1,0.6123011223073199
45.91222465157404,7,0.5319726586169528,92,0,0,0,0.4293527960984248
111.78949506247801,11,0.2140846545026608,6,0,0,0,0.4581231701480168
136.1294114042275,22,0.6252837508795982,14,1,0,0,0.5207531059065689
109.39954730492902,11,0.5129296877912829,119,0,0,0,0.4566690821739068
74.5730476864336,0,0.533140263610646,35,0,1,0,0.5483477590998191
54.3333271290874,0,0.4781069461199968,47,0,0,0,0.4676575234580122
106.35757156577499,14,0.6737405742435558,58,0,0,0,0.40428906888379995
82.61441970129678,16,0.571945362407002,65,0,0,0,0.4091890630381775
201.64296382414597,1,0.9869950774543729,19,1,0,0,0.5559646491074678
336.36575501630284,16,0.8258634210423188,57,1,0,0,0.5307104596184765
253.44199591944715,19,0.26469837771100657,65,0,0,0,0.44926017029359144
139.58723892002897,8,0.7257565219049736,13,0,0,0,0.4366230576243184
77.05729235130997,11,0.21430034938473452,8,0,1,0,0.5450642619971533
248.80484609419813,3,0.7823464080813912,18,0,0,0,0.46798490560439465
210.28021363719287,12,0.14755763997734217,118,0,1,0,0.5478369461052047
320.92138850726775,3,0.4735538335472381,35,1,0,0,0.5377939178379278
154.80025646705857,6,0.7906061983060746,87,0,0,0,0.43552941231302184
404.99148444577344,13,0.2801127023065654,114,0,0,0,0.5210161224928673
154.83576064659545,8,0.8371191251316631,116,0,0,0,0.46545015936288603
76.73662274586783,22,0.644150709033972,26,0,0,0,0.44617284203579777
89.34166503609491,0,0.39752232910721585,105,0,1,0,0.554329433882212
194.94908645324617,0,0.42341670930627184,38,0,1,0,0.5520665499821089
82.42532932677192,19,0.9259915339198553,84,0,0,0,0.4448517626761283
403.1701974854886,3,0.21779100001237928,66,1,0,0,0.573136493452684
183.6640502309104,0,0.6933626151747102,26,1,0,0,0.5288011192144854
137.29695536861388,21,0.7072942057415355,57,0,0,0,0.41758931867573906
146.11828500966402,9,0.9224496931836367,100,0,0,0,0.4628049556140971
108.47894047244918,1,0.7131642687573406,25,0,0,0,0.4553330539526554
24.5851365628363,20,0.584467418058375,30,0,0,0,0.4504892993708113
89.39698589808032,23,0.9025225390162929,82,0,0,0,0.47231444790812
370.9085326158742,14,0.829132029648398,7,0,0,0,0.4986006876983153
157.88399933499284,2,0.7167764548342263,27,0,0,0,0.45033961616661905
273.34981095412763,22,0.032578382392174476,11,0,0,0,0.5144846674291729
278.647658438007,8,0.3735204182403614,101,0,1,0,0.5417671660009844
129.3956087041045,16,0.6318896722018543,8,0,0,0,0.44056102831464666
212.68936122791348,20,0.522250524356765,11,0,0,0,0.4446728134540545
27.800520749371596,12,0.31931832649784386,88,1,0,0,0.49466555045760496
351.3558548010096,2,0.1444239155097765,30,0,0,0,0.5122789465331324
332.6921686380314,3,0.5529965826889216,94,0,0,0,0.4924087342153241
191.14170743551526,3,0.285917575862213,116,0,0,0,0.4773028209364575
162.10827887525073,10,0.23300048980899635,116,0,0,0,0.4570466271231756
130.71149554590878,6,0.39895822705493356,15,0,0,0,0.43572849726256346
294.82840086774667,10,0.7854914332142686,56,0,0,0,0.44492860407788254
229.96927686321288,23,0.4878535023663122,35,0,0,0,0.4495676956711454
99.2943456418885,10,0.21649221049866996,39,0,0,0,0.4287362938708729
47.903673398323136,9,0.11690314228004839,24,0,0,0,0.4613665565866586
39.33717239429821,4,0.49898726377479996,8,0,0,0,0.4805981447873914
292.7469237665703,12,0.7943663984222346,43,1,0,0,0.5245929273026991
128.54586745839975,11,0.6528180236539404,42,1,0,0,0.4742720488295996
188.91953116641417,9,0.23214888014324964,84,0,0,0,0.42524186060047536
141.42588073923514,6,0.4367065856894923,41,0,0,0,0.4155908207150186
39.87463073617843,18,0.8552303633440688,47,0,0,0,0.4445700533359833
28.526161130455773,18,0.1776559078528389,26,0,0,0,0.46076249424830085
93.82523785398114,18,0.532080570682897,52,0,1,0,0.5132367917327315
100.46898070250192,11,0.35623150876084153,88,0,0,0,0.42022226977218097
100.4172002075064,19,0.12417975482951937,22,0,0,0,0.44929228707686913
102.7972863343196,21,0.049903920910898236,5,0,0,0,0.4886734674122571
483.38582699175043,14,0.5558713846457952,15,0,0,0,0.5407784262250137
270.5567809883045,4,0.020748873740378926,36,0,0,0,0.4957535383599704
159.54716165014506,23,0.10344611669293491,101,0,0,0,0.5061188992203463
126.07425764703095,13,0.3475642811617412,63,2,0,0,0.5934337275632641
129.5258654462879,11,0.04352018535576274,93,0,0,0,0.4592166602286377
224.2162700711654,20,0.40044522645188485,79,0,0,0,0.4278296827240998
125.16949160186137,10,0.130365024176891,91,0,0,0,0.43591246288364177
252.1279379873064,4,0.34987309070015393,49,2,0,1,0.6158761341370693
172.41542657415687,15,0.7911596870900682,55,0,1,0,0.49960749130810134
486.22520670997596,17,0.626364344476658,72,1,0,0,0.5749103932042853
119.42994303757189,11,0.44540107778750915,60,0,0,0,0.41592129840104186
283.65793427850645,4,0.09183330785516042,57,2,0,1,0.6307366999680092
52.1887837443196,15,0.6191496593147331,29,0,1,0,0.5272974742560584
78.72940152421468,11,0.16370965250905034,19,0,0,0,0.4395358096344425
444.80084609173616,22,0.07658634386161489,95,0,1,1,0.642232897925429
244.89236904542437,1,0.6639960174596078,73,0,0,0,0.4737630317878954
191.3586716162391,5,0.9120598978210075,10,0,0,0,0.47647373273875965
567.45766596026,22,0.46059343677052234,101,1,0,0,0.608938934246268
127.47058188797396,20,0.04099591060811403,10,0,0,0,0.4730592041444354
283.204278913207,3,0.880297717418541,118,0,0,0,0.5226399967992311
297.34244873047044,12,0.06697376612357409,97,0,0,0,0.48521404266181567
383.18512182170775,9,0.8675132427015871,89,0,0,0,0.4907870498938232
46.52477426522072,16,0.39181937322293103,57,0,0,0,0.41929752488678473
126.81824722408075,13,0.3653945386230897,54,0,0,0,0.40227325626311156
170.25158290295303,23,0.5427973794564518,56,0,0,0,0.4345728538970673
379.08291651069766,14,0.9570848174442188,68,1,0,0,0.5553988764846017
185.87341860550865,7,0.8987405450859782,117,0,0,0,0.48683330400890307
297.77283495553996,22,0.4703300883047672,69,0,0,0,0.4615802139933415
42.48776090050481,23,0.6958232310238185,87,0,0,0,0.47662463723724335
104.90181109444183,17,0.5804292523434124,103,1,0,0,0.48678163108103845
331.8598074222586,2,0.6934615790631674,55,1,0,0,0.5499419170406543
116.24542349393492,16,0.829327460062097,69,0,0,0,0.4202468101935454
134.9488113062673,23,0.03449382886859387,116,0,0,0,0.528478731558253
375.1158898315383,23,0.3257598539278975,72,1,0,0,0.5677264871216438
63.59428524589306,6,0.9593291082338672,81,0,0,0,0.4597441937455312
77.63018052859738,12,0.9493363085249241,1,0,1,0,0.5803838833601721
38.05116873800034,15,0.011220889977462511,118,0,0,0,0.520421796900511
384.9798912472878,4,0.20144012992236626,114,0,0,0,0.5466031032989427
267.18296925945356,3,0.9937700423443627,12,2,0,1,0.6400056205376657
262.6044892447568,9,0.4928250758994859,35,0,0,0,0.44021792548321703
102.5199730836627,12,0.5728660039668526,116,0,0,0,0.445103298843297
35.15180141695697,9,0.16642018552245252,78,0,1,0,0.5290351664907508
25.369065398714355,13,0.8943356087585296,112,0,1,0,0.5653830836160855
333.48727331816895,21,0.23126429964911288,82,0,0,0,0.49902627579315756
200.4649996229711,11,0.18964763001953655,74,0,0,0,0.4327412120271958
228.07764991657461,0,0.22812240332032818,119,0,0,0,0.5183757670413472
164.5341831174299,20,0.9196217026410087,79,0,0,0,0.4471129624962797
69.6395261986618,19,0.7028467071768492,106,0,0,0,0.4433715885136677
106.39534865643049,19,0.7685963944902751,33,0,0,0,0.4238714570035696
55.07630585941338,6,0.37703635818425274,83,0,0,0,0.4207236374067181
48.747921434698476,8,0.9091770149305614,98,0,0,0,0.45796596234602865
252.4421836639314,7,0.7894079523393898,109,0,0,0,0.476550790477664
28.01502403393197,12,0.7505973625073212,25,0,0,0,0.4477275260140895
55.4266901140183,13,0.9709402836729517,16,0,0,0,0.47706670045168226
111.45290777660657,11,0.36619683079334864,8,0,0,0,0.44601249627413075
144.51526087874012,7,0.6109736467958812,35,0,0,0,0.4155005472734044
37.56369641084422,20,0.9099296989772162,85,0,0,0,0.4635959696101817
184.1953212591983,21,0.7908889431859525,83,0,0,0,0.44209112780700505
157.82185267322996,17,0.563378958225615,46,0,0,0,0.41572400822611405
329.67070962666065,15,0.07621368478019885,11,0,0,0,0.4946648167651965
146.36720803176757,10,0.6527234395556732,61,1,0,0,0.47844780331576214
197.68424376095896,15,0.5265555568678522,44,1,0,0,0.4734630280644609
73.1791139481602,13,0.1841804614846264,11,0,0,0,0.44832106649361386
75.91898640257561,2,0.8822531233425974,11,0,0,0,0.47824692664365004
41.70932194021965,20,0.34324859489874326,22,0,0,0,0.4558054983104305
73.81000349796611,1,0.38747989351729695,85,0,0,0,0.4568603007349068
105.13204600035571,2,0.6724015487964106,91,0,0,0,0.44945099835725066
308.1742266421172,3,0.48879874204124096,82,0,1,0,0.5506755036502878
64.32935057021196,21,0.08928107627914939,62,0,0,0,0.4666857928263298
500.2499780356293,4,0.38744161735523475,106,0,0,0,0.5698087485372316
210.08507828437106,9,0.09446611793823312,48,0,0,0,0.4454844023003884
180.799064190158,19,0.1907504031233812,104,0,0,0,0.45875934684670466
137.90954090825193,1,0.007174438350453838,102,1,1,1,0.6457072460639026
118.7199968420745,11,0.1813130814846622,94,0,1,0,0.5064149750643913
83.6460868652815,4,0.3304473539983609,63,0,0,0,0.4334343987101123
35.99799227939868,4,0.5382184337322946,51,0,0,0,0.4390900958804996
66.36263050967526,22,0.9192772111827322,45,0,0,0,0.46123175703110564
384.3732426833834,0,0.5403268672420553,111,0,0,0,0.5419665382504492
201.15353210239095,3,0.7056035413643416,109,1,0,0,0.5358425879565202
382.1349619087442,20,0.3576770913057742,33,0,0,0,0.49023925870610485
81.82861870193257,23,0.7516307935672674,85,0,0,0,0.463558565480198
53.590995566774595,11,0.6204687460514774,60,0,0,0,0.42332293487235645
136.88452787951772,11,0.45979401327486125,2,0,0,0,0.46060523588377067
68.57272716972149,15,0.19376879489122578,13,0,0,0,0.4476251016295949
158.96545415182683,23,0.30354090799729894,66,0,0,0,0.4565868246752215
28.55152195250602,16,0.6209460873757551,57,0,0,0,0.4244710347068006
15.231894839982779,20,0.42605632436457297,43,0,0,0,0.4527291405377017
175.81700443359082,9,0.8893865567490519,45,0,0,0,0.4366943143138721
391.41464500505947,16,0.2348402715355853,31,0,0,0,0.48670746692593125
181.46033276828646,16,0.07307265225327231,10,0,0,0,0.46870735822822374
199.70931537091346,17,0.5893485765054844,23,0,1,0,0.5292035474679382
141.33819263375193,1,0.886050840190076,86,0,0,0,0.4723423363468709
151.6008755156639,3,0.36473902943978864,111,0,0,0,0.4563762899194735
34.13656942768877,18,0.6477113348681651,29,0,1,0,0.540499909639404
70.88163091247297,10,0.23141262217714864,97,0,0,0,0.44346382769459
306.0758542077699,16,0.5584719216726883,31,0,0,0,0.4468899766627722
103.2518220694037,11,0.7867921008626532,78,0,0,0,0.4241360884909213
301.9615715827228,1,0.8670315987766839,74,0,0,0,0.4810159681962358
148.511890445506,5,0.10511912985239669,18,0,0,0,0.45149843568569786
154.16788075185232,8,0.35637451629324546,11,0,0,0,0.43430246846892046
103.88821147141093,4,0.6396444419358702,103,1,0,0,0.5013130750983468
220.6525218293528,19,0.034722868093652215,47,0,0,0,0.46887442459767215
258.55827740725056,20,0.690615200150827,3,0,0,0,0.48758338824462283
67.51638109723281,8,0.5280338828038271,2,0,0,0,0.4610479318878356
37.687779124405914,22,0.2885662792200264,54,0,0,0,0.4553850955223452
19.392460561623913,7,0.8146544505940505,72,0,0,0,0.4562007306215499
192.9807880201939,19,0.29005071229577517,31,0,0,0,0.43495538732914235
177.62670785787458,7,0.9914150462038034,8,0,0,0,0.4918148944089634
592.1043390712686,21,0.8163701891133404,43,0,0,0,0.5685646424149177
141.96445187648328,20,0.7079805013830877,48,0,0,0,0.4184679045877434
123.37861206609445,22,0.061347557962646015,2,0,0,0,0.5065109907828297
162.9000016182943,5,0.9043103719872735,22,1,0,0,0.5167403611373215
169.39426860462717,2,0.7900553057375509,5,1,0,0,0.5410738298903359
116.06756664296563,4,0.22902507929180227,7,0,1,0,0.5498855989510674
69.52032782529099,8,0.392248181326889,20,0,0,0,0.43629331756022466
136.2651001875886,6,0.26863155161914287,92,0,0,0,0.43253777155955647
132.39374316529566,3,0.9844160341810665,77,0,0,0,0.47438298553735864
130.76522680258248,6,0.8541964448055595,2,0,0,0,0.4694803291935946
236.88011829018382,4,0.9302253026951025,32,1,0,0,0.521611022707502
134.40540790603654,10,0.7887742363754299,90,0,0,0,0.4365786302867064
38.557194302235935,14,0.4563482410702475,3,0,0,0,0.4721158006326817
79.77029147593557,1,0.20543424981468505,41,0,1,0,0.5446363252006641
114.94023945435417,12,0.2080801569097338,42,2,0,0,0.5936073977238181
139.27010871154653,21,0.151682848366677,77,0,0,0,0.4467093063421937
195.8628440337978,15,0.546649550303397,85,0,0,0,0.4085936393801235
140.10368939215192,6,0.9199665228636426,45,0,0,0,0.43427011409044025
15.680457267182677,7,0.9917980700457663,101,0,0,0,0.5100060507480881
43.35673200924457,5,0.2872998000367648,87,1,1,0,0.5875671166860983
205.3869908653142,23,0.6973145402967293,71,0,0,0,0.4506208078947541
112.48160709285331,6,0.5970980156103778,17,1,0,0,0.5032686979411499
149.2845706571296,17,0.4889361168763111,92,0,0,0,0.41545844256126935
101.46138890202081,21,0.6657686438120414,47,0,0,0,0.4259927251986623
79.48534326816562,21,0.37136301898006896,94,3,1,1,0.6811992603299749
104.47056529753034,19,0.9444847750934495,69,0,1,0,0.5427869763188947
150.61441847894645,6,0.705448867706337,24,0,0,0,0.4272423982625905
133.64817242660112,2,0.7542010919924448,71,0,0,0,0.4523490780915429
257.411937371796,4,0.24242209500607392,34,0,0,0,0.44979557078655474
31.257295344145255,0,0.16858200349761943,50,0,0,0,0.4864426987964546
36.12430112695798,14,0.394340793094323,42,1,0,0,0.49672508655182174
111.44078778546486,2,0.766672485336154,33,0,0,0,0.4468976256828575
197.4378876492,7,0.9387959097528575,27,0,1,0,0.5553272487308908
228.11112088878622,8,0.4273298259740078,78,0,0,0,0.41669774075389654
82.21487397289718,14,0.774156792497166,59,1,0,0,0.48618080274808345
4.835106183539664,9,0.47040761946680953,19,0,0,0,0.4664314878164243
84.5002505528739,1,0.2952282495554638,112,0,0,0,0.4800078867550708
178.0303282242484,19,0.7392651507258476,115,1,0,0,0.5281633010903228
131.75838111341304,4,0.7982021339813272,102,0,0,0,0.45540110489844626
202.55722867900778,18,0.20284079408068023,76,1,0,0,0.4998962707909169
299.0276351604406,12,0.30516950204533067,3,0,0,0,0.486611430571015
117.62150218859722,10,0.49477684347366224,71,0,0,0,0.412985991567199
92.59140289149389,0,0.1865218297668767,99,1,1,1,0.6118755206758817
61.238195892390294,21,0.9288342987537925,25,0,0,0,0.4621227544497689
35.90754768584521,14,0.5913339125607484,113,0,0,0,0.44486798329832283
26.47243421443234,17,0.12120327737169267,15,1,0,0,0.5425339301052092
75.48193396870646,15,0.18402986468246207,83,0,0,0,0.4293401165176543
272.15257488325346,8,0.9543553453248445,60,0,0,0,0.4612135707283543
216.31984577003098,0,0.7381685856966183,83,0,1,0,0.5573173875420054
89.02368262446862,10,0.7344050845049861,23,0,0,0,0.4344445148358981
503.28823609336376,8,0.07249859400505454,11,1,0,1,0.6161667067993284
80.0490707073022,22,0.895298837708947,59,0,0,0,0.4535118234269462
318.02669902726575,10,0.4437353625586046,85,0,0,0,0.44607678519335786
368.3658140700371,12,0.6597173226399262,116,0,0,0,0.5127168412550022
186.70439063390745,1,0.959689219114014,34,0,1,0,0.5805433190971461
74.87273689035297,13,0.10001238035655691,103,0,0,0,0.4685787730483929
99.05011531742359,5,0.4822764594865787,115,2,0,1,0.6145420617429315
153.3310048977211,7,0.04961273666193178,7,0,0,0,0.47171168049332685
36.98521570868817,17,0.49954542332371543,106,0,0,0,0.4417090732640674
56.05455195659313,15,0.25225941048757106,44,0,0,0,0.4292923103903869
51.80261484472208,20,0.9110655292738706,119,0,0,0,0.49961247799649333
196.79320627608706,11,0.39849249427308686,91,0,1,0,0.5132994157115192
297.1087235000766,10,0.6338724460520792,64,0,0,0,0.4356494952222116
222.2232597006012,5,0.860287264814549,114,1,0,0,0.5422474888513641
264.9289848788108,2,0.9836918584171765,23,0,0,0,0.5048836170516352
69.4501052492782,13,0.503819370328546,102,0,0,0,0.4255018795826321
102.70658579195862,1,0.4557577028614559,58,0,0,0,0.4471668899402146
109.06898222035647,10,0.07573964529645871,20,0,1,0,0.5261505066366731
186.17690907147244,21,0.012738943337215036,27,0,0,0,0.49351250637705996
77.30251811267999,2,0.6088020924984962,117,0,1,0,0.55964782989197
253.95049280785284,17,0.06546435214764601,60,0,0,0,0.46500945686130224
361.68738068261985,0,0.38037893703847325,8,0,1,1,0.6205144918507848
192.96023021453072,23,0.003606436106461497,101,0,0,0,0.5361545807904556
99.08136321041437,0,0.6152274989656707,67,0,0,0,0.4593781016422035
64.0842616895599,11,0.4254151604404962,2,0,0,0,0.46884947385362724
51.91827976271982,14,0.12702076978628785,22,0,1,0,0.5369375016868947
15.90738888618237,4,0.2963676068408221,70,0,0,0,0.45731114445873094
111.76291671549792,5,0.5696606989719245,103,0,0,0,0.4324191255728914
106.73884670675162,15,0.656713368009977,104,1,0,0,0.48438770601776643
243.40926847342837,11,0.4623358796634468,36,0,0,0,0.43094063146064715
81.72450137892902,11,0.8039591160909458,108,0,0,0,0.45143989248207356
116.80715534010133,2,0.11244041170298569,24,0,0,0,0.465388800732681
164.6992241617587,22,0.08454572261240778,12,1,0,0,0.542568406805608
190.74081037380546,1,0.04424426901780831,81,0,0,0,0.4831828760906668
224.54324505030866,6,0.5358278394494422,22,0,0,0,0.43930412329333707
152.91660853628517,1,0.7062317042344579,118,0,1,0,0.5715782621086029
39.23882515135357,20,0.13052139942252972,83,0,0,0,0.4662046940934523
179.01948270260283,6,0.6389456218553925,73,0,0,0,0.42534290578681255
76.74098967609461,10,0.4769477661895347,76,0,1,0,0.503470645444946
306.4696015087504,10,0.9873445001511152,96,1,0,0,0.55204620637545
135.54234055488158,13,0.7174736092664115,117,0,0,0,0.44342273007957966
159.775897741107,2,0.6574733351916259,95,1,0,0,0.5204991474936146
622.9512341215386,13,0.5704497348723445,81,2,0,1,0.6590067553994484
227.25332964511415,10,0.9973661815497038,23,0,0,0,0.47135467114047463
176.70047312081263,3,0.9804591708545773,74,0,0,0,0.47775464846979065
119.53877070323138,16,0.5381151254945216,63,1,0,0,0.47201774187067463
42.64742737039765,15,0.4551833473342617,30,0,0,0,0.42741260015872323
112.88963034070697,2,0.46211492270175236,19,1,0,0,0.5168527800613418
63.37015664968089,9,0.42834239032336563,26,1,0,0,0.5076610067288255
390.8500058407608,20,0.5313983069963222,90,1,0,0,0.5485370765432189
178.38967765869185,14,0.27358426781437073,11,0,1,0,0.526949047663755
299.03824992633633,7,0.9267887831144266,20,0,1,0,0.5808240391669641
79.75044248866934,17,0.49023008146193525,118,0,0,0,0.44790313173246415
67.58800064477381,2,0.8420078118386092,56,0,1,0,0.551453002009455
212.11988564174973,6,0.47530367466762,45,0,0,0,0.42657791456791483
61.07299531664783,9,0.7182902739102429,68,0,0,0,0.4240507550673795
93.063890706662,19,0.33688196447658003,47,0,0,0,0.4212396284049648
403.0450985635905,8,0.6248068577332605,76,0,0,0,0.48348101615477773
96.17150833635563,13,0.4983714454509194,89,1,0,0,0.47516940743454367
33.943247171504005,22,0.36711425653360985,58,1,0,0,0.5184294951900239
21.626749732080427,13,0.881556261068001,10,0,0,0,0.48327854088230704
29.684015406138666,10,0.11271168274890897,22,0,0,0,0.4740889794823785
310.86165916718426,0,0.4869231483191103,71,0,0,0,0.4877586545482049
84.07320274466137,3,0.19436907326613673,24,0,0,0,0.45756035643344184
610.4841269058384,5,0.8610550912175915,66,0,0,0,0.5796680506999067
364.434663881857,21,0.2534693447156634,96,0,0,0,0.5149554215471699
466.36840781463917,21,0.6334303401118216,85,0,0,0,0.5225562433771203
269.52829536895683,4,0.16556351508535405,61,0,0,0,0.45899854502834275
204.36905322072857,2,0.4049136694708366,7,0,0,0,0.4708692403249786
65.42497526508483,1,0.8993571956493642,72,0,0,0,0.47518571199492626
132.98512443468357,2,0.16606444440194046,117,1,0,0,0.549605565741277
218.96316018505297,8,0.6631958253483397,115,0,1,0,0.5464352738054751
258.3339588273018,18,0.20451037055595478,38,1,0,0,0.522671297918833
46.76353256168561,18,0.4157490525321659,21,0,0,0,0.44409774241194727
114.31570735695387,16,0.5406168843745993,8,0,0,0,0.4357306399110806
124.975107485125,17,0.5773064181897478,89,1,0,0,0.47896107195118615
121.15042849069144,10,0.6025113375531553,28,0,0,0,0.4247070130900049
53.06230838815737,11,0.6401314153909222,92,0,0,0,0.43341897338627844
431.1224784033945,2,0.2717686976737975,54,0,0,0,0.5233440885733521
111.2833607394411,17,0.4013674857171591,31,0,0,0,0.4133193351242666
56.76316990865976,23,0.037318663575064415,116,0,0,0,0.5304081135354343
438.04572837721713,5,0.7687569765313751,100,0,0,0,0.5272891883337207
364.66358003002597,6,0.8370995017889024,89,0,0,0,0.4824774262069604
148.4197253856834,0,0.19923676348554553,116,2,1,1,0.6891863330924752
90.76071762920171,5,0.20144396462968184,41,1,0,0,0.5104629051882333
27.14084098966595,17,0.04203640219042071,37,0,0,0,0.47315459728585746
193.72293317623706,12,0.9703838227924875,38,1,0,0,0.512287422242314
85.53649401111096,21,0.8071865681172291,51,0,1,0,0.5311287344802086
130.51174688384958,18,0.3607032029060321,76,0,0,0,0.41492487750968027
412.902879172533,6,0.4819082714698253,37,0,1,0,0.5895863128881279
80.306810436847,18,0.2919669606508686,101,0,0,0,0.4341317884557137
187.84453657736657,8,0.5972439683220844,31,0,1,0,0.52100817894504
229.13574005318154,2,0.7173084123335083,62,0,0,0,0.447767369548739
304.4325339319714,22,0.44736847799187207,18,1,1,1,0.6505177911615303
123.25464810774136,11,0.8735941932916235,90,1,0,0,0.49004813658682655
113.38482080251319,19,0.51702586221881,6,0,0,0,0.44565451619656066
111.28383745491094,23,0.14425326907781078,9,0,0,0,0.48127617333141387
174.98733228035763,17,0.6222913758376416,11,0,0,0,0.43712719420948454
354.5473065627043,7,0.46223096590780255,95,0,0,0,0.4750130177562955
107.24628093830734,8,0.9356718630817258,119,0,0,0,0.49197427804262167
6.978723263202218,12,0.39189392093591346,110,0,1,0,0.549314805273427
247.06383278564616,7,0.40286573915010404,2,0,0,0,0.46795013720300865
140.37246835084073,21,0.6507733897816103,29,1,0,0,0.4972669940673352
194.03300215192235,9,0.526986218326428,110,0,0,0,0.4478886320587534
28.306391990699147,16,0.37444987753843484,51,0,0,0,0.42801982642180575
85.81706185305708,6,0.9897744156800895,106,0,0,0,0.4847483914236124
233.33747290539247,16,0.30218550999941685,69,0,0,0,0.42855887096487805
41.21507259977305,22,0.27752879198502856,23,0,0,0,0.4767962652637185
187.5404284398417,17,0.8644276285221034,100,0,0,0,0.4475206544349646
129.686068030864,23,0.003372943550555507,7,0,0,0,0.5285047292203064
70.94524887024475,1,0.20125316090490764,56,0,0,0,0.4593638141490515
65.93687682513763,2,0.5904466882619761,77,0,0,0,0.44937163345079495
53.53110751523808,18,0.16245052784466485,106,0,1,0,0.5488137333129866
139.80559016072044,0,0.9858039227235882,62,0,0,0,0.49544824273622173
152.39892219144548,20,0.46419562242163104,74,0,0,0,0.4188027318594726
98.90563804698579,20,0.5973640749605509,100,0,0,0,0.4394738235392869
50.42765403488871,9,0.16037346510519312,80,0,1,0,0.5198361287345696
183.6942442681662,20,0.28937810087192783,15,0,1,0,0.5411374887012484
250.1757774101048,13,0.6146247826794156,53,0,0,0,0.41937621867789704
208.04678192846083,12,0.5495533732863976,43,0,0,0,0.41443300661635435
478.70848439177,8,0.784363945441166,83,1,0,0,0.582560310878236
115.32185803888478,5,0.26923317857431617,85,0,0,0,0.43032161439524486
331.70232193015744,5,0.653542146706534,35,0,0,0,0.47262972836999717
77.12700778359763,18,0.29097550574886544,79,1,0,0,0.49166917177086705
66.65381256982667,20,0.5867526197461204,112,0,0,0,0.4463626071161566
146.40818589030292,9,0.6050309676852086,14,1,0,0,0.5014531632553867
381.3606758325235,22,0.12183911135448877,93,0,0,0,0.5410692750084104
105.40893290676918,2,0.5486331106862661,69,1,0,0,0.4985715303726653
28.28269366975779,17,0.011938299954182496,49,0,0,0,0.47866973668928764
246.91808285218232,20,0.5012107513746915,18,0,0,0,0.4476040815511178
125.45482330054543,18,0.697521888608075,51,0,0,0,0.4078979556925118
166.62968718683956,4,0.07283272898998872,1,0,0,0,0.4919658615460542
69.78521597526507,10,0.9387108164170271,27,0,0,0,0.4529597317927934
145.37732474662056,9,0.4587555319894543,64,1,0,0,0.4766784924623864
33.123871241185945,16,0.9384162756240619,60,0,0,0,0.45379812347183096
435.47422493254817,3,0.1073984236911325,91,0,0,0,0.5566645470282103
278.87853916636465,20,0.9499025944195347,89,0,0,0,0.48383204916136097
140.4649205969697,17,0.10919709942534672,41,0,0,0,0.4354568003908842
242.22335367885083,17,0.46149579845133604,21,0,0,0,0.4367996840703998
77.30024880305189,0,0.9379920667268656,14,0,0,0,0.4997474201380306
270.5033763464188,13,0.23270820038887152,116,0,0,0,0.47845836867048275
101.66042794713542,7,0.03478498085873405,117,0,0,0,0.49206406136711334
95.83861225091118,1,0.7931106750282209,20,0,0,0,0.4724870422343028
57.01584193361698,18,0.5958836376690099,92,0,0,0,0.43382450451739535
182.04186953175048,14,0.5139211929014407,85,0,0,0,0.40886477849798597
135.85038285726148,1,0.034343384353218376,87,1,0,0,0.5439236648021314
338.8340827349931,3,0.6532312688068451,11,0,0,0,0.5022584498308658
50.95587385834561,0,0.1716233518845648,66,0,0,0,0.4737467153752231
182.64094917471365,18,0.9311966802046954,84,0,0,0,0.4530136017776565
297.4051674298492,20,0.685726951075682,24,0,0,0,0.46149044440435205
154.4337217182703,9,0.7070338880338365,119,0,0,0,0.4666622663044329
100.08341628964773,0,0.23258027261128045,89,0,0,0,0.47183872191174775
151.49965651618263,19,0.8807538380567184,37,0,0,0,0.4281598522576981
320.9591316737527,21,0.537732570783201,86,0,1,0,0.5727841723278794
320.86963983842764,14,0.8570841778142305,24,0,0,0,0.46447445888690586
121.50722885680155,3,0.270947474832276,15,0,0,0,0.4511456966394573
317.1523298113272,6,0.7554617130982461,12,0,0,0,0.47581969003398883
130.98544785543723,6,0.5745669036600475,110,0,0,0,0.43949252237266684
240.35931395634972,21,0.048419305810581625,95,0,0,0,0.5077985067095743
198.1459537636621,17,0.40534232377328694,107,0,0,0,0.44388711191365054
96.82738495614879,12,0.18391046512346487,64,0,0,0,0.42771497750260806
58.95504990604508,9,0.3591735878787561,31,0,0,0,0.4247114054908824
302.68542426471083,23,0.38335163426522245,53,1,0,0,0.537563383218926
360.25248888649975,7,0.47492835302838476,94,1,0,0,0.5329390312310546
179.5280448891956,9,0.6002904427284631,105,1,0,0,0.5030104179940371
130.8500007374908,13,0.5709776524981992,84,0,0,0,0.40502146803538513
44.87116276773268,13,0.03899140470499507,72,0,0,0,0.4633170079597187
297.4568899184037,19,0.7506892184887218,44,0,0,0,0.45597674892405937
164.78341051930704,21,0.9491838844727682,30,0,0,0,0.45796224649520784
108.34142573993468,10,0.34868128898496664,35,0,0,0,0.4195483625842232
245.08287273985894,5,0.17974690133825855,21,0,0,0,0.4583529472018397
37.03560673774252,20,0.5400015631153853,111,0,0,0,0.45128522012476563
54.40651534734093,0,0.7049129282441441,104,2,0,1,0.6381362815639713
74.8706560598677,18,0.6789048945276632,63,0,0,0,0.4198694393622844
193.76370824213893,6,0.6121095775008583,92,0,0,0,0.4346351406515035
152.75374173972753,23,0.14623225212820856,103,1,0,0,0.5451600710449213
210.2172033708306,17,0.8368248944029983,17,1,0,0,0.5210273278797178
283.9171791778594,2,0.4256215624188153,12,1,0,0,0.5501110593760996
215.55752369080187,19,0.22146858303187,116,0,0,0,0.4796252906628535
441.5461639200103,10,0.08626614106309649,114,0,0,0,0.5672609838313702
283.4696869746209,4,0.41671911497304903,18,0,0,0,0.4652172937509951
121.28285965831233,18,0.6179730468473074,111,0,0,0,0.44233804767998486
85.33481292402627,20,0.6653777091515077,119,1,0,0,0.5365498920632858
124.19996043463699,23,0.9627369113972567,92,0,0,0,0.48269219330047547
220.8466595330893,23,0.15314808366375743,60,0,0,0,0.47070911435809343
93.22423371742249,1,0.985773665197552,67,0,0,0,0.48274198472852464
225.11866209488772,21,0.6546758805722279,115,0,0,0,0.476015139200023
207.52108821564315,3,0.45422905770720146,15,1,0,0,0.53291722297044
58.17752948660724,9,0.8881942258481593,16,0,0,0,0.4626010149357288
279.8820838421445,1,0.6944797419533928,22,0,0,0,0.4796312126486468
174.9776519885535,7,0.34871721485701523,118,0,0,0,0.45745334618225064
427.5396839736891,0,0.8840856965764616,113,0,0,0,0.5651719145816216
131.33772481572032,5,0.6666154568195348,95,0,0,0,0.4322711887154081
104.40824702530014,10,0.6988373557942195,63,0,1,0,0.5007024720674569
51.431139960558056,9,0.8963898880860262,31,1,1,0,0.6038611452740047
50.66222353889205,12,0.44841620796905524,1,1,0,0,0.5437362660671906
257.5326076682209,0,0.6569041059597566,75,0,0,0,0.48262862342354435
399.52501651233007,1,0.7446890216377804,6,0,0,0,0.5507483361954116
122.83417286678883,2,0.45394005813078153,87,1,1,0,0.5959910390098004
116.64647838811712,8,0.08345211573779343,9,0,0,0,0.45960034273797384
140.69994009184944,4,0.7714397690943607,52,1,0,0,0.4948856257307281
292.9304182652146,9,0.04781635274336182,80,0,0,0,0.47295577625575547
58.65925253256406,9,0.7179144017227382,62,0,0,0,0.42410973632465593
159.4982549430937,11,0.9108752085245531,58,0,0,0,0.432250171545915
261.54011916071715,17,0.3469689983700185,102,0,0,0,0.4516413958750087
192.07076832844476,20,0.10206178513782682,108,0,0,0,0.4914735698792432
3.6735180887650705,20,0.2328639897908411,19,0,0,0,0.4810249670992157
216.31263716353388,0,0.5622815641253924,109,0,0,0,0.4946448720681805
193.40546631402063,2,0.9426597431060864,13,0,0,0,0.4912622719350251
331.47144044470116,4,0.5122827298861168,32,0,1,0,0.5697845568644061
378.7859682463204,16,0.11273728819669626,100,0,0,0,0.5121233632662061
320.46166445704324,7,0.627783173716338,9,1,0,0,0.5437308781438479
141.27681076689439,16,0.7328449367879414,110,0,0,0,0.4358912621945627
26.882107294657192,8,0.39328366999279096,110,0,0,0,0.4482229037038784
115.98039187030602,5,0.7215140643454145,49,0,0,0,0.4232726281306022
137.88746284051433,16,0.32482281513918976,37,0,0,0,0.41317441473100686
396.1937079362523,7,0.7890901515964134,31,0,0,0,0.49784250988617224
70.41225987387197,20,0.341072159570069,31,0,0,0,0.4295603620826666
38.18864991692556,6,0.25610709160062595,59,0,0,0,0.4379060128106557
93.72827784910879,6,0.879181405891575,55,0,0,0,0.4311223206022501
73.84372490398454,14,0.5484734211753962,19,0,0,0,0.42479975264356196
34.44552662310259,6,0.28515628874168475,63,0,0,0,0.4372548626371575
124.93308367520183,21,0.9350868896470673,2,1,0,0,0.5595762944387542
142.03019532843058,7,0.6908511754660492,45,1,0,0,0.47941232873268486
32.34344023965727,8,0.2207003996555672,96,0,1,0,0.5292475353477192
103.88011257207049,14,0.6146423545927806,43,0,0,0,0.4102713752546
69.76071242790167,1,0.8703588312890246,98,0,0,0,0.4833162227097325
145.56949527873266,6,0.6961531425400574,1,1,1,1,0.61761288357356
156.58650155743948,14,0.24475915076013044,85,0,0,0,0.4158810595517634
69.77325832140582,17,0.6488483286945148,61,0,0,0,0.4134427401884586
278.1965273210252,21,0.6191593727202008,3,0,0,0,0.4873761898454291
135.54652479549537,17,0.8208436635786887,91,1,0,0,0.49240014173488555
72.73587652477826,9,0.1781325969966998,44,0,0,0,0.4275732649218447
30.139372505627875,21,0.6996346670013599,7,0,1,0,0.597221624090788
162.8686466835337,17,0.027370692133702024,33,0,0,0,0.46594082275340964
193.0777616512792,0,0.6961753006357676,9,0,0,0,0.48132538938643643
89.40690839158059,6,0.960437303938557,30,1,0,0,0.5151956366549102
149.07592846534487,2,0.17438826624961745,18,2,0,0,0.6104572437474728
378.77402946936024,13,0.3112997728190089,56,0,1,0,0.5723960911742535
249.0626163475787,11,0.5828715720285512,90,0,0,0,0.43797334292946544
11.702309916720488,13,0.7323950458572557,84,0,0,0,0.4525986761637006
71.99738106603266,3,0.34437139040453435,102,0,0,0,0.45885531422321396
120.23140581540703,12,0.6642589771401376,105,0,0,0,0.4328009303560608
141.42910241419017,15,0.899278792536333,119,0,0,0,0.47928805816778547
151.52144048919973,15,0.7265587872242619,31,0,0,0,0.41134339877414977
184.38317923399967,21,0.7110227176022441,72,0,0,0,0.43204755048723276
123.40818542027905,4,0.3819706584166159,63,0,1,0,0.5064451777884592
135.28960427881609,19,0.9114293088382008,87,0,0,0,0.44247504733306303
257.98603125902656,5,0.27732294196107776,50,0,0,0,0.4439902668039473
165.2401236560669,5,0.20528035661970068,89,0,0,0,0.4432620560157127
46.658977028229955,17,0.36422393372650386,111,1,0,0,0.5130682804397322
144.86254014360188,5,0.650156220738494,1,1,1,1,0.6241153938322518
120.4937459509845,6,0.8616779861945068,110,0,0,0,0.4610765362958971
18.11771858712593,23,0.13207878234731707,82,0,0,0,0.501201738393922
150.53404771259648,23,0.813802177260163,19,0,0,0,0.4554512270372179
52.86762452249802,15,0.8128233946689951,115,0,0,0,0.46526631785751205
260.6121986050404,8,0.5869193565900861,106,0,0,0,0.46614494656967775
182.4992392834523,12,0.7606479395780257,64,2,1,1,0.6648990569985397
44.14570928902422,11,0.18188069815158736,116,0,1,0,0.5464473150846626
252.574595135665,18,0.1695860008207134,53,0,0,0,0.44472510119406383
335.048742605014,22,0.8628000341287271,6,0,0,0,0.5143697368942697
109.14004629317995,22,0.4981484372345669,17,1,0,0,0.5157773991513874
119.93746133108657,0,0.2459372142528491,46,1,0,0,0.5208017002181525
235.8275524021845,7,0.6887303576063237,109,0,0,0,0.4583474937420176
318.5061168765608,3,0.891875166934221,72,2,0,1,0.6281834658543389
24.789531107382885,20,0.6323226459442498,118,0,0,0,0.476120737540628
49.417542810663335,21,0.3473450429400172,106,0,0,0,0.4615691386822711
95.24598120957471,18,0.48323776529301454,73,0,0,0,0.4141295282481582
103.98287821295442,20,0.7522694609453395,101,0,0,0,0.4425282825786665
231.1539315401976,4,0.06750122887238752,55,0,0,0,0.4550306186432133
319.60892440429893,16,0.21716451595644226,91,0,0,0,0.4688466921809189
335.663514864239,2,0.4625831866494472,100,0,0,0,0.5041683769408752
24.09148471729516,18,0.6042409640970987,6,0,0,0,0.4835193552153882
66.22032335850196,0,0.33916559104232447,70,0,0,0,0.46502449976298316
81.0269618113842,22,0.2983909218698807,109,1,0,0,0.5308180731316704
65.97879689642552,0,0.04138419569972129,68,0,1,0,0.5765432901375616
182.10059658418643,22,0.03260177205144754,86,0,0,0,0.5048506134758659
198.085527770311,19,0.2786948543028256,40,0,0,0,0.43738234991987734
133.99772299653978,8,0.530506100089543,91,1,0,0,0.4846096305178556
124.4138763368762,22,0.5563714964454115,101,0,0,0,0.45405793272601613
98.65337865540063,4,0.49402749286686887,66,0,0,0,0.42701677879826716
108.35122071231336,6,0.4098806840028343,9,0,1,0,0.5372366744241657
375.96908652309753,5,0.2522915892613208,11,0,0,0,0.5105858063354882
219.04467563947134,16,0.4006944315927822,20,0,0,0,0.4307497733855538
101.74284050888545,21,0.1387599653855135,116,0,1,0,0.5691256460210251
122.5554134067962,16,0.1152592290260368,43,0,0,0,0.4337409950315841
185.1246578094498,12,0.2999432568137914,103,0,1,0,0.5117683634841127
44.131466667875955,11,0.9953487964272196,58,0,1,0,0.5514390171953497
148.64800877727507,3,0.32649694751639846,78,0,1,0,0.516702770017466
210.68338069561986,7,0.9364563903551052,26,0,0,0,0.45315725866328893
192.03787702389013,4,0.392262145767694,38,0,0,0,0.43607692289334826
67.39871938549507,4,0.4390099911996094,94,0,0,0,0.44273132393520453
78.94194887400667,12,0.7970628832022295,36,1,0,0,0.4887463318503309
15.585619091736644,10,0.0936383274474567,102,0,1,0,0.5667191938851097
226.4538739597749,7,0.1823133235936395,99,1,0,0,0.5217515978172653
482.73648783032854,7,0.9738402649752147,55,0,0,0,0.54490800256511
59.13659797459333,0,0.5059173399606947,6,0,0,0,0.5026137163119325
282.4257269671603,12,0.0443096822086303,3,0,0,0,0.5102735899023487
455.0979555445465,4,0.047380733056050506,65,0,0,0,0.5483380946174943
90.8187552977413,20,0.9072406837773928,64,0,1,0,0.539692013205047
122.6876396112794,7,0.8733650895587176,58,0,0,0,0.4218843076716889
161.29384908537662,16,0.4583991069451001,117,0,0,0,0.4462787030257195
187.7042533750198,22,0.16322208594459875,58,0,0,0,0.4547449592827918
167.74628471941182,22,0.8302846063624797,18,0,0,0,0.4576259265326697
96.83652900914669,12,0.3246001072796505,23,0,0,0,0.4252007643946047
208.38286957374166,8,0.41905839866309536,96,2,0,1,0.6168190242129892
98.68723646465297,1,0.682476379049318,29,3,0,1,0.6163788698991529
176.19529590633272,18,0.35339835340765446,23,0,0,0,0.43393868083542475
130.33386041443373,19,0.628669926698293,36,0,0,0,0.41492609969067923
21.253441089178384,16,0.8852827104425843,70,0,0,0,0.4534662100805338
310.7413504342775,6,0.7973732687744775,81,0,0,0,0.4514296357039079
80.79029775417224,2,0.3816110738671604,82,0,0,0,0.4430673167482564
331.6192128491284,18,0.2879365547037348,95,0,0,0,0.48583769641174807
274.8456809764984,18,0.285510448739559,6,0,0,0,0.4785247267289097
157.74383248880628,23,0.34859115037658306,34,0,0,0,0.44322102725014545
194.72125907921395,8,0.4935169867247723,44,0,0,0,0.41640189152400714
211.68880622260434,9,0.4165974806939431,44,0,0,0,0.42217061552440516
113.97313682193794,13,0.13300402098765784,27,0,0,0,0.43462395340888027
118.31218037872405,17,0.1634558583339083,100,0,0,0,0.44678491341161497
204.51047196417136,14,0.3429296093981834,112,0,1,0,0.5267843403565304
131.41042004876186,0,0.5620641000588573,52,0,0,0,0.45919986035318083
97.09796495660657,5,0.5926639501334947,42,0,1,0,0.5218778786566061
68.3803538475345,14,0.48620706489663,25,0,0,0,0.42312823764741925
179.94674789618563,5,0.7387758812075146,74,0,0,0,0.4348585168900326
78.51528407413814,17,0.7372487887567366,39,0,0,0,0.41729360910411833
243.7055835207461,0,0.42762747168738857,110,0,0,0,0.4985545334464393
257.98417282603504,23,0.12444081076094426,39,0,0,0,0.4887802628719555
193.65475149735227,2,0.5301747697671232,12,0,0,0,0.4679877125989008
223.1162344374659,16,0.3814690639938326,11,0,0,0,0.4360239048799696
194.06471144844238,15,0.13792298976370332,113,0,0,0,0.4603870537498972
234.2603152229318,7,0.9818172099648392,107,0,0,0,0.5061440225641552
227.39331253181535,16,0.3697553892801022,117,0,0,0,0.45953703873002255
173.02413294908496,7,0.6257978396212309,3,0,1,0,0.559632465013774
277.2099977638402,16,0.4901288613365966,115,0,1,0,0.5669961369116691
117.19098688363006,8,0.1428282792167661,22,0,0,0,0.43764083729882913
70.2482799262976,11,0.05554362337257057,4,0,0,0,0.4877652863277708
67.09533297905138,18,0.6257694150819589,8,1,1,1,0.6275967516467184
103.98924468391814,3,0.24702187034788559,14,0,0,0,0.4554299749895031
17.798439622374246,20,0.24365399961371503,84,0,1,0,0.5568601413275114
156.59766233112907,21,0.9569761897103106,88,0,0,0,0.46506201831216937
213.66696849125668,10,0.4617733043112914,14,0,0,0,0.4437520582165973
255.49769740562596,3,0.02942606650068924,92,0,0,0,0.49503511838634034
26.683945282184848,13,0.3398427151498068,16,0,0,0,0.44592470158949876
69.05439636692074,13,0.5844915422522267,32,0,0,0,0.41621036263616423
238.65837331621947,5,0.3285674185171208,64,0,0,0,0.43354493503445446
114.30017198558879,16,0.02685195403414231,111,1,0,0,0.5468683720995986
210.31467106843536,1,0.4443112654667354,76,0,1,0,0.5420280504284484
41.928864633126146,7,0.10590633617477785,16,0,1,0,0.5594284243897216
329.0136147349392,3,0.6191600246627044,52,0,0,0,0.4786205997793884
38.69356176844094,9,0.619587100222688,19,0,0,0,0.4458938460120429
153.23684576912467,6,0.037759139598400715,69,0,0,0,0.44951965215192846
156.1802048617121,3,0.29066626159937725,12,0,0,0,0.46189336315531554
88.73013317097723,15,0.41368626373900386,93,0,0,0,0.4220087013813571
188.8305504814404,13,0.550264097859178,5,0,0,0,0.4440664491451329
192.64780937807024,15,0.2960634297081951,42,0,0,0,0.42572507206440163
178.1069768686583,8,0.28774651255139816,17,0,0,0,0.4392175965115864
87.37304012784796,3,0.9830151562502594,111,0,0,0,0.5096798157149713
73.6841879937155,23,0.041862795720899904,72,0,0,0,0.4999612579833892
95.37246299317539,5,0.9890454140911519,104,0,0,0,0.48506096354234174
65.15414050706846,0,0.04775194107839653,104,0,1,0,0.5910333564721739
285.85850498112785,6,0.28834142779468586,94,0,0,0,0.4563188859456795
102.25466729254438,0,0.49369085496935006,10,0,0,0,0.4868752005731972
150.01218044987874,18,0.1432983430143252,84,0,0,0,0.4398167242528702
237.99263534598,7,0.13484636251872384,109,0,0,0,0.4753043688677417
62.331146884201615,2,0.25631271326094585,16,0,0,0,0.4715070115044035
37.04038874083457,0,0.9735071835735695,105,0,1,0,0.6079910038834716
65.35695788067471,0,0.38011685887456415,16,0,0,0,0.4821580585871497
162.33045213919524,6,0.5659948382691918,42,0,1,0,0.506127418919962
154.34325287829094,20,0.7042914023816463,3,0,0,0,0.4653664281716641
177.86267477624074,12,0.7422218355242104,23,0,0,0,0.4309238049004219
122.95423851992157,0,0.6880409663453548,86,1,0,0,0.5199202464708793
6.77018109820165,15,0.33692819319172485,28,0,0,0,0.45617618512493613
119.94030808243838,21,0.11172782735606246,110,0,0,0,0.4946726300352195
259.95728622943125,21,0.28171647533321087,45,0,0,0,0.4611079827663722
306.08260231035763,13,0.21029522676950663,100,0,0,0,0.4699955994775735
142.70105381900544,3,0.13627730486931677,68,0,1,0,0.5236606334415691
154.7678697241578,22,0.024496731751618706,102,0,0,0,0.5072875111015744
207.5770843006274,22,0.9357258490584142,24,0,0,0,0.47610637824478713
300.32356301929735,11,0.9210343865453382,19,0,0,0,0.4724881429654751
133.38786812299477,11,0.050417005630169265,75,0,0,0,0.45117554109295094
205.56309323320662,16,0.1730845728204018,40,0,0,0,0.43593214304932554
84.17358723575168,20,0.13950047146279365,46,0,1,0,0.5280501197092791
42.82087121870961,14,0.28122293442151736,40,0,0,0,0.4339125380693523
91.78657909878788,9,0.20406887047874112,62,0,0,0,0.42484608286072995
346.63387169167805,2,0.945853537397855,110,0,0,0,0.5480199414312038
208.471239697758,22,0.08417043656020384,119,0,0,0,0.5256678603364358
46.910381824334316,19,0.21167082700450324,103,0,0,0,0.458890942686839
215.25988870207567,19,0.08072330458291443,117,0,1,0,0.5764852819166656
50.44287538859805,11,0.9803853486444364,18,0,0,0,0.477460628551512
176.10938616067952,0,0.918413509097005,12,0,0,0,0.501254984470091
60.18383962477947,0,0.716631589765411,14,0,0,0,0.4904386733739215
44.35487280845311,9,0.42597303221991334,111,0,0,0,0.4466641468708181
385.1176613640139,17,0.19017813552399254,82,0,0,0,0.4924822492939468
102.19205166342195,14,0.22148972502014241,61,1,0,0,0.4856139386547994
205.83621668919292,1,0.44304000855601144,108,2,0,1,0.6340912779010099
137.60425494738877,16,0.7682226713364816,106,1,0,0,0.5040266617053123
54.30112103724409,7,0.2647294959989589,12,1,0,0,0.5323982135974414
111.08976252796857,21,0.31079191253464666,104,0,0,0,0.4562383429020505
54.74710854888822,21,0.5999442914044706,27,0,0,0,0.4394185367632843
569.9566340546719,8,0.2377293622782536,6,0,0,0,0.5934444017163779
231.89156584920042,20,0.5842186212928036,88,0,0,0,0.43812581270951445
135.66708589215955,19,0.38713089327228456,115,0,0,0,0.4514974979847892
198.19781312842423,10,0.03436820590134804,33,1,0,0,0.5264401337074617
221.70507107626543,5,0.4027012862319639,109,0,0,0,0.45428800737861713
222.11183826840426,23,0.9195252795191449,118,0,0,0,0.524733673273584
215.5984323419067,13,0.2931118791334606,80,0,0,0,0.41832727982799106
204.27120046155096,0,0.32283238943646897,50,0,0,0,0.465414894702725
144.13209037046454,6,0.06594088805928688,12,0,0,0,0.4564019427637944
365.83160990305765,23,0.6150474485692943,95,1,0,0,0.5584694827807024
151.08392188962998,8,0.8492423642983389,57,0,0,0,0.4174248084388546
138.65834990786396,10,0.35292289309310165,101,0,0,0,0.4319342927343789
152.04919958184772,23,0.24024555751998844,53,0,0,0,0.45149412307202397
160.14905020570072,22,0.9566118541638586,13,0,0,0,0.49039949301773583
26.919831796202516,15,0.7450726145914884,72,0,0,0,0.4390946518080437
64.76553083773793,18,0.5671635592832646,102,0,0,0,0.436103073612935
122.95100886610227,1,0.3055311663448841,3,0,0,0,0.4811109729382014
25.444644540540846,14,0.22079801797640086,64,0,1,0,0.5340917069759782
135.50213469143932,2,0.7157440390004672,84,1,0,0,0.5122674752557734
158.6074785336857,3,0.5217888171373442,58,0,0,0,0.43152255125860706
40.93828222652684,19,0.5205998168029811,4,0,1,0,0.5804088885124996
79.26909145122538,21,0.0737098186722438,108,0,0,0,0.4903092665236483
314.33563387020894,6,0.5121944767596059,45,0,0,0,0.44841282544101185
199.6233584196783,11,0.8227440310394937,66,1,0,0,0.4937114349888704
191.6926227867984,3,0.946799277795759,115,0,1,0,0.5905681245515729
289.15410909154264,9,0.10668239748173514,36,0,0,0,0.47448385090693457
65.89780500744553,5,0.6311652106990708,23,1,0,0,0.5103786864473314
41.05999950196524,21,0.5683472507982469,109,0,0,0,0.4626528271309139
263.5092510489605,13,0.8903124909481418,19,0,0,0,0.4598294343284122
125.64196800674681,2,0.7512440301848715,40,0,0,0,0.44683643880159546
64.34232166662639,16,0.9652618691653132,72,0,0,0,0.4642150327823352
26.680370717771215,10,0.9600325375819962,16,0,0,0,0.4926341497282797
153.33783779156408,9,0.2256850933452208,58,0,0,0,0.4163075196169777
114.65349665297873,20,0.7253508719004221,107,0,1,0,0.5377466989775127
99.71883810695465,9,0.5305230913648944,18,0,0,0,0.4292371969182572
10.519763953315369,9,0.21460199521530543,36,0,0,0,0.45137983179791824
362.68573929373406,2,0.19486908221740074,24,1,0,0,0.5705279682761315
33.71181527723665,23,0.0810843412662865,1,0,0,0,0.5297784536349373
107.6461766819226,14,0.795545276418689,1,0,0,0,0.45753210845919967
93.73299778159947,16,0.32450478062000954,64,0,0,0,0.4145718612475062
203.82395896886698,17,0.8569688353289665,62,0,0,0,0.4258977804641722
27.018752627510718,18,0.6083153660232146,110,0,0,0,0.46169002345599497
186.98899269407076,18,0.6736333548384608,36,0,0,0,0.420099233334358
153.90146272034977,11,0.29167374961019665,75,1,0,0,0.48605356190732807
75.98419010721886,23,0.45729427939568357,18,0,0,0,0.45939910570869374
182.33286308325077,4,0.41231757808312486,16,0,0,0,0.4480655021013901
135.32070039036003,23,0.2356886639246012,17,0,0,0,0.46783840086868944
419.985791749561,15,0.8325121685267926,24,0,0,0,0.49805730401934056
114.57275356052011,14,0.6220845058066211,98,0,1,0,0.5077692479074233
56.93886065993867,14,0.03743197745307014,68,0,0,0,0.45978465134554203
188.31634528030997,5,0.8199170193786884,99,0,0,0,0.45938308324075255
103.54389763199359,11,0.10603775602859145,79,0,0,0,0.4428142470812047
133.26016338882906,1,0.40369643353255924,2,1,0,0,0.5518400215432779
41.39862367725965,19,0.5712569016303779,115,0,0,0,0.4576286008316397
206.0194603898052,8,0.007651245661217998,95,0,0,0,0.4893446292108189
90.44096386963477,3,0.6529081054429361,73,0,0,0,0.4397049105881028
162.7213553860217,4,0.659702939560257,10,0,1,0,0.5437147932779541
489.0069957569457,20,0.6525263171326467,53,0,1,1,0.6203322236663023
109.4132777239095,7,0.16346793810627713,89,0,0,0,0.44005585923060714
225.90765325191595,21,0.2557323267735494,51,1,0,0,0.520377257380646
115.47871324557588,9,0.24737581953274024,69,0,0,0,0.4251902270510099
76.88284671993405,6,0.960066983179637,14,1,0,0,0.5417480251842205
321.64719550079803,21,0.06752818722587728,106,1,0,0,0.588446171792958
18.538841192699117,13,0.42876150770350396,112,0,0,0,0.4554360902412476
266.80502701984625,4,0.8712539058201941,102,0,0,0,0.4793254876310836
15.813781353577227,15,0.769465994447716,104,0,0,0,0.47173358307170593
248.3987056839948,14,0.8224421246489267,66,1,0,0,0.5047056308309475
134.81288866004297,4,0.972293584122333,82,0,0,0,0.462916080206228
57.085227922617094,2,0.3872618122731889,93,0,0,0,0.4562711597326949
95.55812345495012,22,0.30965527438046114,53,0,0,0,0.4407664503521842
217.51883667319356,9,0.03065949015019731,117,0,0,0,0.4950625649009235
459.34727106111643,4,0.15001936178986208,117,0,0,0,0.5770674109657009
28.24411095606729,22,0.5620146545430241,84,0,0,0,0.4617626130976962
60.38263323639265,14,0.15766059505334007,64,0,0,0,0.42995361002267757
37.728687889929176,17,0.7363050159809107,72,1,0,0,0.5072595598949088
114.73931281316185,7,0.037232604915937495,101,0,0,0,0.46950862778011726
252.96945380169942,20,0.2594880232378819,49,1,0,0,0.5166929178164363
32.60023956072,1,0.6954531233884886,112,0,1,0,0.5813355398562118
132.08868525132834,21,0.2555028242390638,90,0,0,0,0.4492931595530666
247.50690774369878,7,0.728760464224464,62,0,0,0,0.4270777834836422
94.42735540669112,22,0.9958638754307019,37,0,0,0,0.4743378864789214
154.9541586220996,7,0.7970839554491036,49,1,0,0,0.4862598882208873
306.0199661942523,3,0.3418354587610025,68,0,0,0,0.46634647768082205
50.486299180485965,18,0.9005919006282612,33,0,0,0,0.4461548846651383
21.08521818694854,22,0.051179735668209436,22,0,0,0,0.5065935590970718
169.14652034745257,17,0.7250068244473121,70,1,0,0,0.48870441671610226
172.56110015298603,20,0.023322331562675047,33,1,0,0,0.5303567301159197
89.0775676421737,22,0.17455549535696502,28,0,0,0,0.45888847978280034
75.01393234741944,0,0.9875857415385745,88,0,0,0,0.5056940321046152
136.89177493950237,19,0.360884912494307,4,0,0,0,0.45222574337603066
49.6160716498013,14,0.8204993781642388,66,0,0,0,0.4284816519768862
49.692027448960545,17,0.376086712835602,77,0,0,0,0.42286521988414816
216.5263122819246,21,0.8400284507978156,110,0,0,0,0.4762997478007069
46.39954284699855,11,0.9654395601267742,49,0,0,0,0.4564974145376745
22.719834070423897,0,0.4355362434191665,11,0,0,0,0.5102408736865648
74.88333239393086,6,0.5593491918482794,35,0,0,0,0.42310270393115856
90.89122822357288,18,0.6286394899635678,39,0,0,0,0.417877149982368
186.97452971974414,0,0.9348348021752354,10,0,0,0,0.5046188960909741
80.65364138186337,23,0.2567440874345579,107,0,0,0,0.48456768102640513
340.78984775704845,6,0.6112493728337267,74,0,0,0,0.4634433830464313
142.34049018436684,1,0.3247202282231425,72,0,0,0,0.45242250639408954
66.06527478505663,6,0.21693318018241947,69,0,0,0,0.43327286720484987
181.3816057440431,18,0.08492033902321416,23,0,0,0,0.4627950802399078
336.7952657568319,12,0.6207108637359489,34,0,0,0,0.4626969075207128
212.4254077247092,23,0.8820854788715684,111,0,0,0,0.49752395496814444
30.548759864793563,4,0.3513928888445126,32,0,0,0,0.4508320053808812
97.47859596824853,22,0.5526685361929773,16,0,1,0,0.559329655735624
160.8791838540124,18,0.6421337952941157,68,0,0,0,0.4191118382942899
206.32435845022445,0,0.41465017779520397,54,0,0,0,0.4567853164047487
115.29371705575373,0,0.9033478503660581,28,0,0,0,0.47100728158191074
102.88131849706838,17,0.36275516120117657,112,0,0,0,0.43702881048509395
417.96135405924235,23,0.12501082008984366,108,0,1,1,0.6470985958587121
214.6129245716253,0,0.14402035805169955,60,0,0,0,0.4812936210495157
181.78619225265462,4,0.8908576145077127,78,0,1,0,0.5323025331886969
83.58479805105434,8,0.9880080428479597,76,0,0,0,0.4538743928610969
48.929543485136705,11,0.28893785057171695,60,0,0,0,0.430378033543665
184.0706358951732,8,0.14360272565471144,85,0,0,0,0.43750461294999005
231.04603414561234,17,0.48221228175620945,112,1,1,0,0.5990807224524399
132.75621366971652,22,0.7095280635765979,80,0,1,0,0.5486958890986531
215.01281811320953,10,0.612402908102972,118,0,1,0,0.5483762486793345
218.84103208636847,0,0.9511081820826126,44,1,0,0,0.5439096663691725
241.65922319461288,18,0.8177778839716281,2,1,0,0,0.5481263729735708
29.980247650808913,21,0.8689721650640021,23,0,0,0,0.47632968093059386
99.75426092677701,9,0.5416671588490702,93,0,0,0,0.4226344272412434
192.0143328516271,1,0.32727519333145005,46,0,0,0,0.454151857195591
138.5402851821274,6,0.7017360104605791,107,1,0,0,0.5079627593670067
219.31426017493467,19,0.4390530399513951,73,0,0,0,0.42354509930911105
181.7082751799698,1,0.28775424056232457,54,0,0,0,0.445930124410691
11.671180527262903,18,0.1522706856722975,71,0,1,0,0.560087083031417
281.7777398248655,5,0.5278742078895624,93,0,0,0,0.4519083381485979
89.7415083729898,9,0.5942535671999187,108,0,0,0,0.43947763166279674
62.60242894913526,8,0.568785682654175,81,0,0,0,0.4166445523678246
275.4951728881832,7,0.11654836343355401,9,0,0,0,0.48215797755329287
207.74843695047872,10,0.5699873195387432,70,1,0,0,0.48268728724535764
301.75612944606456,8,0.16841410680514102,44,0,0,0,0.463111149342486
162.17614480492068,19,0.663714165451469,84,0,0,0,0.4276683216679698
98.71539681054475,19,0.4293839966655334,74,0,0,0,0.42143931383299016
148.6974701583356,8,0.8487885877391554,73,0,0,0,0.4272327419706086
52.77312216015421,7,0.7782657447937787,12,1,0,0,0.5274540753184832
36.74221362710955,14,0.7243820515166337,97,0,0,0,0.4430778839740107
78.3306814342537,1,0.7007370993343023,32,0,0,0,0.4535478544979456
362.74491260487923,23,0.560488039478102,34,0,0,0,0.4890234537567318
85.2985168261969,0,0.06111357612834434,83,0,0,0,0.49455012519182256
23.310514044026306,8,0.655489623533001,33,0,0,0,0.43877947987234933
117.87165575866844,8,0.46692217756371523,64,0,0,0,0.41015575518780345
84.344679093635,12,0.469554713993533,48,0,0,0,0.40871980421853366
285.235294405623,7,0.3790221954662697,16,0,1,0,0.5644611422612483
345.8595575180076,20,0.9290709148417106,50,0,0,0,0.482100837755276
95.0273681886645,4,0.24945126695243236,114,0,1,0,0.5405957228457016
162.06201631969117,2,0.31659445340977965,23,0,1,0,0.5382493922181283
172.0845845666633,20,0.9630407827356227,26,1,0,0,0.5254954988543548
128.37139712820186,3,0.810153735276698,109,0,0,0,0.48240669919065704
110.92516556314443,16,0.014086412162869988,54,0,0,0,0.46175030147468377
58.845844380320536,15,0.9061075998618738,44,0,0,0,0.4413647230486382
19.10872154385911,15,0.22664729883307033,105,0,0,0,0.46230248966926385
58.53044012966531,19,0.7059325391660635,37,2,0,0,0.5956057690184895
124.90021420332967,2,0.5530731073672155,9,1,1,1,0.619259467859955
32.66208415499281,5,0.536811883602784,94,0,0,0,0.44626693856553046
155.90584021813427,0,0.7179213233927192,13,0,0,0,0.47693524603069076
140.62418129417136,20,0.2071814718944397,112,0,0,0,0.46279792909858825
84.46705898569982,15,0.15902513076642655,60,0,1,0,0.5093933179111269
107.19881047570276,14,0.6519126067329519,106,1,0,0,0.4906539828522271
39.11333122917184,6,0.29057922890466226,80,0,0,0,0.43389650570743166
238.69759281889378,1,0.9739502076577609,110,0,0,0,0.531225052663866
235.91642294770548,9,0.4515118390746734,2,0,0,0,0.4714574924467141
46.426667821807406,14,0.11159702000696525,95,1,1,0,0.6041418830160886
47.75377211182138,5,0.6858151661720446,60,0,0,0,0.4289284408891306
59.24969975259351,1,0.30615929246613127,57,1,0,0,0.5190772827633044
198.78451750846892,23,0.1485874276214022,115,0,0,0,0.5106694875367905
171.69327318319617,23,0.42282336288992095,43,0,1,0,0.5585963891869739
273.38638151732596,16,0.9642222780872781,19,0,0,0,0.48061904014499285
294.27848924404515,0,0.41143057638713,11,0,0,0,0.4969347119569524
29.47769009375531,0,0.34733376573106345,78,0,0,0,0.4753250229770274
193.8096791872386,3,0.4445089620693041,47,0,0,0,0.4408189007228121
286.42945973402635,19,0.012115705599648363,89,0,0,0,0.5127040578693278
101.72061372118367,15,0.13310153859861407,63,0,0,0,0.43164142438124165
130.91563976792403,7,0.8496746181346078,7,0,0,0,0.4627405600828068
116.12458922073097,0,0.9780344120945137,79,0,0,0,0.49512872513704803
120.21062089106553,18,0.15794148560368138,94,1,0,0,0.5051796122405945
238.1368719464096,10,0.5355178183869084,31,0,0,0,0.42746284561071174
407.948954052595,16,0.9663334338056436,88,0,0,0,0.5251242548013437
332.95115147937383,9,0.15658137617896384,55,0,0,0,0.4659942605731923
87.84051353378513,11,0.18630961750245023,25,0,0,0,0.4389046792137486
162.43950660038462,8,0.9268163539283983,72,1,0,0,0.5087341532250647
67.66239768423137,6,0.7056876464523825,30,1,0,0,0.49533178174382303
73.97474222679148,11,0.15196668684216075,36,0,0,0,0.4309645218608217
126.51483816827265,14,0.39349267111860975,50,0,0,0,0.40615918136821133
72.23002566495421,7,0.05626994421471054,14,0,0,0,0.46403500821084154
81.95008071883194,16,0.4326715339176942,29,0,0,0,0.41906910839255973
159.61880278606537,4,0.777901494487037,27,0,0,0,0.443787648554987
191.88520783568063,13,0.5539720545861272,117,0,1,0,0.5373242681875467
188.2638247601909,1,0.6474421218162031,50,0,1,0,0.5438779695844757
189.59890332027044,15,0.3268201322002092,36,1,1,0,0.585791995183882
42.00513441339887,16,0.161395917744793,34,1,0,0,0.5182740460669455
69.01701522450576,2,0.01311667577348441,21,0,1,0,0.5913647168336689
137.29004223276021,22,0.8213123443293454,38,0,0,0,0.4461269360244926
277.6860190360915,0,0.6366545593457879,75,0,0,0,0.4848170004731742
556.7996653439668,17,0.22932124128768838,97,0,0,0,0.5683117621359544
167.23743361375315,17,0.41843396007729483,79,0,0,0,0.41438880442071535
222.60228489214197,3,0.8014432687281142,76,1,1,0,0.6019582122939432
37.36076711041542,14,0.5387001860913857,88,0,0,0,0.4243262286490835
218.46486293653265,18,0.3001598764459783,50,0,1,0,0.5146660316516299
463.1446764701045,18,0.2671845171706855,37,1,0,0,0.5920305615304726
68.79284354883153,9,0.2176140244488256,75,1,1,0,0.589897466679117
84.24807179996529,4,0.8237298801341698,117,0,0,0,0.4770533879193728
243.2726727907516,18,0.5818603506846625,19,1,0,0,0.5097010436557531
135.9726642744211,10,0.7091571657014643,118,1,0,0,0.5212452516492847
17.104701324595137,6,0.8601204413974134,1,0,0,0,0.5094895542196869
88.61315184471249,4,0.9868617025302162,81,1,0,0,0.5207364883238603
344.91141710211735,19,0.24948358653078195,40,0,0,0,0.4786130314529392
106.54754990133334,11,0.18090248745791293,55,0,0,0,0.4231510320999249
106.47666137919943,18,0.46199834279394847,80,0,0,0,0.41484631919150383
232.7541045826664,14,0.0350712794785325,26,0,0,0,0.4709971656246861
171.6275243904276,11,0.7917178815635283,43,0,0,0,0.42784271889084075
101.95955986005119,3,0.8837599988343822,59,0,0,0,0.4465308646827734
79.5706678218492,11,0.6860396987480284,51,0,0,0,0.4165711160238767
728.7051622891565,17,0.26799502456360935,107,0,1,1,0.6541761375624062
307.62163886386594,16,0.12315547398879056,15,0,0,0,0.4775400287355611
189.54890186032998,18,0.38214418791988836,8,0,0,0,0.45013538492690275
198.2174109856567,15,0.8333356205052533,94,2,0,0,0.611305535921803
120.7916419759995,10,0.34782780378611466,14,0,0,0,0.4354851130671346
170.14428380142604,1,0.03425457362663997,97,0,0,0,0.5059887018417804
110.98008783483303,15,0.2742803762251319,106,0,0,0,0.4367874696862288
63.31444555534652,0,0.9899456100757232,7,0,0,0,0.5361119163586746
175.00171330269416,16,0.6766687556658832,18,0,1,0,0.5187944192038803
103.50274739165417,17,0.9008548299771278,12,0,0,0,0.44992542688926845
181.59677681866492,12,0.7748652675011075,2,1,1,1,0.6213273129796889
206.34198067847822,4,0.5397055153266307,50,1,0,0,0.49781783663952006
188.47575775078198,23,0.1486888723949803,93,0,0,0,0.48614813389549
58.7173411447531,5,0.34864447835571766,21,0,0,0,0.45306873352522764
94.70621441282434,0,0.5837402252742222,7,0,0,0,0.4958991862810424
105.11968498133254,9,0.870632348731992,116,0,0,0,0.47187682763699834
261.6403242287016,4,0.26867504586489965,91,1,0,0,0.5233288753775746
252.46397134909532,0,0.12122686934022953,12,0,0,0,0.5122458264056211
72.65501836477297,22,0.5588323175548174,84,0,0,0,0.44112125184711143
41.01635282355859,10,0.17650122251805567,57,0,0,0,0.4345990239572366
573.8011551448735,23,0.6103617693219067,78,0,0,0,0.5659865824802884
183.23428150515747,23,0.263521442483732,74,1,0,0,0.5238332210802208
35.661904082530036,6,0.23096300430062466,105,0,0,0,0.4643065628458323
83.09613021457147,17,0.3991807649888911,23,0,0,0,0.42569639016241806
269.0861512249759,20,0.5931917575579458,30,1,0,0,0.5148297682397498
486.2418623772052,19,0.545317672949313,111,0,0,0,0.5545616090826294
434.9441210765308,20,0.24473447723498054,58,0,0,0,0.5110420026390411
177.75623085861272,9,0.8911166744533762,95,0,0,0,0.45801327911904294
133.68225808508728,14,0.10988196973520103,52,0,0,0,0.42966979228544944
53.63942825402161,3,0.0394675630743353,56,0,0,0,0.46570684871388035
142.3803036393188,15,0.6027062694061975,10,0,0,0,0.42877866691985855
60.592255000847814,14,0.12340716806547647,19,0,0,0,0.4513044902244379
95.4701017211657,14,0.5048908142789611,19,0,0,0,0.4226466385881146
243.09741157226225,11,0.9517732844096326,108,0,0,0,0.4988356868708377
110.54009855095012,7,0.6985802714527901,87,1,0,0,0.48559910510495163
104.71592379468308,7,0.6174565803977604,59,1,0,0,0.47632668362283925
128.21514578556938,17,0.5748052248722807,44,0,0,0,0.4082112587331633
628.4834517332049,5,0.17953925219959277,105,2,0,1,0.6961343810415094
48.30685561352594,4,0.43264782462810436,59,0,0,0,0.43547299353423424
164.46824404545583,1,0.3425235073667625,96,0,0,0,0.4694418875631959
409.9190815274673,11,0.9530743222220627,84,0,0,0,0.5200402553335542
127.92195995471191,3,0.242320231370725,4,0,0,0,0.46635161164348504
303.8304420318142,22,0.4715163713960514,97,0,0,0,0.4804717198605259
38.223453374216746,12,0.9380793632762501,112,0,0,0,0.4816420414057623
113.44908628269671,16,0.789180652439315,65,0,0,0,0.41564628461156283
66.59875603914956,15,0.9645152392844231,13,0,1,0,0.5620597549918123
126.8795650488652,8,0.608330255146991,67,1,0,0,0.4779364644157007
128.95927574505382,0,0.33378685474593406,12,0,0,0,0.47978303821921026
139.41612095175984,14,0.826649775464059,93,0,1,0,0.5209246399311674
241.55618470946803,11,0.2914562713733706,55,0,0,0,0.4280183182119197
9.86821947433658,4,0.16477280191188592,61,0,0,0,0.46124175396172634
79.97666682374957,22,0.7062888140390073,95,0,0,0,0.45626731815403215
156.3666876401359,23,0.6389556635343594,41,0,0,0,0.4429462265728779
18.262680769005794,17,0.8789489025953954,36,1,0,0,0.5418571214934425
208.1242071503041,19,0.9619247578160507,2,1,0,0,0.5604520216737799
78.68750783332767,1,0.8571975872245541,22,0,0,0,0.4710126976433839
115.16920572115771,3,0.06002179758827075,22,0,0,0,0.4696925797106614
249.09815871847223,14,0.6645134329822682,41,0,0,0,0.4304566840664684
313.098957925339,5,0.7847324128640457,95,0,0,0,0.4708114861523561
212.57645615138333,21,0.9819287243501765,116,0,1,0,0.5954172066573542
46.96946758997164,11,0.3746612995126337,109,0,0,0,0.44608908004597736
205.2307706990042,17,0.16988158727114788,14,0,0,0,0.4523105928037371
214.95584742378787,19,0.8529330617972212,93,0,0,0,0.4507009710077673
186.3566506948304,3,0.31746674363255534,35,0,0,0,0.44143782359864264
347.2893743617377,0,0.5982018957938589,50,1,1,1,0.6511847118680109
142.17964624321925,14,0.38989476421299984,9,0,0,0,0.43367985393096653
338.49542393882746,17,0.4023262567586612,111,0,0,0,0.4951135842756539
337.13470033112566,13,0.7324644791774516,118,0,0,0,0.5054099924496094
219.18114641375692,2,0.36147512533993864,96,0,0,0,0.4655220459992002
166.36891517255438,14,0.693075112970487,59,1,0,0,0.4734167073994262
187.11999227446705,4,0.014328455452302102,56,0,0,0,0.46880215196550296
397.24196227762974,23,0.324647390003876,91,0,0,0,0.5284769281991885
277.44440685337906,21,0.31904403135366266,10,0,1,0,0.590299068393714
52.5978056307908,2,0.748835285896717,25,0,0,0,0.46266535344215387
178.79823528543767,21,0.31455711602562786,113,1,0,0,0.5275850075812343
63.551890222889966,6,0.633327132365083,45,1,0,0,0.49331731753961633
76.68869195273021,5,0.6885244021078648,97,0,1,0,0.524785340804088
98.61138812994349,21,0.6584255441971152,11,0,0,0,0.44699277640015744
34.47697472603666,0,0.6032936810486645,101,0,0,0,0.4909368124862197
59.83781942709895,18,0.4136168493493947,9,0,0,0,0.44566721057409175
359.845501733457,6,0.37330497768381043,7,1,0,0,0.5624038545020928
76.27901507300946,3,0.5645840583758897,71,0,0,0,0.43532164774878374
242.49278610224738,11,0.06370310248432631,34,0,0,0,0.4586110045179232
151.8799034067462,19,0.8758198420515261,83,2,1,1,0.6706672735747636
199.02385053086593,22,0.8253151430303431,20,0,0,0,0.46437239166130023
205.01520945996793,17,0.34638471703718965,114,0,0,0,0.4512342254374963
57.41389615394895,8,0.5668191233856312,106,0,0,0,0.43623699248797704
241.51679180236127,18,0.9322276981844633,89,0,0,0,0.46349373930096205
42.251355060148434,21,0.2716367974120967,5,0,1,0,0.5916432895919103
73.54109650797129,3,0.7424552676948534,112,1,0,0,0.5311705387575305
202.93075554554787,0,0.08273180732100516,93,0,0,0,0.5054656496297746
53.940613321043074,8,0.523372147470971,55,0,0,0,0.41328190283197946
16.0009547354043,14,0.8839691294472977,91,0,0,0,0.46826376541503045
172.80328001379345,21,0.5517092841490735,89,1,0,0,0.5016786152698975
28.22352103493174,7,0.6162528268371014,101,0,0,0,0.45388578021257825
216.493422669068,14,0.9076392933095441,15,0,1,0,0.5468526466566102
104.50780390632889,14,0.7153606400498028,118,1,1,0,0.6038133291976937
171.01801135914658,17,0.6958696802242655,48,0,0,0,0.4127596708455261
168.7237639421321,6,0.5863840220928984,4,1,0,0,0.5179321513408303
227.76168526297707,21,0.6329886141924184,78,0,0,0,0.4341328848561304
207.1192807900029,17,0.8037054240166173,113,0,0,0,0.45164355456038047
53.48271022465723,15,0.9792330832972443,81,0,0,0,0.4620850673818946
109.68011103985454,1,0.7953253540081879,21,0,0,0,0.46105564156851664
170.8719824191047,3,0.7075368316269962,80,0,0,0,0.441551554507963
342.5298287401119,19,0.13554488361151484,90,0,0,0,0.5066860226018822
208.45215814559853,15,0.8170803874416932,9,0,0,0,0.44780751409543595
323.06656917643176,2,0.735994367398703,66,0,0,0,0.4773739576658607
177.4054625079424,23,0.7704321954012339,107,0,0,0,0.48490297896219
280.7292450063575,22,0.23109647824331192,79,0,0,0,0.4795349729085411
160.77483930855396,1,0.9034436965409277,35,1,0,0,0.5244662751028552
273.01496172015493,2,0.09728136834686218,88,0,0,0,0.4981650016479684
100.23294607179497,4,0.25361205569194656,112,0,0,0,0.4582680926189668
368.7527516788459,1,0.6630234383244017,117,0,0,0,0.5476774833114101
191.90877566658577,18,0.6737144638310152,51,0,1,0,0.5109344628686463
34.74008778066284,23,0.31332456630082484,118,0,0,0,0.5038375004451682
175.02246781588315,19,0.7015197771118148,102,0,0,0,0.4380279443089371
208.93082587635922,1,0.38793053765487207,78,0,0,0,0.45271762242005376
247.24868273803207,1,0.00017551585792330293,101,0,0,0,0.5402410192077931
454.11764762406216,21,0.16260613228738352,37,0,0,0,0.5448790077123395
87.62393735561378,23,0.8826182752181744,6,1,0,0,0.5699380427326148
456.0913300904551,22,0.22269401172941883,82,0,0,0,0.5554654561685154
133.71538500945073,19,0.11291033885887591,86,0,0,0,0.4604257912857339
70.41133903365875,17,0.6822006059331945,82,1,0,0,0.48427281903088243
89.22941202484472,19,0.4407064424097361,51,0,0,0,0.4150178064094647
200.32565726780285,20,0.7965909363976443,66,0,0,0,0.43319060389796066
61.54539462768308,13,0.8614449345657882,96,1,0,0,0.49976586423593267
101.62918929256546,14,0.8459888773872315,17,0,0,0,0.43628158344656265
171.90711825322737,11,0.3130092191968933,65,1,0,0,0.4867728400228315
366.87306420456,10,0.5055459379681642,9,2,0,1,0.6205774648488047
242.4082761673428,10,0.6501417346469641,13,0,0,0,0.4520477948866015
137.87819213046717,6,0.32198308728412395,100,0,0,0,0.43490352024703804
199.68397960649793,11,0.04109931535301814,101,0,1,0,0.5441537555038548
159.8421776108244,15,0.4956643822969191,58,0,0,0,0.40128329649817635
46.28619685836311,4,0.01281833346559369,30,0,0,0,0.4879845415453616
409.2327470203279,1,0.9506456247259472,31,0,0,0,0.5501788040587243
370.7110178559593,21,0.7966836460730264,23,1,1,1,0.654737252309243
125.84095334188994,15,0.19200977652359452,63,0,0,0,0.4249918208692686
91.91458067400032,22,0.2875717488919284,114,0,1,0,0.5588995258450709
47.33463702524054,14,0.9828385480194383,28,0,0,0,0.4645761572923827
208.5413799537347,10,0.3735485541413044,59,1,0,0,0.48597197597816477
209.49166774643473,5,0.7837223574338923,10,0,0,0,0.45987229627322546
66.32104888807979,12,0.44681546841925435,89,1,0,0,0.4776546319745112
161.22650407038745,18,0.8640959241006102,100,1,0,0,0.5151476172200707
237.27085199868685,9,0.703753508161509,90,0,0,0,0.43319177556284355
86.79258988997235,23,0.02291005989115935,26,0,0,0,0.4967788831485222
114.05425691653014,18,0.2943898859392372,109,1,0,0,0.5049063608295973
113.18232323332097,4,0.5579923148934525,77,0,0,0,0.4235444382639182
70.13544513011105,20,0.9261740440697538,17,1,0,0,0.5418411114009981
115.89680751414178,6,0.10202989464149037,40,0,0,0,0.4371485894508066
28.82138563230447,10,0.601162537711067,68,0,0,0,0.43214608285288464
108.5866974374457,13,0.30217673141265755,23,0,1,0,0.5077618471183438
109.91448640609639,22,0.8893277820194403,35,0,0,0,0.4502082520863249
127.0555418686,20,0.7651696096585132,75,1,0,0,0.5000390332806096
189.2324864869514,15,0.36970272200928533,76,0,0,0,0.41252754250654344
43.674655654937055,17,0.16710316390861368,9,0,0,0,0.4694269031002199
52.070692319818484,20,0.011497972397297773,79,0,1,0,0.5726548439352307
68.57121329497161,22,0.6211344506719487,45,0,0,0,0.44136502752190576
39.27151890446619,22,0.4061238076312438,37,0,0,0,0.4561334678256554
204.71283719342898,3,0.3147564928607691,69,1,0,0,0.5069783227555321
83.65128905643303,0,0.9855022916368356,19,0,0,0,0.5101753487875722
130.1125963634854,21,0.46614213556031514,75,0,0,0,0.4258770058348667
63.501821518087155,14,0.7498392836454242,73,0,0,0,0.42498769629219213
99.53308371560013,13,0.17741241725123624,99,0,0,0,0.436821477478446
166.91197219116538,18,0.013455257741813775,114,0,0,0,0.5105678676132469
172.8216932753495,4,0.417562619448016,27,0,0,0,0.43939570061165645
54.19523897969552,3,0.6656648349426617,13,0,0,0,0.4714952169588553
125.1810604904017,12,0.5065986961834594,57,0,0,0,0.40003624946690725
64.47501265921883,17,0.890466257624391,60,0,0,0,0.43673792027192404
121.63372833667141,11,0.4339793511871648,12,0,0,0,0.43750063430885144
77.87556301206729,22,0.3110028131530912,9,0,0,0,0.46176885597898015
426.2772941000134,20,0.9160486762076435,106,0,0,0,0.5434653986158623
236.3329441046273,14,0.4068022786343809,92,1,1,0,0.583588253142362
178.2800704242827,22,0.26964786163961163,77,0,0,0,0.45420210262304006
106.55462379500649,8,0.0976610768100804,84,1,0,0,0.509951620181487
241.05418852055476,3,0.7933097732158209,116,1,0,0,0.5650589580606505
127.99392735732404,4,0.8250914607978431,77,1,0,0,0.49320923543074285
398.1296674532931,8,0.03329778356517199,27,0,0,0,0.5331870370016755
257.71552680481403,12,0.35864559840152477,90,0,0,0,0.43322894684213076
98.94972265659476,9,0.7498764545979597,63,0,0,0,0.42331117244399113
368.64601252607736,15,0.9463818474880539,93,0,1,0,0.6073081258147274
106.99016654539255,12,0.377818283844905,29,0,1,0,0.49887837668425417
442.52315433914293,3,0.8720534313794935,22,0,0,0,0.5408166975544064
381.62720531292496,20,0.3937204065321951,73,0,0,0,0.47955429316633685
166.25509728195306,12,0.17949462724264809,88,0,0,0,0.43246318139994
30.027291192225313,20,0.0034461437768696923,106,0,0,0,0.5236387875861679
156.99830719389996,7,0.3301810231528798,19,0,1,0,0.5200961047435076
49.08066299414044,12,0.37847505072737153,38,0,1,0,0.5141494812672727
79.8903888836345,14,0.9451175288873361,95,0,1,0,0.5512903907708223
85.04409706649605,19,0.20607025242062282,39,1,1,0,0.5970535914647205
48.68070374256973,19,0.3822307080175047,15,0,0,0,0.4512045381532036
157.4324003123592,12,0.025154129823113158,54,0,0,0,0.4509921228104946
72.08195481507721,22,0.7635397350913864,32,0,1,0,0.5455865681794628
110.91384581076781,4,0.9151412362549867,115,0,0,0,0.4901254451574518
85.65074522934276,21,0.23782064727649188,110,0,0,0,0.46955819963228823
189.811561463249,21,0.4289951106401645,112,2,1,1,0.6740208909884206
180.14295367329356,5,0.12211262136599399,46,0,0,0,0.44821603028738555
104.00263909382576,4,0.45683543031289076,61,0,0,0,0.42852389266331786
196.54757572474796,12,0.1333424636440954,93,0,0,0,0.44757935905525154
304.7993096047289,4,0.5233484944191521,52,0,0,0,0.45071030911222226
13.074176763979581,12,0.7346220404322331,34,0,0,0,0.45387573846802326
81.60976799713104,23,0.5533427748141682,73,0,0,0,0.45053957492655694
58.11411735485617,19,0.24521957838737596,35,0,0,0,0.435922243031495
75.5733703182776,22,0.3537959854689051,70,0,0,0,0.44596104513829393
10.026689589554639,7,0.6385727377056324,37,1,1,0,0.6084011414911907
12.348515033506676,8,0.5897554177893252,78,0,0,0,0.44683768063966134
88.09447252555502,20,0.13677478812133348,61,0,1,0,0.5335436572610137
86.03318783623916,18,0.8449494735661027,111,0,0,0,0.45604701388694946
334.26143804912454,19,0.4751889122470154,114,0,0,0,0.502713723897453
148.46087242508972,14,0.16236922452639302,49,0,0,0,0.4168364552023851
193.01743700377048,21,0.12282654257472925,9,0,0,0,0.47257991583470244
1088.818614761231,9,0.9655517746451302,19,0,0,1,0.6313583262579288
402.5557647345198,10,0.281535111173546,87,0,0,0,0.5023871577959252
128.68786887177802,4,0.9085935879163759,105,0,0,0,0.4753973673142053
94.14252881906334,8,0.4105852987689389,28,0,0,0,0.4236323184778284
82.7155002826133,10,0.3859214304531903,80,1,0,0,0.4733047398215095
170.34232063660752,18,0.700928969649432,26,0,0,0,0.42287635381447825
94.80264183711816,1,0.009883287775461436,38,0,0,0,0.5038918115272546
47.362915137512374,5,0.3380895216303905,40,0,0,0,0.4392002847321189
85.33428360064102,22,0.3026457121918089,25,0,1,0,0.5522599623178833
173.8863433411413,20,0.8680980942840464,99,0,0,0,0.45598673468896855
217.4028221222997,0,0.5291235390207832,118,0,0,0,0.5084106675651939
429.8852514332493,2,0.3645701572242519,69,0,0,0,0.522908098196277
143.7203296601332,2,0.2660793102997181,71,0,0,0,0.44066637574906586
316.945746656856,13,0.5905098088106291,23,1,0,0,0.5265450940862899
114.21899861899456,19,0.15167314054336467,89,2,0,1,0.6117851127377013
126.81326986010846,21,0.2462047685087816,65,1,0,0,0.5172526187692754
121.6858907794038,4,0.29361216506474974,22,1,1,0,0.6071673162096601
156.76091397664163,16,0.607908947606941,64,0,1,0,0.504956310484572
244.750955308259,14,0.37325495901647543,117,0,1,0,0.5442043816052369
91.60222013226903,5,0.5057833001200495,68,2,0,0,0.6041945543955891
60.96574383901276,13,0.6504382637665866,58,0,1,0,0.5118156065442665
258.33321239031864,13,0.9562716008076872,28,0,0,0,0.466760784596829
245.81966657990844,16,0.7648373971027523,112,0,0,0,0.46199254248324445
350.59392753029437,7,0.4052567805721077,78,0,0,0,0.45905371781402515
80.17661079826055,7,0.7482753743972568,97,0,0,0,0.43561008545612
111.00302533048668,18,0.9496941809192125,68,1,0,0,0.518039766983482
265.0143363435225,8,0.4993805456541248,106,0,0,0,0.45861045616796015
90.72404922978764,10,0.4104969331228897,75,0,0,0,0.41333424963009974
211.02385312173382,12,0.07801869900073655,103,0,0,0,0.46927738542078923
114.61016122312236,12,0.8923703706508622,96,1,0,0,0.4998517623357849
169.68024755268615,23,0.2464342807936556,4,0,0,0,0.4940056374773951
46.45590781865987,18,0.06395789681913955,1,1,0,0,0.5717368839335691
142.3287647155212,20,0.5372034865910831,26,1,1,0,0.6017075984386205
300.6981857230927,18,0.8458996459615251,33,1,0,0,0.5414434687321916
230.8182648993847,4,0.40663505562305247,81,0,0,0,0.42733995036674793
57.38042079240849,15,0.7830674701590162,27,0,0,0,0.42837441684980043
407.46577065742457,8,0.8363960072839958,42,0,1,0,0.5983132950385217
288.3711466180757,19,0.4544035588198637,69,0,0,0,0.44284713788934416
48.605260027484164,21,0.5909550659404736,71,0,0,0,0.434070950908439
85.82283391152224,2,0.5339122985389401,64,0,1,0,0.5300133834167358
51.2739464498828,18,0.9391958616345015,25,0,0,0,0.46218149481187276
173.15401376132908,4,0.7255056850917613,72,0,0,0,0.43099857831386446
82.67655914701463,7,0.925342810770113,98,0,0,0,0.4525634868124667
17.30032041900358,13,0.22000997806197187,105,1,0,0,0.524961504286632
126.36971436632291,23,0.31023685183267047,4,0,0,0,0.4791068589854591
251.34462741847773,2,0.07091347318006769,12,0,0,0,0.5021458568289876
144.55648881262346,23,0.4999079566958077,58,0,0,0,0.4340678405427348
197.7085978052155,12,0.8739236793859108,95,0,1,0,0.5288026712242111
155.0526204269214,10,0.3268466971307157,11,0,0,0,0.44299050786944755
224.1946591791995,7,0.1282821069493315,101,0,0,0,0.4613977737910348
165.4307938373792,18,0.06844625492905299,108,0,0,0,0.4861656067116498
121.05730140020263,9,0.44750027252365454,59,2,0,0,0.5925825932216121
143.21114970084622,17,0.1640217446287633,117,1,0,0,0.5328125739380145
359.26725762616866,17,0.3461040288851035,36,0,0,0,0.4803500996694773
205.6887631038856,6,0.8199798080824369,109,0,0,0,0.4682771986624707
57.203876514952285,15,0.38404738275752437,22,1,0,0,0.509021814042691
141.4966405584232,5,0.6098709182563558,65,0,0,0,0.41554286030547877
170.91054574413025,15,0.5021600558228149,50,0,0,0,0.4018842849347159
117.93246805438322,15,0.7185332929700363,4,0,0,0,0.44983047382876024
17.41831188263143,22,0.15616495898756877,100,0,0,0,0.5003503550330225
62.75170688745896,23,0.9204410364836187,72,0,0,0,0.4798823556001782
95.01580125813247,0,0.6436327975500353,89,0,0,0,0.4690054195837257
438.75397807200505,23,0.27095373158010727,92,0,0,0,0.5653105117747058
190.09396268738539,18,0.12325370813805903,52,0,0,0,0.4388145867378724
28.870304355231582,2,0.14972556414619032,102,0,0,0,0.4940807099548663
123.89455140722151,5,0.7826629268961081,100,0,1,0,0.5281362820928609
322.4825096779948,3,0.588110053312958,100,0,0,0,0.5017416249561055
81.68561492984739,3,0.38075829071818335,43,0,0,0,0.43667339766006913
271.8990795836679,3,0.33290084618688,105,1,0,0,0.5405800826552873
29.92405511631576,9,0.8557580044005302,46,0,0,0,0.44731735462522043
2.587846030985582,8,0.874762523781461,4,0,0,0,0.510049311305239
299.6811183377775,7,0.5812620384192929,13,0,0,0,0.46260161781487497
90.99069189121168,18,0.5245440656650363,38,0,0,0,0.41393301947977107
97.09777083457885,16,0.8164480420765715,45,0,0,0,0.4199327164135489
153.9830426899494,16,0.7493351797943753,25,2,0,0,0.5962373666434976
185.31776263142865,0,0.40032518332778844,67,2,0,1,0.6212289844028007
6.092948635750194,19,0.082738684750857,55,0,0,0,0.4770148635376951
76.24956263767194,13,0.7685001073627779,96,0,0,0,0.4337469223821091
139.51844555558094,21,0.16870102894024375,39,0,0,0,0.4426090003055254
185.016138358036,19,0.016376906478478337,65,0,0,0,0.4832237399794119
56.570900424836886,10,0.8433026752039908,75,0,1,0,0.5233431750740167
113.11272219001735,2,0.5782538453367186,2,0,1,0,0.5664216368089094
81.46738181317089,23,0.8916660355357584,69,1,0,0,0.5304111825721837
157.85678767008233,7,0.48458808319761804,86,0,0,0,0.41400284574945656
292.441235562105,21,0.926481100711403,62,0,0,0,0.4677732884543835
101.5329615326683,9,0.35397174797886377,46,0,0,0,0.41299813297146265
35.917344756963665,16,0.7245220023342929,77,0,0,0,0.4309631526117945
72.66458599737628,7,0.3009865092617835,112,0,0,0,0.44981603829672673
404.76901374446254,21,0.0011636643279784309,87,0,0,0,0.5807836766927446
62.977746355832224,0,0.37974453454895674,111,1,0,0,0.5368339199788328
43.726271690649696,19,0.7377655131092388,31,0,0,0,0.4447883863357652
96.50044515791649,20,0.15002417944651392,99,0,0,0,0.45875825787585556
123.9190736158826,6,0.504802033207393,102,0,0,0,0.4317569515939902
85.79554977823375,23,0.212321484850715,105,1,0,0,0.5430672165585804
30.110411561503877,8,0.0746241214191029,35,0,0,0,0.45663990478772615
169.38159732390625,11,0.6174519819443163,45,0,0,0,0.4236278503112944
157.97791739844254,21,0.951967622303403,77,0,0,0,0.4618836671649937
218.4367490467584,8,0.3107042187179171,54,0,0,0,0.41493721234167064
155.34042304237138,19,0.5806458003599504,71,0,0,0,0.4143630036743898
382.85648503782164,23,0.9536033677507945,69,0,0,0,0.5310401328725513
230.4831198476526,2,0.6504833499946875,29,0,0,0,0.46373816146944524
198.99537120628258,3,0.6731133023099543,72,0,0,0,0.4443782542521604
299.7289521325997,9,0.1789285115608359,8,0,0,0,0.4904830332105155
148.36134195352005,3,0.4926096788528267,54,2,0,0,0.6066824309119875
115.04556514337074,21,0.36708274708724664,7,0,0,0,0.45738949561585696
167.98091318709467,8,0.47095685239103,83,0,0,0,0.41397728867500033
16.292272103581876,21,0.8008265764418772,103,0,0,0,0.4869780465473169
148.71962600024696,0,0.4606989877460983,23,0,0,0,0.4737276844989017
123.81367690292922,4,0.06285067825783508,100,0,0,0,0.472346433247261
181.5352985099134,8,0.905541661150863,106,0,0,0,0.46812232417280963
272.4551432557144,4,0.5448158874519706,32,0,0,0,0.4539924047795403
203.13822999188062,5,0.9244943585302919,62,2,0,1,0.6210421575702106
72.8403353268948,18,0.5723545120276244,45,0,0,0,0.4170439377982109
242.6513855710601,7,0.06963631597506059,68,0,0,0,0.4537517287923328
386.5454674176631,9,0.5528693935257712,30,0,0,0,0.4847269223556577
277.2874492316471,10,0.5757389324926806,115,2,1,1,0.6825822846073011
39.407698763566586,12,0.2143398793429756,106,0,1,0,0.5368770909336288
201.61677464400583,19,0.4710290841043767,39,0,0,0,0.42483355175982235
45.73895903361696,3,0.45944151187365134,5,0,0,0,0.48737898834058097
106.17658188667082,10,0.6228761490206036,67,1,0,0,0.47292494964647147
177.67674551699992,11,0.2596140986739204,22,0,0,0,0.4467620067864543
161.02828752062945,4,0.5817484179481938,28,0,0,0,0.4394207590449437
273.61804766118263,9,0.2409520426369428,22,0,0,0,0.46166751321904903
387.7912222191384,23,0.4464452722039066,86,0,0,0,0.5018405920999662
190.77132650928408,6,0.12270569933730702,98,0,0,0,0.4635578902795402
99.66915424377046,20,0.037300547861478184,29,0,0,0,0.46536406903574623
17.377168199229676,8,0.3205873059917339,43,0,0,0,0.43874010107416
321.0898911777445,8,0.2745717506497415,42,0,0,0,0.4599249174844539
124.32797831584791,9,0.4069359120313467,60,0,0,0,0.41410969251045787
129.4905735120272,9,0.9619826200003397,119,1,0,0,0.5546758474358651
137.64712980463503,1,0.5222292947703284,77,0,1,0,0.5333530217340336
184.51928872548362,3,0.5531767061367565,71,0,1,0,0.5184562250386219
188.45492187345982,7,0.9416010387873742,74,0,0,0,0.4564946267504575
107.5576596548624,13,0.9211471375918331,92,0,0,0,0.44274413317411926
123.35854285056071,16,0.8841119539004179,68,0,0,0,0.42225070994541547
80.26199049127568,12,0.09799474202971303,59,1,0,0,0.5074643467527298
72.78973342840604,20,0.6342974105203304,96,0,0,0,0.4380936772934634
72.47643226224642,23,0.8080989804935118,86,0,0,0,0.4688763444848993
122.22733463425658,17,0.8355746895770949,84,1,0,0,0.489427623464514
60.51317789980185,17,0.5779071425018961,112,0,0,0,0.4391169547461737
2.0688388100361745,12,0.017495547486169105,84,0,0,0,0.4948207161731211
98.24746124276285,7,0.9737129016417351,6,1,0,0,0.5513487738199186
42.016410113158074,11,0.4721967027581214,73,0,1,0,0.5163922430861017
144.9552031775107,22,0.3935958952735982,28,0,0,0,0.43898226098998155
79.99113177853572,23,0.39494871367726303,77,0,1,0,0.5518136330665281
186.17902806149203,20,0.4241508800582665,31,0,0,0,0.42464122814299965
46.1155821641986,0,0.242180718172753,39,0,1,0,0.547967243803738
21.90376544946147,19,0.3273336257498298,50,0,0,0,0.44284788410251685
123.60097677642848,17,0.9853576097747392,78,0,0,0,0.4564193330515973
94.821358774308,2,0.3681680002560942,86,0,0,0,0.4475649218107487
38.318514202932946,11,0.526725016473789,37,0,0,0,0.4280065613290623
230.61292391938647,18,0.8482942659752185,118,0,1,0,0.5661867967491762
54.29944349332398,12,0.5274278111088635,109,0,0,0,0.438709710667998
69.74201568670361,9,0.3244534216181676,88,0,0,0,0.42631557146525684
261.5587032578355,14,0.5237509769185301,72,0,0,0,0.42110047378984067
193.99174027222716,19,0.11408631043909745,15,0,1,0,0.5540465965349484
48.7436699864407,1,0.13000695523276984,51,0,0,0,0.46678657403928325
102.0044038691264,18,0.6941075322306689,105,0,0,0,0.4349476618741617
43.990101774542616,2,0.9174606572597457,70,0,0,0,0.47933596386543914
248.57080783847653,13,0.7256781334885183,23,0,0,0,0.44177970004377237
248.4544609035836,6,0.0746132406573572,25,1,0,0,0.5398692096973506
425.61937324573955,7,0.4028956110310057,95,1,0,0,0.5682350922833285
535.0677719177675,10,0.0025535882680637334,46,1,0,1,0.6257568956730372
79.17563952865046,21,0.5112067433256329,93,0,0,0,0.44011604271888183
221.3183645669394,19,0.19320448488185138,23,0,0,0,0.4561080946164598
18.082223198430867,5,0.8681466487286567,10,1,0,0,0.5629322777053953
153.38715311703461,10,0.1043350528690824,73,1,0,0,0.5099681281515938
182.27658421752292,16,0.0014333986470304039,113,0,0,0,0.5128369525461673
57.18050198436004,9,0.4511460431137604,77,2,0,0,0.6041249547500118
74.9233785059609,23,0.15543330392573917,32,0,0,0,0.4660012689667132
249.62058891026484,16,0.7379863822751617,113,0,0,0,0.46263347042154646
185.57598581177942,20,0.919934731781395,51,0,0,0,0.43835023657369027
390.28326605916266,1,0.04193801430256716,109,0,0,0,0.5670676185317098
360.6378164601583,5,0.3955821119160967,41,0,0,0,0.4845211661432608
24.98750190311455,4,0.9968149760709497,65,0,0,0,0.48808957576725154
86.17205654841703,3,0.7326719700006685,65,0,0,0,0.4338892908748857
51.625210982152,1,0.9531876437058071,101,0,0,0,0.5182360528786984
227.86596547593814,11,0.16408328521615556,40,0,0,0,0.43665447713940775
164.83850434220807,2,0.22136855949195355,18,0,0,0,0.45926259300102384
55.11743246257591,5,0.15481124059682594,36,1,0,0,0.5217470055973626
63.60124481135698,23,0.30236903377593827,31,0,0,0,0.46043286462421373
308.5132040784807,13,0.7243840683290519,54,1,1,0,0.6091539324365758
94.66159831998203,7,0.1649466607581882,63,0,0,0,0.43023908165690117
14.465262131636107,20,0.5242340378832885,1,1,0,0,0.5649026730618452
50.4971791657309,20,0.26920991911439807,111,1,0,0,0.5263399865393108
444.1987667353598,13,0.8291957791369153,52,0,0,0,0.49580685944344827
266.7935934601274,2,0.006592405338939011,100,0,0,0,0.5393139181473233
41.185180307885894,15,0.2231149585386668,57,0,0,0,0.43025244101001114
153.33442499240397,14,0.605240757572182,9,1,0,0,0.5092969883144142
255.55273590285572,6,0.09671050197384257,86,0,0,0,0.46184074978045
24.584628502322964,14,0.4663122159459896,92,0,0,0,0.43446928036482413
275.29285263659045,12,0.43620729648236967,90,0,1,0,0.5344310871798454
184.30198021174195,5,0.8525230068217636,116,0,0,0,0.481155115455869
71.04263628243987,14,0.6253971931668133,74,0,0,0,0.4093100121279826
205.84450366677473,16,0.6397020621591026,56,0,0,0,0.4122219477048718
166.55846674468566,3,0.9518076017891659,47,1,0,0,0.5205835372350923
175.01882105146728,21,0.9823603753233751,3,0,0,0,0.506804430139604
149.22020927848956,21,0.6533947321528386,2,0,1,0,0.576143511060091
61.468074008667216,13,0.5220014501520542,54,0,0,0,0.4083381348749807
72.47320613672744,14,0.6079200584648798,37,0,0,0,0.4157284541137347
110.22231803746362,11,0.38244370505416037,56,0,0,0,0.4128233206553188
138.1411334825776,18,0.9874566169600774,31,0,0,0,0.4485073873682641
214.5409544939523,21,0.7050212594968588,97,0,0,0,0.45515082804003415
451.0990617232909,9,0.29100679437916466,96,1,0,0,0.5737152728815031
158.69387896116297,5,0.05776629897206842,107,0,1,0,0.5519337877471864
211.86792010038312,8,0.04472192915196782,12,1,0,0,0.541832876803894
246.6530551665471,1,0.20491298052653917,58,0,1,0,0.553019907910804
222.54020645512873,3,0.2329130542531116,67,1,0,0,0.512698508628687
59.323628429831075,8,0.4150454939539002,119,1,0,0,0.5362077693026789
328.0309197872599,14,0.21484601163625383,112,0,0,0,0.49694582424731426
294.3850740355716,12,0.6309104308617446,26,0,0,0,0.44192624335129616
147.68992289595397,19,0.21125473081058177,78,1,0,0,0.5023444218715507
62.66937832167707,7,0.18787653894114598,12,1,0,0,0.5331866930361895
136.45908372048086,18,0.4712369928003699,116,0,1,0,0.5464685957386606
28.34509876453163,18,0.8886685993238188,90,0,0,0,0.4652516430847819
356.6788310162518,15,0.4683054873786342,16,0,0,0,0.4637586323742849
78.44153777363604,10,0.413848744572167,53,0,1,0,0.5000465860914407
105.74239620840794,9,0.5780949074597088,72,0,1,0,0.49758245808694856
340.04928556523316,7,0.2572136787516285,49,1,0,0,0.5380884725535177
313.48052470263764,0,0.35343655449043443,49,1,0,0,0.5413624497667718
171.37982090654975,9,0.21383525566713057,92,0,0,0,0.4342952719325623
392.2242041571582,17,0.5718099946076837,7,0,0,0,0.5106178355775887
57.58138219125475,2,0.6973875615692153,15,1,0,0,0.5418194419680079
171.4444651083283,10,0.6736986409905719,105,1,0,0,0.5027604154968686
58.02989826830988,17,0.2548178179647618,36,2,1,1,0.66352297601612
282.402179965977,2,0.779648205747967,72,0,0,0,0.47167233518325896
275.7355994890303,7,0.25595366524993024,74,0,0,0,0.4443617773887671
410.4800255637207,13,0.15031155126776297,15,1,0,0,0.5721558575597265
133.30093998896763,5,0.34980874868719436,119,0,0,0,0.4622436181857615
485.65587865042437,14,0.597744089170883,62,0,0,0,0.5161413073985285
53.5908401788791,13,0.142001818804398,18,0,0,0,0.45148799832019154
127.84319118500626,6,0.6480871121084563,46,0,0,0,0.4183954484865339
55.4372649114043,9,0.863067996253491,101,0,0,0,0.4610245617387235
154.63282047405303,14,0.29314051025807053,105,0,0,0,0.429405604482838
60.06136036871503,9,0.4502066161151195,109,1,0,0,0.5095225582454495
282.9230302346212,21,0.22831042562517812,61,0,0,0,0.4675118765165272
188.67559515286035,16,0.3612617290703949,115,1,0,0,0.5149209714334525
49.35377179328754,18,0.021970570802507416,43,0,0,0,0.47871320447241206
239.46264886096355,16,0.9537693962128271,44,0,0,0,0.4604404629369091
374.1563106772932,11,0.4158902132121951,99,2,0,1,0.634880250880013
201.84557054607063,14,0.7888701098180803,66,0,0,0,0.4185579557199997
36.1699225190955,11,0.14264343735650964,55,0,0,0,0.43663918288176734
118.53204459724407,8,0.8123550441003988,86,0,1,0,0.5168084205818075
220.35935556032726,4,0.860147310962201,79,0,0,0,0.4463690237370763
109.80702811483292,3,0.7154771286876792,101,0,0,0,0.45559447127411984
52.940453134723874,11,0.9032083249834054,39,0,0,0,0.4372315307378322
304.9821679386543,15,0.16719712946813636,100,0,0,0,0.47560700695581254
106.06608360110393,8,0.47648182878862,5,0,0,0,0.44687260529367656
374.3090181672216,2,0.6201095320161573,57,0,0,0,0.4939503275968201
86.5626554044515,20,0.5961929706974873,112,0,0,0,0.4443023517321497
101.13273944018636,2,0.8610409345262982,15,1,0,0,0.5360444151838469
80.92718135389003,17,0.21569136797288568,91,0,0,0,0.43385852200475983
116.94813318051034,16,0.1756438325388664,16,0,1,0,0.5227170237982933
186.4712843199934,9,0.25337859485795144,57,0,0,0,0.41960678508353744
55.585970413659865,1,0.8915500494128707,100,0,0,0,0.49758884284212884
46.16803075991611,23,0.9410270826575747,102,0,0,0,0.5026873005027774
23.962776770657847,10,0.5696301042699973,82,0,0,0,0.43251058919199686
20.62634361018198,23,0.5013719345705198,99,0,0,0,0.4874077350523943
36.62088499865162,2,0.6053856080126564,25,0,0,0,0.4689348959100278
86.06158497508949,22,0.6163076498466941,22,1,0,0,0.5210046307078368
152.54671074010378,22,0.1703047049434958,31,0,0,0,0.4532317681808527
179.11923293922897,1,0.6864108816231302,101,0,0,0,0.47567384121493483
147.33293707644773,8,0.45235110234842557,34,0,0,0,0.4159649451325361
346.3332453008081,18,0.5173819588480452,87,1,0,0,0.5303929539412242
420.61827768372376,1,0.030316604335155484,16,0,0,0,0.5690933051080302
106.47220108895803,18,0.7645566325310303,70,0,0,0,0.42210014727808376
56.46569286134782,1,0.8354279612678818,59,1,0,0,0.5302360011946274
505.230637813855,14,0.6194215539345466,15,0,1,1,0.6319385419873166
297.9631175078061,23,0.7487236352966626,82,0,0,0,0.4769591988945396
283.2681929517936,20,0.5227060031721019,102,1,0,0,0.5234164302228884
83.15842746706548,2,0.6183533789785556,13,0,0,0,0.47173061802468186
243.58867177464975,4,0.3945716984632386,24,0,0,0,0.44861689682283384
148.2172758745599,10,0.7918742650625126,13,0,0,0,0.44780904658884074
125.83843941336282,23,0.4682709302644926,65,0,1,0,0.5556635380771321
125.67030329911829,6,0.6802129044188826,112,0,1,0,0.5268248332781337
192.66352837973113,5,0.6214293786195046,36,0,1,0,0.5288578453853863
353.83901200706254,13,0.7023145183857498,49,1,0,0,0.5196354489792525
532.4113513529069,0,0.7852158751252233,82,0,0,0,0.5767080970956271
95.77655673655849,16,0.5127134815929951,48,0,1,0,0.5046983486482242
154.55876027562675,16,0.8130659492556687,97,0,1,0,0.5175039843523548
123.38297164364931,13,0.497257237271609,102,0,1,0,0.5040378357762364
183.61952239095808,9,0.9566343228639368,43,0,1,0,0.5485737880027334
111.65082128026219,7,0.7526717486147942,6,0,0,0,0.45034716495088123
75.06842815982559,7,0.17114164974606416,81,0,0,0,0.43402414359710967
95.88606300412638,13,0.8295844713634313,68,1,0,0,0.4855761865351972
84.20563224103779,6,0.5515876608066341,14,0,0,0,0.44381150247937334
118.717758007336,5,0.9844609579738653,30,1,0,0,0.5120876296091693
39.431358575780436,3,0.7188190436735273,110,1,0,0,0.5433816781560127
85.57739144180312,0,0.08439074657019108,84,0,0,0,0.4916295739818514
182.32732204309886,14,0.3949604276103488,8,0,0,0,0.4444640437280254
181.35720238254632,14,0.5172754026732665,54,0,0,0,0.4013455805556092
161.15660331100187,0,0.8390136031598019,66,0,0,0,0.47713334985974815
333.5366073397228,19,0.7293455343297727,101,0,0,0,0.47957233288643875
187.55538167871353,2,0.3693600706116389,4,1,0,0,0.5445718518741588
326.29914691862734,22,0.653432687502629,74,0,0,0,0.4797479285249301
532.6674348412108,4,0.5769109078983793,84,1,0,0,0.5974943092442223
247.84240881164268,4,0.12605260895240689,60,0,0,0,0.45498303529375356
39.62963221871908,3,0.23485869299860052,53,0,0,0,0.44916198168781823
165.9072834979799,16,0.34112231271431437,99,0,0,0,0.42752590050210504
148.4304251558504,20,0.19548340636350292,112,0,0,0,0.4637903525832024
373.9073209226452,19,0.15013384583002554,74,1,0,0,0.5571748257753298
122.1451481324918,13,0.05819777013028704,92,0,0,0,0.46117135414771276
66.27886703555988,7,0.8731025656089301,15,0,0,0,0.4595548508696148
89.83608128005828,1,0.2889434179648537,100,1,0,0,0.5189251038183736
41.17514287089805,7,0.2903206039335662,1,0,1,0,0.5777418071016469
477.61392166075035,0,0.20622813743015544,22,0,0,0,0.5707577698859709
135.28641590646504,3,0.475397371863883,91,0,0,0,0.4335656591636312
45.2412181802366,18,0.5142419679223724,93,0,0,0,0.4347850213197882
396.3371390876197,4,0.20828135862508002,15,0,0,0,0.5244721331666713
440.95138772873827,4,0.6085703378636506,74,0,0,0,0.5100536256892869
152.26858035801737,20,0.7229999595937491,84,0,0,0,0.4265851882965888
37.44398737811134,19,0.37384008596545193,22,0,1,0,0.5482457343162114
91.68199740710135,23,0.5854516968574387,50,0,0,0,0.4457818148449029
112.00184124407605,18,0.5023019051644463,48,0,0,0,0.40739964456442324
138.80371989873214,11,0.19554839835610216,117,0,0,0,0.4644099312268964
51.053209976331786,19,0.7300109887745778,73,0,0,0,0.4340334342774105
261.96402714160416,0,0.8014530278240474,51,1,0,0,0.5453563614183272
12.6695012304467,6,0.6487931155871676,96,0,0,0,0.4643510493100383
291.48620709463455,16,0.3238960277710513,17,0,1,0,0.5559155325083631
333.88260472553793,1,0.9267924944093012,106,0,1,0,0.6082939654190387
99.39029357661789,10,0.4553583879951243,83,0,0,0,0.4183642652684981
126.8136709788919,6,0.26587848538509784,104,0,1,0,0.5152761493390109
362.03437155466963,16,0.4082346208219565,91,0,0,0,0.47018352192807317
214.47151961554354,2,0.6920750919082098,51,1,1,0,0.6103569007525077
102.33060926390358,21,0.8459317856592492,37,0,0,0,0.4341721380084089
112.48032460764153,5,0.3565754992828726,98,0,0,0,0.43390187316762713
193.4447716548502,21,0.2326244460093747,111,0,0,0,0.475955134787456
449.68923373494937,10,0.6264931318352048,49,0,0,0,0.5038004662266955
115.298042998966,17,0.9212151001062855,59,0,1,0,0.5174607324253299
99.78457084459373,17,0.1832933635594216,10,0,0,0,0.44779904192416164
138.05866272131058,21,0.8030193822993665,30,0,1,0,0.5279228459784561
138.69123724549212,9,0.47660718148748416,85,1,0,0,0.4792158512345523
169.54898672085062,4,0.7995125039620917,21,0,0,0,0.4472304448618297
127.13158875475787,22,0.5055411497732909,118,0,0,0,0.4748795853665529
303.3393161456511,22,0.3773277743022193,34,0,0,0,0.4742411280751282
61.733145519665115,20,0.6967410002096508,73,0,0,0,0.43056707989523646
183.46547639011203,23,0.9006272945948973,98,0,0,0,0.4881881061099355
188.70982529651167,21,0.32025173037018106,50,0,0,0,0.4279033282151438
66.89055845419682,14,0.46074813499437184,76,0,0,0,0.4156353079566826
182.14292203655225,20,0.2294006266965225,47,0,0,0,0.43852651111765106
192.2882945682274,19,0.18340946361735078,85,0,0,0,0.4433566985371601
6.027922629207146,22,0.7778901423921751,84,0,0,0,0.48919377535106695
56.400077743131604,3,0.20066411668844242,6,0,0,0,0.4892075756524576
382.2953869671669,20,0.7933181713344499,50,0,1,0,0.5882550614960218
81.82107681509646,20,0.4292170518402645,109,0,0,0,0.44491747182316965
45.129487961498725,0,0.9950487234077158,100,0,0,0,0.5279067364678715
19.521943709854543,14,0.19734141819128925,63,0,0,0,0.45330798234045605
51.56109076850789,16,0.09297799251282601,12,0,1,0,0.5523460546993466
122.93374335632963,18,0.0754330696034956,41,0,0,0,0.44521263091572605
41.93868925733927,13,0.8354180047242007,31,1,0,0,0.5103780946523926
216.46548961981696,18,0.43777631105834336,2,1,0,0,0.53096549064785
65.79811929486763,17,0.003124349647371627,16,2,0,1,0.6252045372846443
170.50563044746013,1,0.874771362503336,1,0,0,0,0.5001310019766878
346.34766564026734,5,0.8769210069103045,4,0,0,0,0.5142176846724773
332.00960943206985,12,0.8064166740187909,47,0,0,0,0.46226495465843326
168.35866151946317,16,0.2483184830248425,116,1,0,0,0.5246862901714399
48.3271596178475,5,0.3727527200671731,65,0,0,0,0.4279456196489111
129.66740386575137,20,0.7449262251954837,52,0,0,0,0.41767738807786114
172.44258090844608,21,0.48935312540758524,47,0,0,0,0.42223475070628025
597.297454391386,4,0.1538265767235525,99,1,0,1,0.638941656188677
19.282062478314124,6,0.2427982645276724,77,0,0,0,0.4496287408360009
130.02711663425276,0,0.9725895367515573,50,0,0,0,0.492519509605601
211.03270942927153,12,0.1510131174271062,45,1,0,0,0.502386603513979
146.45302753659405,18,0.7260807566781885,42,0,0,0,0.4176245127920141
158.84945443567773,21,0.4780183066595389,95,0,0,0,0.4423003943520253
69.452185408172,0,0.7486016595521597,84,0,0,0,0.4718071860282814
258.8287517763213,12,0.6611132411443931,56,0,1,0,0.5240289198571837
138.74034202603144,10,0.43916719055432596,71,0,0,0,0.4175448700413546
158.4189932284672,6,0.3539108246830671,57,0,0,0,0.4126293281418962
277.91177313250904,19,0.7543592543561255,104,0,0,0,0.4671522831951203
104.90896743329778,2,0.32314120625982645,33,0,1,0,0.5318665786806102
319.91887156314283,0,0.7877714800885685,28,0,0,0,0.4948675747038695
40.47486782571191,7,0.679843066332452,114,0,0,0,0.4634385809715556
165.22006846133567,16,0.5776691702331689,44,0,0,0,0.4151642070090627
65.60654175072088,12,0.36880088490229734,114,0,0,0,0.4438255063644276
50.747225830362915,13,0.20508135776637493,56,0,0,0,0.428601361559278
446.26347119841876,4,0.7104198012406638,44,0,0,0,0.5142810658289663
42.71524437095228,23,0.09134922717058092,84,1,1,1,0.6411588084653745
140.82860851114964,21,0.9705422561557597,96,1,1,1,0.6263028981451794
39.390925199829844,22,0.9787479146154875,73,0,1,0,0.5892119413995436
306.70367178824733,23,0.13022261595813867,34,0,0,0,0.5069349613400901
96.45474841586045,5,0.10393532297230224,14,0,0,0,0.46526061586319606
276.9121684980786,21,0.4127167270830301,68,0,0,0,0.4472885828975665
205.96501850332453,5,0.9636832722605021,29,0,0,0,0.4659719752890834
540.8227357466388,20,0.40031089923111296,79,1,0,0,0.6111633481950364
31.4719345676576,7,0.36380210843233485,17,0,0,0,0.4548332553129221
55.952326205245484,12,0.7035850589987712,83,0,1,0,0.5170678069308563
266.7426528721336,17,0.17873123659522705,102,0,0,0,0.46366916398715996
171.1505670658325,22,0.36332348357375144,9,0,0,0,0.46111896847248107
111.19254954550956,3,0.2913074462744878,27,0,0,0,0.4474058374784668
476.85028716359767,16,0.6015346226306262,49,0,0,0,0.5152319999980255
133.4038670058649,4,0.16275288621416384,79,0,0,0,0.4384609711209324
67.91982153084699,2,0.5487012556062363,37,0,0,0,0.4482658815128456
279.20580991493995,3,0.8575465899368448,28,0,0,0,0.471804237264477
136.87863605438685,22,0.5141705467076019,50,0,0,0,0.4265112326863116
145.16978626282918,4,0.6834966170980852,55,0,0,0,0.42093866930859447
218.45583903179215,13,0.07524801767793288,4,0,0,0,0.48730867203235184
224.50812576972962,14,0.449005579247043,85,0,0,0,0.41557579355202745
55.23612722076646,19,0.09489316743585197,98,1,0,0,0.5439727828365298
106.08643907156076,16,0.5994616757866569,19,0,0,0,0.41655208553642764
35.86628875368583,5,0.2810543711738185,37,1,0,0,0.5205517912813018
173.0280271976825,9,0.28726583099174796,4,0,0,0,0.4678980572018695
441.06105373086336,21,0.07676673714498072,37,0,0,0,0.5606641821422277
57.44071372029509,22,0.3102378614407344,51,0,0,0,0.45129690489452073
29.03830636667901,15,0.5066771771070974,32,0,0,0,0.4291362157581021
78.078001228209,16,0.5846601031717614,45,0,0,0,0.4105041152729391
110.41715088812305,13,0.0666655512758233,112,0,0,0,0.4803084539716513
225.9067342175027,19,0.6514591857160702,12,0,0,0,0.45273596394518206
101.28619629568847,11,0.4888757607534946,41,0,0,0,0.41024635421684724
175.32126512786434,8,0.5369080079142348,56,0,1,0,0.4956666613638146
88.31388046143462,14,0.8327966737677948,80,1,0,0,0.4858059619854628
115.35256253735399,11,0.34222644530486657,14,0,0,0,0.4386587454252492
65.88855048820162,13,0.1740511113650347,54,0,0,0,0.42153815072972134
48.19779270912244,21,0.5518101757069541,63,0,0,0,0.438803495441433
231.63318002093405,17,0.9450219175352388,65,0,0,0,0.4505437407966506
93.57947616107153,19,0.5178696191811312,116,0,1,0,0.5459540915741871
184.74661307420607,5,0.8319121741195065,119,0,0,0,0.49037755802065514
64.94716008878261,3,0.757032054461033,58,0,0,0,0.44403835324651864
134.07609720025653,22,0.5183307870098315,96,0,1,0,0.5444379137882037
13.08624532724573,11,0.6475547776534225,21,1,0,0,0.5297398827342598
99.49827626293641,12,0.4066801840966585,4,1,0,0,0.5266725430064131
71.38795778701434,18,0.5306286890971937,73,0,0,0,0.4139329704436606
298.3492900004558,21,0.5072857552906347,115,0,0,0,0.4990176565829767
41.04632865260968,12,0.709110362957773,46,0,0,0,0.4249009105713542
119.18472723658844,11,0.4099813193562827,86,1,0,0,0.47475054854188975
171.4608843023527,19,0.09976712262214005,12,0,1,0,0.5531531277193668
270.42007531270633,2,0.7887095228136228,30,0,0,0,0.46875932337318577
245.24068474606548,2,0.6848530033282075,94,0,0,0,0.48038829199365296
126.76329140685291,13,0.9501234554573654,96,1,0,0,0.5084234532178604
141.00224294567576,17,0.4287161758478628,60,1,0,0,0.476253082885556
298.16775094689905,18,0.07820565691109471,100,0,0,0,0.5065966284189392
124.87253154134685,9,0.12161898636324298,71,0,0,0,0.4329831702281929
152.6534549914067,16,0.7733195432030779,81,1,1,0,0.588959553108164
304.8413006191239,14,0.06775728277860193,65,1,0,0,0.5273303311466305
589.9278826450193,18,0.9078261449292854,14,0,0,0,0.5848427878864075
162.5913046960216,8,0.28165011129518536,111,0,0,0,0.4422089943032815
196.3525876070912,3,0.8988790405793248,44,0,1,0,0.5549390944060896
240.18319937790383,14,0.7735068488009461,108,0,0,0,0.45753145857753985
302.87031326222046,18,0.87120103629169,102,0,0,0,0.4747378773756058
275.0651283760707,15,0.21403969176996573,26,0,0,0,0.452019483147939
82.57186238761166,7,0.5956934958135682,91,0,0,0,0.42419324410944204
170.71941245839156,16,0.09358913207242259,109,1,0,0,0.5344139731426245
276.3732992145437,20,0.20228076753937596,16,0,0,0,0.4722834567452877
346.6630089660489,0,0.30990222733726847,110,0,0,0,0.5375120329834577
119.35458193952614,6,0.7408125915100231,7,0,0,0,0.44737580146408396
167.69358704022724,20,0.02471437938848331,32,0,0,0,0.4735349935283854
182.1013361324018,17,0.9031172828721364,89,0,0,0,0.44793959794609656
137.44904302560388,11,0.0708035137129217,95,0,0,0,0.4587450710870673
164.51253803548124,15,0.37649019534462713,16,0,0,0,0.4269270369321559
827.0345235136994,0,0.08108962832858413,119,0,0,1,0.6575377650744013
115.45761019891506,14,0.7689678431033737,105,1,0,0,0.4992286219677008
122.6496701622489,6,0.14131497340275678,78,0,0,0,0.4323789261382297
25.621690630761385,16,0.8847569102624576,89,0,0,0,0.4604601662079174
20.850879478574665,2,0.5302219865915261,62,0,0,0,0.4547510731207056
191.5153131627245,10,0.9484728194553961,30,0,1,0,0.5539020146648488
277.14627635370573,5,0.2903609128081953,71,0,0,0,0.45397683551683654
243.03007175607775,5,0.45431615187839103,12,1,0,0,0.5310751646518788
64.78472646531463,14,0.6942469623295779,67,0,0,0,0.41507316302044883
233.17417975076336,6,0.8319133125709606,91,0,0,0,0.4478172469338432
121.12043201424498,10,0.42135708774560676,46,0,0,0,0.41424091666724716
98.60508183692374,16,0.8924325383271642,83,0,1,0,0.5291583713092011
36.94478063988506,22,0.11798720832439524,43,0,0,0,0.47960863285567357
72.30412754525386,17,0.7086847188100954,101,0,1,0,0.5251749983679986
194.7421951802569,21,0.3481989822136604,55,0,0,0,0.42782390929409064
169.39193469539407,23,0.10133548413259696,45,0,0,0,0.47516102264909915
151.4545455666519,20,0.38666455680200384,60,0,0,0,0.41917659636645094
11.194807430170925,18,0.8802156244855679,106,0,0,0,0.49500865436517394
152.62880983908641,7,0.98053387128864,71,0,0,0,0.4565928166319803
81.5122774360543,23,0.3927998571004826,113,0,0,0,0.477793359869676
170.29344698161776,19,0.8864163878063751,80,0,0,0,0.43689586231815775
309.096026428622,7,0.5096544162418782,32,0,0,0,0.44983198666848145
92.19169338052644,20,0.7170150376639415,8,0,0,0,0.462482011707898
144.30423602624128,10,0.04537142227382318,113,0,1,0,0.5534067230467993
474.9842135259754,20,0.5573119719840234,77,0,0,0,0.5196111072407622
164.07916743067432,2,0.07016193621099043,62,0,0,0,0.4641680510378439
131.04558095528017,22,0.2686179570937993,75,0,0,0,0.4537466588491305
65.75865430629494,13,0.5668143258686786,20,0,0,0,0.4245979720073648
237.71640374834303,8,0.8071637664216805,18,0,1,0,0.5441980084800437
55.83736741227245,0,0.5608936438039106,101,0,0,0,0.47864781543047713
318.35253162700576,0,0.9361915411152101,6,1,0,0,0.5914346415379486
214.4397018871142,11,0.8103325075758355,84,1,1,0,0.5925389447685924
83.99252350016963,10,0.15624014610510262,96,0,0,0,0.4403883361692813
67.77825311526517,20,0.38895848562793733,110,0,1,0,0.5387521830071578
69.25585398720999,0,0.6684854273067788,108,0,0,0,0.48531499470520956
21.313126774557208,19,0.9384060316092901,29,0,0,0,0.479079352943061
188.20405131884624,11,0.9877158687446709,4,0,1,0,0.5876996296636905
13.327008665374827,16,0.7631864379628072,71,0,0,0,0.4579316921214498
124.64017677452028,14,0.5737693055793639,43,0,0,0,0.40851898221411653
118.40307365632157,1,0.7566096897379919,84,0,0,0,0.46389780279010623
102.35841138042198,17,0.2732364194639477,34,0,0,0,0.4173273535994728
187.27345305096014,15,0.2836030272596327,100,1,0,0,0.4896472847280432
84.17244092515926,3,0.6543493461623232,71,0,0,0,0.4379793831121903
152.92126895878172,7,0.8718355763999104,33,1,1,0,0.5938946198348224
318.3101181776445,1,0.9698094891763537,15,0,0,0,0.5236843394757542
203.49692157417837,13,0.34133460083121825,116,0,0,0,0.4502429952054558
95.1140305866896,14,0.7965536231013203,96,0,0,0,0.4334362850089864
134.14885236037543,8,0.8515308052874937,86,1,0,0,0.4934684069209906
102.45240491354394,1,0.6231732430313928,40,0,0,0,0.4532044028747106
117.07084208226408,16,0.3475918822297629,93,0,0,0,0.4254280032813981
156.45969997861718,9,0.6190885652738011,89,0,0,0,0.4179769395616497
35.195553715108325,8,0.5844489043115128,5,0,0,0,0.46652342987165624
26.942333131886524,1,0.6065255057964909,78,0,0,0,0.47613386307951394
60.74859758154376,23,0.6192602137877214,50,0,0,0,0.44618478499587905
193.72483539745988,18,0.847058190871695,99,0,0,0,0.44901318700789083
213.06361198949838,16,0.17008151326733034,66,0,0,0,0.43167559857316795
235.8260981693759,10,0.3672939476151681,89,1,1,0,0.5878231046654228
62.99490207657108,16,0.5860017273507114,54,0,0,0,0.41195961456316715
143.67721160889587,9,0.2833277386116264,80,0,0,0,0.4129768946420236
97.57535878209731,17,0.9781531220840393,46,1,0,0,0.5127506181130774
120.95855150570807,22,0.2631502596023292,80,0,1,0,0.5448093660581856
96.1496740797165,5,0.4696288806423652,11,0,0,0,0.45858571727499126
163.1246548968808,15,0.8773650457130683,49,0,0,0,0.4255925160819575
75.40827888696109,17,0.08006366266022624,99,0,0,0,0.4699985037487477
294.65119540203705,19,0.8206880020942519,23,0,0,0,0.46865039451646184
296.43737929837425,17,0.57100836897467,55,0,1,0,0.5411167544164376
189.42383988354754,0,0.03180204081967042,5,0,0,0,0.5223291200014583
271.5187260932442,2,0.9029128919667692,64,0,0,0,0.47164137021092695
33.752393786167005,14,0.03919683545574304,35,0,0,0,0.47053683674339114
306.3564151714499,19,0.5152177962712928,93,1,1,1,0.6133947583298026
176.52723090353064,9,0.049031246365681125,111,0,0,0,0.47511358477382304
79.41802413037462,20,0.07120009847449815,119,0,0,0,0.4984436179472293
72.64060931141684,4,0.8872043142578919,69,1,0,0,0.506621822246997
378.06188842859797,14,0.7658255469624435,54,1,0,0,0.537392185377123
238.46884230938943,22,0.19694117324489147,3,0,0,0,0.49996588785142304
118.4393115154715,13,0.6204679732142538,6,0,0,0,0.44251620107687145
33.33353456907023,14,0.7946795684312156,87,0,0,0,0.4394333360715991
316.98093487470754,9,0.8895906413668647,110,0,0,0,0.4960258019347404
48.55977457924154,23,0.4683069268391463,56,1,0,0,0.5149646722239603
99.034495970495,8,0.8974998774012042,2,0,0,0,0.4746899614812054
118.30970684496324,11,0.5078500727175616,82,0,0,0,0.4100741888774787
71.66662285490648,6,0.6882280421776911,94,1,0,0,0.49907749287067826
114.15444805957775,4,0.9790293594251391,38,0,0,0,0.46481411931438577
132.60705307430425,23,0.23595178919452675,56,0,0,0,0.45009724832788645
112.28193408125924,9,0.16852127608247813,5,0,0,0,0.46364718065343963
169.1311310786767,7,0.3420188249778702,46,0,1,0,0.4980261689312981
387.41469599205294,21,0.16439902272030937,113,0,0,0,0.5556476878975007
35.124230068193,19,0.2841628057048742,11,1,0,0,0.538593400847271
150.29957428661868,15,0.742985323370604,65,0,0,0,0.4101532071456772
49.07717303311176,11,0.4775240359212872,10,0,0,0,0.45526425473287346
31.571415609629234,8,0.37504129449490187,41,0,0,0,0.42484599096107745
257.4858756628114,9,0.3687240052757931,116,0,0,0,0.4738842271846407
160.0383884210226,15,0.1945299749000532,44,0,0,0,0.4302495608140964
29.417574549788146,9,0.44741145428699525,90,0,0,0,0.43643130633360533
114.07156194832758,8,0.6246355586881762,33,1,0,0,0.48252320955428546
60.89974858584487,2,0.13915483451822375,91,0,0,0,0.4724815997736061
117.28037259677313,18,0.9728128614702146,56,0,0,0,0.43905570562999724
218.4561014780333,10,0.4432811764267336,114,1,0,0,0.5216702072390736
203.00520682567256,5,0.9479609167513947,12,0,0,0,0.4856620024910659
96.71939978649336,5,0.13465892662418522,2,1,0,0,0.5566018001692504
265.8415469678406,14,0.7672159531726802,1,0,0,0,0.47097235948096167
335.2376163615523,14,0.6176380505435449,65,0,0,0,0.44365386998301537
221.00534576779407,12,0.8200641195433708,33,0,0,0,0.4300907806507177
83.7500504947229,21,0.6006779229552052,86,0,0,0,0.4318231404649321
120.34679941741304,4,0.9628366332428061,76,2,0,1,0.6142127293551991
379.304228971711,13,0.6269318309298576,103,0,0,0,0.47535526827251
102.7631538243552,20,0.7846041253444681,36,0,0,0,0.4253577964226979
203.46110879047876,1,0.8775817725333673,21,0,1,0,0.5700286603746142
70.79760845282823,22,0.7145834712104601,84,0,0,0,0.44847908912539225
267.12628951848967,11,0.5242366565631603,36,0,0,0,0.4417401827650225
63.721720353373186,19,0.2728170787634203,26,0,1,0,0.5291800239365936
124.50538225464766,13,0.8544926133956693,47,0,0,0,0.4190978908832874
198.35935026089618,18,0.4805782526886784,95,1,0,0,0.4986563800352899
431.44115160404914,23,0.6207082263350591,1,0,1,1,0.6550937823788381
157.85890751672207,19,0.07922653788091982,38,2,0,0,0.6035306539545883
108.00411941634076,14,0.4973513231268498,14,0,1,0,0.5194095352987701
101.52157572344613,19,0.698157644019845,90,0,0,0,0.4241085837381706
259.13728765810254,23,0.58407190993377,46,0,1,0,0.5791306576749047
187.02923338510408,16,0.448554856045705,42,0,0,0,0.41646674935220857
215.40924250172372,13,0.2234273167496692,7,2,0,0,0.6106704892205579
361.59958826518096,22,0.30967020009015955,55,0,1,0,0.5953673987817651
139.63576142938084,17,0.7006243581623011,56,0,0,0,0.40011685420500487
177.59337348899396,21,0.2241906988393989,119,0,0,0,0.49251647847012064
100.40167363864893,23,0.6217266153088818,118,0,0,0,0.48556202793878983
68.40079776367213,4,0.5897376125562032,76,1,0,0,0.4895597890596643
80.69323566287039,21,0.9704174793868637,63,0,0,0,0.4668788885523928
7.480717228393257,11,0.06078184248466989,24,0,0,0,0.4915456143110864
196.92406005314385,9,0.10812260729606149,83,0,0,0,0.4456364351708527
182.62555512350036,7,0.506083465645757,73,1,0,0,0.4848085507071048
193.94748270946258,5,0.5271098253536346,99,0,0,0,0.43942052117936964
64.39705166937696,14,0.03992765880517124,4,1,1,1,0.639997935628505
81.90566146420278,11,0.8258554208594521,109,0,0,0,0.45482871923875784
79.63301957830804,5,0.49472349810289573,42,0,0,0,0.42729229793417867
285.1384173305386,11,0.34664374664052877,96,0,1,0,0.5445783381564685
153.52787358057674,14,0.31885377061487585,110,0,0,0,0.4311246729333352
138.49098603544272,11,0.8614071815541813,70,0,0,0,0.42731624666335505
229.54486535692726,8,0.19673286642818033,28,0,0,0,0.4508481216543661
79.86460882831048,18,0.16041770543260925,92,0,0,0,0.4491460494426871
174.4617175753386,20,0.21317852922328318,40,1,0,0,0.5045223480023985
468.55701194444924,1,0.6250225476519636,51,1,1,1,0.6721618377139948
315.98512647400605,12,0.8109308556284092,29,0,0,0,0.4576311430546613
172.5470112362277,12,0.33097869378817957,42,0,1,0,0.49631742504672394
142.48936861991677,7,0.1734619981148129,118,0,1,0,0.5449084642741457
192.7495746810992,12,0.20919416762862053,69,0,0,0,0.430136987512328
345.6268960284341,3,0.619183778517851,5,0,0,0,0.5151825374511743
329.3728795260065,5,0.2460352262142299,101,1,0,0,0.5478085635049661
384.68665565355457,5,0.8772802313513668,41,0,0,0,0.49743955598928835
160.0240752965861,20,0.10389135441431396,61,0,0,0,0.45481398107977705
13.182709598167953,11,0.0323685340055202,55,0,1,0,0.5623106069312631
446.9752145430757,11,0.08837824596090393,28,0,0,0,0.5349339038351338
68.26545701228754,16,0.8456431203863204,41,1,0,0,0.49751362779333064
226.92307209650866,6,0.651229519665661,111,0,0,0,0.4609222126839188
13.562048041793224,14,0.9577446331172503,9,0,0,0,0.5150466799795007
136.29406814397456,23,0.3362965412697576,29,0,0,0,0.4472636638152205
102.91345384625636,16,0.21267812800969943,78,0,1,0,0.4979143549181447
385.2653975534529,9,0.5619752393137492,38,0,0,0,0.4839158214876472
174.15699752703057,22,0.5378282791267486,62,0,0,0,0.4354085384132427
135.20277750422878,19,0.5910239881953218,54,0,0,0,0.409243652936133
188.34547811260737,5,0.3475338626603488,52,0,0,0,0.4232173503593245
3.662606454774923,8,0.0058969400367867575,104,0,0,0,0.5196972374836483
78.28569006701785,14,0.03503165294061683,34,2,0,0,0.6094484959593965
88.99509081069816,15,0.6638264614225129,37,1,0,0,0.4841840891035443
210.02214591325998,20,0.5232580481554814,49,0,0,0,0.42173300375464867
55.28266906726999,7,0.8210112596512735,42,0,0,0,0.4326827349106318
154.92354937981284,15,0.30040985878679693,14,1,0,0,0.5068693296706406
125.33286943013076,4,0.8154722372311751,82,0,0,0,0.4396640634562326
82.01946929180401,17,0.4254914134515433,33,1,0,0,0.4871971068520935
86.69465762130812,19,0.09669838554633725,118,0,0,0,0.48950205079435255
124.44067498136195,13,0.9779115625906942,98,0,0,0,0.46022899275061835
18.949224270012223,1,0.5119359291455199,92,0,0,0,0.48481240493778494
231.74005096200608,22,0.6294785139623463,100,0,1,0,0.5572499004308927
67.83399434209416,22,0.6707971864895679,109,0,1,0,0.5618150032154596
108.2609407757431,2,0.36241225222688067,112,0,0,0,0.46820277179683395
375.94660596297535,13,0.7475283198621373,101,0,0,0,0.4827800989800666
234.51890208937854,6,0.8702664653510171,87,0,1,0,0.5296657745081387
46.27907296653358,14,0.3871869764138588,106,0,1,0,0.5216952404933378
2.536549606098464,16,0.6570008866315482,17,1,0,0,0.5473977755545509
194.16662988506113,0,0.7571238239772095,75,1,0,0,0.5302058251785351
111.7390792533066,8,0.19012589768908128,32,0,0,0,0.4279831702135965
155.61847466963053,21,0.33259608439596744,101,0,0,0,0.44982683342052504
229.10580956068142,13,0.10879584638095485,79,0,0,0,0.45192785282159337
254.6803390492391,15,0.6022084642482034,68,0,1,0,0.5157805361472283
94.89268891434824,20,0.8009376958208562,39,0,0,0,0.429755259195685
122.84457988173276,12,0.6108386565849336,94,0,0,0,0.4201644373726928
178.21862495691067,5,0.17978383097704398,10,1,0,0,0.5311421281519804
186.74310680161798,21,0.5463684910261374,87,1,0,0,0.5044235632387263
154.48590135309485,0,0.8349341485264097,24,0,0,0,0.47423712152860664
348.5370110684944,20,0.3027247960782191,100,0,0,0,0.5028760278894782
185.2427885747697,3,0.8326515022526404,116,1,0,0,0.552880518466992
226.74656638869777,2,0.784623283769988,58,0,0,0,0.45584347040492623
164.30572685521014,16,0.02174080783667487,69,0,0,0,0.4738510089799913
54.89859929677657,1,0.23945481408550195,101,0,0,0,0.48183827648111216
78.0689476983552,18,0.5429424057977258,107,0,0,0,0.4378261057448625
44.36377031211236,19,0.7176173700192593,64,0,0,0,0.4344976408849747
274.49938027790165,22,0.8805305256528292,19,2,0,1,0.6277936748930393
29.233772746022648,21,0.6410423182678943,101,0,0,0,0.46532463099258253
118.92059864714605,7,0.3803441712495391,117,0,0,0,0.45448572161539896
99.23701925547384,14,0.18462720673731536,8,0,0,0,0.454309126063359
97.11230393585984,5,0.7600358554624315,71,0,1,0,0.5210338071033688
104.19435963300081,22,0.20678155932412012,40,0,0,0,0.45912432884712173
392.7081962976092,19,0.6954305214682498,13,0,0,0,0.50125519106558
17.31658949053237,1,0.1812116173712074,101,0,0,0,0.5085108381517558
319.76780615656213,14,0.09105385030946445,27,1,0,0,0.5455925755286473
111.48170368982873,19,0.2511002237065345,82,0,0,0,0.4289789459344864
243.27220789876353,11,0.28492980552511427,88,0,0,0,0.435847415711978
141.74618224893524,2,0.64720913449491,105,0,1,0,0.5422556361112724
49.0107854585432,9,0.1608833677420589,2,0,0,0,0.4852907575195535
340.4297896971676,13,0.9303069129868882,16,0,0,0,0.4872843019480179
305.83485964200514,21,0.5543616863422735,14,0,0,0,0.4768450286437943
52.62940227837288,13,0.49093173081646546,17,0,0,0,0.43684370008714923
204.77626859353637,2,0.4346945143083677,60,0,0,0,0.4413391383473178
81.21750675949181,0,0.566601346950191,70,0,1,0,0.5409894923706181
30.65943169811665,19,0.022446967161782294,99,0,0,0,0.5072151590921778
67.98676598534469,0,0.9900863745790824,17,0,0,0,0.5160233732159701
327.2091041737116,1,0.557524376194266,45,0,0,0,0.4926102188951009
247.39831898736787,18,0.03519500214017779,38,0,0,0,0.4807834012815423
105.19439410275936,23,0.5899776046995998,104,0,0,0,0.4663406945161653
328.2456471285888,9,0.4370787582896788,64,0,0,0,0.44727829407466857
290.17295807691886,3,0.02403769666640887,6,1,1,1,0.6672933194049986
68.08341857287152,3,0.924428752157473,60,0,0,0,0.45461869804279037
382.3945658147221,12,0.01056687207381335,112,0,0,0,0.5515993244925743
98.42842624022364,8,0.5778716768778214,102,0,1,0,0.508993376669193
109.80544276674864,6,0.961790747626224,49,0,0,0,0.4506975127376413
17.89585143739156,15,0.237604496983026,21,0,0,0,0.4642545623574646
79.90719330258446,17,0.25417907424359665,99,0,0,0,0.43193253355204375
119.64875734236317,2,0.0004231285601523638,23,0,0,0,0.5045766355362005
167.7012869523156,19,0.0663511719879809,76,0,1,0,0.539496899627073
49.17531422490663,19,0.044888411577088116,57,1,0,0,0.533505651525999
70.90392539554884,9,0.8226562836884255,64,0,0,0,0.4267085324795429
387.9598353184132,23,0.836737569944919,29,0,1,1,0.6147188002525187
277.24615767693183,21,0.7267000841845227,27,0,0,0,0.45836536217841745
312.5550536597483,15,0.3527450125170921,6,0,0,0,0.47643548114541506
127.64088214473354,2,0.8212544498888422,21,0,0,0,0.4550944260936669
171.37176857055366,10,0.539774520242882,71,0,0,0,0.41436975220117006
208.00955320873362,9,0.30431027647992326,107,1,0,0,0.5117894535763869
384.2148863238897,15,0.4372767691143904,41,0,0,0,0.46828968378625385
29.9406594573205,7,0.06576776983457566,80,0,1,0,0.5491714280761647
86.92041282905765,8,0.9449086867499137,5,0,0,0,0.48358303125266205
160.09969184259432,14,0.6191164173518401,15,1,0,0,0.49862121204354026
142.42602654140114,20,0.7312341449305728,21,0,0,0,0.4379312585706374
70.11223340775948,2,0.6765833704198766,58,0,0,0,0.4445541650276914
195.44193142671216,3,0.6677499845209807,4,0,0,0,0.4699739691936325
89.85472611380987,12,0.01726098549724009,69,0,0,0,0.46327668283643575
134.66266342940887,11,0.5253712797848467,7,0,0,0,0.44344408877100133
189.2827749063051,20,0.8217102286255341,35,0,0,0,0.432890650328281
93.44509422509677,8,0.04451885141159995,36,0,1,0,0.5297703248064518
233.27055458166697,13,0.9561656838882706,15,0,0,0,0.47176142087484907
263.3534619036929,18,0.42415968300598916,92,0,0,0,0.447823814337831
72.49023477493294,6,0.2898954920513712,2,0,0,0,0.4729787048240568
89.3188813762531,15,0.5318213616419428,57,2,0,0,0.5809741329472918
56.36624140861768,21,0.8012141878430362,5,0,1,0,0.5796918870165112
132.37631371041925,19,0.4747550617686376,71,0,0,0,0.416582581233471
167.61759415699797,4,0.6451056765863918,86,1,1,0,0.5950496384527154
100.96353029652127,9,0.49991438786685993,113,0,0,0,0.44255335427824183
164.19663159162218,17,0.6312722566411592,95,0,0,0,0.4257976140598718
87.35358246699427,10,0.13803091519663657,32,0,0,0,0.43060088337470326
89.74776565619365,6,0.038663386178099945,72,1,1,0,0.6051184698456283
174.01238986094046,13,0.13690140569739273,41,0,0,0,0.43387863414597816
94.76719382191823,19,0.28583814466392876,42,1,0,0,0.5039165740154377
126.9196930483626,17,0.2533560624481068,75,0,0,0,0.4190936038361022
178.5310821433313,10,0.6151753496606469,65,0,0,0,0.4138271908862797
162.44699904800794,21,0.45588942413424094,111,0,0,0,0.4592319529482971
88.39660928024843,11,0.03881198102684702,40,0,1,0,0.5302127317765922
281.8028236217861,17,0.034865906317025575,83,0,0,0,0.4860410291623894
201.45206030906482,1,0.09058800212066576,108,0,0,0,0.5057779050263052
160.11451245183252,22,0.353081157400866,38,0,0,0,0.44226012449727525
49.4579485990413,0,0.00618295096372945,42,0,0,0,0.5249597239736019
145.07828626636493,22,0.4939872654301404,37,1,0,0,0.5025313437937745
78.544452663471,9,0.3606696643093027,56,0,1,0,0.5002241238441518
191.14613685226777,20,0.5554413024408263,71,1,0,0,0.4911358234773659
2.4238269045557925,0,0.7208252280828008,103,0,0,0,0.518566301752508
108.57220372919107,5,0.2509728154798544,55,0,0,0,0.42588277675066516
85.12638650828139,6,0.1570836476289097,89,0,0,0,0.4425229159256704
233.87469235578067,16,0.27805355596338754,54,0,0,0,0.4213190300108168
18.73922349907534,8,0.0017631819519055014,22,0,0,0,0.5154098218249888
138.0870748591982,6,0.12001295552578073,27,1,0,0,0.5156343466744897
199.71060125072157,16,0.7508303636863344,105,0,0,0,0.4434735688185105
431.69971193801814,2,0.22280684240028514,47,0,0,0,0.5306339448840034
89.50941816892217,15,0.9942996338040386,38,0,0,0,0.4472730422611861
169.72895763246976,4,0.16783152136480917,112,0,0,0,0.4660916304704302
20.331023035735086,19,0.7887717155654934,39,0,0,0,0.45683015460128135
132.7598927298951,17,0.7050444718255345,15,0,0,0,0.42995374538690906
295.8434085860528,0,0.32213214281630764,119,0,0,0,0.5385338831412239
434.45650099723173,3,0.33073914356596523,66,1,0,0,0.5728050984200895
181.54743226389576,22,0.5635515809671046,61,0,0,0,0.4411673049822663
28.001124444061265,10,0.8523740974825584,60,0,0,0,0.4452829384688491
328.05541429216424,19,0.3861869441194644,8,0,1,0,0.5949630951901566
28.28844301933941,8,0.06117988091840654,44,0,0,0,0.4528968852013608
44.85018541385905,7,0.37441917690229676,43,0,0,0,0.4229696175051981
346.79166250359094,7,0.20731267324274139,6,1,0,0,0.5623180573663094
125.41580773270294,4,0.9392070170650174,84,1,0,0,0.5162793077376402
81.2176877468764,11,0.6972743463759475,27,0,0,0,0.42299353227547887
219.2941695826953,0,0.050832664213348644,45,0,0,0,0.4958124773346178
151.03160918337497,14,0.29298853726260643,23,0,0,0,0.42861572611195514
278.0846108810266,17,0.05021596492080693,112,0,0,0,0.5111783437334682
156.2960361409974,5,0.830016670374786,104,0,0,0,0.45402556380374887
158.9726672154972,9,0.9062964019071609,81,0,0,0,0.44184672199196384
271.4118430528318,13,0.11227960583907437,13,0,0,0,0.4714916120289166
124.08447232570572,20,0.44029004600869615,68,0,0,0,0.42307162006663857
61.05597698263043,7,0.9318832818364259,84,1,0,0,0.5169888396934862
228.16426965167818,2,0.14521168671467055,106,0,0,0,0.4913732050949911
105.41358092865568,21,0.2919035906563149,64,0,0,0,0.4358705000965456
165.69011114737992,21,0.30427465017265587,25,2,0,0,0.5975988448698298
15.188261779359898,18,0.030058312201998505,86,1,0,0,0.5525001993772465
120.14663213408257,11,0.03627323468999066,52,0,0,0,0.44003467484837216
86.22740992244331,11,0.9527928270829129,48,0,1,0,0.5412224058460269
14.559655830142335,14,0.571092608986254,61,0,0,0,0.44130795411494833
123.14426217408186,6,0.30664832142861786,17,0,0,0,0.4345959882996066
126.42060534054349,3,0.3786746607065845,40,0,0,0,0.4348932472520643
174.56737758531682,20,0.7148429288450242,75,0,0,0,0.42675285932538354
292.4947595558137,8,0.36651720355462036,89,0,0,0,0.438854953366209
261.2010420305905,21,0.22776040309328827,69,0,0,0,0.46800475610666503
91.43396083977878,15,0.1018373415997994,85,0,0,0,0.45141077480017033
153.44533534716751,12,0.7289330117180371,26,0,0,0,0.4192918690431936
193.06234169262578,3,0.18056501667522473,80,0,0,0,0.4474852045165928
93.64607013423493,23,0.06964826992629758,56,0,0,0,0.4719242490111396
31.290342074741968,8,0.426954445496477,40,1,0,0,0.5151440361122073
112.94094245628344,20,0.03957096181135378,85,0,0,0,0.477779564563582
300.8071892833089,17,0.9649980583428868,112,0,0,0,0.514629505306049
29.626707988720803,14,0.6272929675748398,96,0,0,0,0.4399025756418383
55.302101179386646,14,0.1526968104465608,68,0,0,0,0.43024774862689585
67.08856874330698,5,0.17245408644846083,102,0,0,0,0.45640844988758894
55.90932477056029,10,0.5698284802728454,117,0,0,0,0.4587344577883453
219.97685331714277,7,0.3565657573377936,8,0,0,0,0.45014474109210245
78.27552112434856,20,0.7742667441877137,73,0,0,0,0.4323917755412514
224.11630316606067,16,0.5458064856189166,45,0,0,0,0.41699792445369144
137.96736264650374,23,0.4333338755249413,17,0,0,0,0.4570676901906213
22.0939474210201,16,0.9629802480652716,41,0,0,0,0.47329791628843865
95.3703123192089,23,0.390729056209689,77,0,1,0,0.5509128103605709
266.5444822599969,17,0.40061092379734353,9,0,0,0,0.45463835096182365
149.93432149667774,3,0.665772421060789,70,0,0,0,0.43843917174269237
101.5073114158136,14,0.8094785841221682,91,0,0,0,0.425399580524474
303.24313969364863,1,0.6262149908585453,106,0,0,0,0.5079879858707702
50.18282451898347,1,0.6986102220544285,101,0,0,0,0.4877750663380314
80.7996428505646,9,0.37293156856661114,103,0,0,0,0.4315076679357088
249.64168851251827,2,0.4794968364782597,107,1,0,0,0.5398278088131591
216.81025432627115,7,0.1970350864679633,24,0,0,0,0.4523065471120607
46.14970561454256,19,0.6802464906985235,73,0,0,0,0.427917025405553
188.39852482512,6,0.22145194042670946,106,0,0,0,0.45730133189526795
77.15512573369487,11,0.001256795393811183,11,0,0,0,0.4938779800525969
13.599888584800832,18,0.9337621198067512,35,1,0,0,0.549842059895736
103.16979777551751,14,0.3060152412145538,29,0,0,0,0.42131446883981627
452.759538599799,13,0.1966320424660023,8,0,0,0,0.5372580172383487
269.7011480430897,15,0.2681467309657759,17,0,0,0,0.4537169197631702
128.5005038037138,13,0.33044769761864756,71,0,0,0,0.4120288016932531
27.590979296336794,2,0.4745464264481737,12,1,0,0,0.5571361934050312
14.222014067071262,17,0.06935167101859663,112,0,1,0,0.5817905433798684
138.2988336320153,21,0.05267315620545088,79,0,1,0,0.5573871096751795
179.5888495889547,5,0.2929107655380726,117,0,0,0,0.459019966444507
221.77631477702926,16,0.2957661311970958,93,0,0,0,0.43760444135855076
204.2201485085315,22,0.11764622781423506,109,1,0,0,0.5565898370932632
216.6472048552663,13,0.40479159432053424,50,0,0,0,0.41117778528248744
163.98931976475774,13,0.2840286682027823,114,0,0,0,0.43986978880770294
298.83464522029277,19,0.026055552795070103,24,0,0,0,0.5142939174156046
86.08077354769387,12,0.8857207804211108,37,0,0,0,0.42740842764672743
136.70839911167494,2,0.8860190180435904,78,0,0,0,0.4622898141363029
22.202734471993892,12,0.20918225291347403,11,1,0,0,0.537015207298148
84.51569357838865,23,0.16287222816434788,99,0,0,0,0.4866154289800992
264.66784713990586,1,0.5472927643469817,81,1,0,0,0.530005844669825
211.79995053436295,8,0.6307535029814308,59,0,0,0,0.4183653840780229
7.7664958948208715,12,0.9575425574470728,55,1,0,0,0.541857351480197
474.9826748313168,7,0.37734845663981254,27,0,0,0,0.5388585518291916
150.22871676120707,15,0.6182003428645584,108,0,0,0,0.4262993858336916
152.37050229014105,23,0.8781810458043096,67,0,0,0,0.4540141087006742
79.9199722665236,2,0.44995378578085,119,0,0,0,0.4836282809326169
95.77949174706504,12,0.12234575115732604,60,0,0,0,0.42748036464470957
148.9695319321738,3,0.3774472858299742,2,0,0,0,0.47079373293688004
203.37833294350932,17,0.1365669267033004,68,0,0,0,0.44333731100216184
169.7145957561486,1,0.016639464201950283,18,0,0,0,0.5046422068437965
85.53459968860969,19,0.7515530563490262,20,0,0,0,0.4397414324380562
60.26775535312979,21,0.23842370049535555,85,0,0,0,0.4569910699558079
56.48536523078219,20,0.002007045838974042,63,0,1,0,0.5806646580574112
278.87988936869834,14,0.872432357535145,78,0,1,0,0.5438178494742166
256.33007357113956,16,0.4437888384909059,72,0,0,0,0.42428399820198004
190.26002491987728,9,0.2388598796332252,2,0,0,0,0.47598352277287764
277.5095089884642,0,0.26278997235541923,90,1,0,0,0.5446778023774045
120.81870288260271,5,0.24053789330505027,83,0,0,0,0.4268090537492858
241.31854768711835,2,0.194556161189272,42,1,0,0,0.532159297000849
197.363535232532,18,0.8412262245742964,28,0,0,0,0.4381611954545689
245.83867016975717,6,0.17033163436986953,29,0,0,0,0.4550969696283407
51.17117380643373,12,0.5618546838793986,69,0,0,0,0.41600622225903616
162.27222567889805,12,0.07732024467218734,107,0,0,0,0.47030405198465003
100.28118128576335,16,0.9495213761786002,28,0,1,0,0.5396427372188133
10.3970211957722,0,0.6033139044459218,60,0,0,0,0.48991976142204174
309.5595513919051,13,0.9031525112022932,105,2,0,1,0.6318997704748534
256.82238815644655,2,0.3978777794754952,112,0,0,0,0.49465133655010646
172.89170976445968,13,0.8106720567624114,90,0,0,0,0.43360968978390263
63.76070584633902,23,0.8536544794493112,5,0,1,0,0.5957805828144943
21.007668358172573,0,0.7029492911786699,15,1,0,0,0.5664500173058089
10.17021515266765,15,0.09294746645370633,110,1,1,1,0.6274101627854662
83.97969937758964,9,0.01608008640590597,73,1,0,0,0.5316191124494868
218.8878952462447,12,0.1685596720562218,32,0,0,0,0.4375217979227935
101.15929888696193,3,0.11809675696667843,52,0,0,0,0.45299114884528235
191.94549904016313,8,0.7251376641998437,90,2,1,1,0.6625744093899593
198.83974383169357,13,0.5570068206893427,37,0,0,0,0.41983536419354706
216.64861059085143,3,0.5259508645456058,15,1,0,0,0.5296332840575686
16.659927825015455,9,0.25286730032814053,41,0,0,0,0.4423929659790921
69.14565461371102,7,0.15460753673704164,4,0,0,0,0.4667295811202867
189.40249891034364,22,0.2065479697688959,117,0,1,0,0.5764980512463072
355.3451569155593,2,0.40027700741448013,53,1,0,0,0.5504393754274155
290.8050786505514,22,0.7401432067609529,100,0,0,0,0.48640527277576895
166.36908196486286,6,0.25451661653646995,84,0,0,0,0.4265902234224555
311.7827750905938,9,0.6986130012587202,27,0,0,0,0.4541495708306928
165.43131141415694,2,0.4915118204048434,21,0,0,0,0.45658437054282336
28.713867429317553,1,0.885440848510793,60,1,0,0,0.550924013006964
214.06409517964633,14,0.2329145608890334,86,2,0,0,0.598873584644601
297.61869484823256,8,0.4508566826176089,64,0,0,0,0.4339145946557283
430.0550706020109,14,0.09666476716567107,71,0,0,0,0.5333803669005968
81.95283635538411,16,0.33515314262232065,47,0,0,0,0.41505265515116485
46.01117923804975,6,0.506880444032203,54,0,0,0,0.4217499626848419
241.80928623842465,19,0.7327402143357924,31,0,1,0,0.5358914658912588
181.29064632383674,17,0.19807712005863176,17,0,0,0,0.4452669700345028
169.57456351302062,14,0.21809212840646586,50,0,0,0,0.4187542036566351
314.7333501579782,17,0.6315778405210494,7,0,0,0,0.48110118562417153
241.15304784943433,23,0.3824577834543116,83,0,0,0,0.46028298393227207
193.78420807038987,22,0.48209486723234785,28,0,1,0,0.5559917016641559
91.15022426482327,11,0.8361348687787407,10,0,0,0,0.45547120546119346
227.72862706636002,22,0.49908330106452514,27,0,0,0,0.45198419956962405
44.10192443608776,20,0.6524993806091711,13,0,0,0,0.4603500826577092
165.08277713255842,7,0.6567750416599722,66,1,0,0,0.4852427872547
129.8601526783676,1,0.8036119429560182,86,0,0,0,0.46680310980990414
27.138950787524475,1,0.6381394884910242,84,0,0,0,0.4780400566076085
181.67357980571794,4,0.06480982565386251,60,0,0,0,0.45371506139529794
82.10939369810802,0,0.34217298268684015,43,0,1,0,0.5449674078277119
178.48367678973406,21,0.98931618350921,69,0,0,0,0.4728470141183385
56.872553475112454,3,0.19651028880791876,63,0,0,0,0.4544869054633335
242.82798044836494,5,0.5867290784146886,70,0,0,0,0.4347115829270031
392.4328983273393,22,0.8429406398772615,99,0,0,0,0.5237094800709129
44.11840203176594,12,0.586558560747354,65,0,0,0,0.41936157911376043
56.801799670674164,18,0.37227025812667724,99,0,1,0,0.5260734263901581
36.749281546981166,10,0.08022856271770573,67,1,0,0,0.5276287019016651
112.42400189047424,12,0.36166490253609496,54,0,0,0,0.4025992661551002
176.4821263335117,7,0.18206751157428958,36,0,0,0,0.433975557679531
218.11395850854757,6,0.96086281628198,71,0,0,0,0.46082312124062297
162.69054541310902,12,0.7150318415582864,93,0,1,0,0.5100132214355172
213.45736564689457,0,0.7493831543598622,15,0,0,0,0.48493847832342407
126.28022451319691,5,0.4359692660003781,75,0,0,0,0.4239676444957581
81.27560256994896,6,0.10996482813170616,18,0,0,0,0.45404416941794534
58.16816646721739,15,0.266716486167321,108,0,0,0,0.44181149604134967
115.78925545357242,14,0.25971110406633013,4,0,0,0,0.4537219763830591
59.53232924871127,19,0.48677935080154366,88,0,0,0,0.429165130517601
172.64270968084475,1,0.46097978669335715,11,0,0,0,0.47551331714306755
60.4407555192425,22,0.4334082173718403,6,0,0,0,0.47456118065333264
89.03993911361576,15,0.495977466692741,51,0,0,0,0.40398388090857085
277.9142996499919,16,0.987023081981475,58,0,0,0,0.4674594390920767
296.12733425838803,23,0.29835363065288334,60,0,0,0,0.48374147064884476
289.8717766221514,14,0.6152691603435876,18,0,0,0,0.4465371839035482
127.92335154492153,2,0.23950774404030484,79,0,0,0,0.4424011394381008
84.1397732712842,3,0.46660626592618204,67,0,0,0,0.43171605142314023
192.03617997681,11,0.2000492331463749,17,0,0,0,0.45134479102254493
61.628124773120845,4,0.5581922352997577,97,0,0,0,0.4390624948099828
225.65336524086172,16,0.2650117864836675,34,0,0,0,0.431771825084833
77.72918280510845,5,0.03678891671883078,30,1,0,0,0.5289097525465709
111.9822599885249,9,0.81527109147282,19,0,0,0,0.4350648407659288
229.15984896551907,21,0.1282551121204175,9,0,0,0,0.4726902812297265
19.827533548669734,17,0.3680387991169056,40,0,0,0,0.4418237366019814
80.64200817823746,9,0.4771776091112029,44,1,0,0,0.4858227927637318
175.33995567844914,5,0.43248000042192736,95,0,0,0,0.4352486336109163
203.24352433074012,23,0.725665763690009,59,0,0,0,0.44741621539745063
180.38828529537034,5,0.5967765959309443,91,0,1,0,0.5179085905214421
110.86408056126606,19,0.29537118270748597,111,0,0,0,0.4491378271279934
245.31960524398517,14,0.05170299984067017,25,0,0,0,0.4748029135534665
56.3714538172045,3,0.7675951182531763,119,0,0,0,0.5044385871700824
54.10762837418201,15,0.3525271266784217,71,0,0,0,0.41674440090939924
174.0973101700482,21,0.8897247409999692,53,0,0,0,0.4393853362824478
50.53291542327821,23,0.3950567736032504,48,0,0,0,0.4571412014992033
401.336739833049,7,0.7176586061377073,71,0,0,0,0.48478986667126345
82.65485218024294,6,0.9395647032346792,84,1,0,0,0.5171859394958669
242.1764526028267,18,0.6511524506354798,53,0,0,0,0.4283544956584672
42.41187949590036,16,0.4134889133975048,108,0,0,0,0.4464589061013202
346.5655637884071,20,0.5673992687859428,49,0,0,0,0.4630463708154209
134.80000834861661,12,0.5434451885418926,43,1,0,0,0.46823739398215247
80.73483656644216,14,0.5848200366533628,100,0,0,0,0.4241697456737714
104.7594368779621,1,0.1468199856413458,19,0,0,0,0.4721737608937665
69.94856223069701,9,0.69850988240131,66,0,0,0,0.4178376349724658
111.73693706931267,12,0.14504327166918718,34,0,0,0,0.4231758017405454
44.97506223282274,17,0.014616884317613987,81,0,0,0,0.48290602645381914
82.9740715347954,22,0.6247801006840635,88,0,0,0,0.4463104621393129
238.9846446772538,10,0.1169135721755914,73,0,0,0,0.4507500219495756
156.15847740521716,12,0.7704116367112732,54,0,1,0,0.5009760811731957
55.30903648094126,18,0.8659659535008205,1,0,0,0,0.48073252735896566
114.81960117999365,23,0.9447367902839263,106,0,1,0,0.5884562153659475
298.41604396430915,23,0.6644769629063916,92,0,1,0,0.5942117117110681
91.2715390263068,21,0.48201489289230415,55,0,0,0,0.4186017711306718
50.01270908402958,4,0.3522810807057991,15,1,0,0,0.5388769192123097
198.0186321041582,2,0.4909250939863308,85,1,0,0,0.5159215373367882
11.303951300336674,18,0.1903522283603135,15,0,0,0,0.47905141503016146
106.67377281917739,22,0.34842264778909304,23,0,0,0,0.44918426704971487
316.1006838098364,12,0.7179305248344978,117,0,0,0,0.49270618783277714
112.24961528341771,4,0.21742297113421316,66,0,0,0,0.43575211329208324
255.4829360113547,11,0.264067135673665,46,0,0,0,0.4388782274424409
49.35494525736307,13,0.7493282557078487,100,0,0,0,0.4469963356772076
108.81235583367784,5,0.1778359358272208,114,0,0,0,0.46820656848627573
100.76752692505545,21,0.24588758647337772,9,0,1,0,0.5524007181568732
190.515310306113,8,0.017547562822650353,66,0,0,0,0.46518714210549156
140.46310315352974,16,0.7200515995351068,66,0,0,0,0.4051834131260897
344.5831931620921,7,0.6179035655664339,18,0,0,0,0.4725684714284876
87.10755971865572,12,0.6943854525115413,17,0,0,0,0.4275254109007728
139.18655715101102,4,0.21432776195331316,105,1,0,0,0.5285376658370251
103.84158508524698,21,0.6873763907278714,72,1,0,0,0.4998113245213165
131.62517146240296,21,0.5963766176932567,98,0,0,0,0.446837913178856
122.70030246680888,16,0.3661229792220033,34,0,0,0,0.4067966004467691
61.08298188957839,2,0.4378258116344047,69,2,0,1,0.6116275089006895
229.98375457601674,5,0.5679205032734082,64,0,0,0,0.4265445921230147
75.61514503212604,13,0.4932921760875567,44,0,0,0,0.411783348938521
71.05535061591009,14,0.6418280659693711,29,0,0,0,0.4179023849053691
28.95853049210677,13,0.18097957760599515,62,0,0,0,0.44075956386302434
85.03014598552001,10,0.5407099549161969,92,1,0,0,0.4820302219097497
74.76626730000082,10,0.4502794828645408,16,1,0,0,0.5079026526433299
14.66514015853159,8,0.46102049401399825,78,0,0,0,0.43891386160921775
111.35915850579963,5,0.4693820505825953,52,1,0,0,0.4819732720460145
334.3923151151802,14,0.8814719638223172,2,0,0,0,0.5033865242804149
35.0176587498127,11,0.8186274411366156,104,0,0,0,0.45939086914064736
129.79669879109463,5,0.6295699611705368,61,0,0,0,0.4184716399716872
109.26939223312795,0,0.7164869356023688,4,0,0,0,0.4868686217199454
209.0849141804682,15,0.042802636068106636,52,0,0,0,0.4454539470709973
219.97861495192603,19,0.7439917193796687,41,0,0,0,0.43496117326287276
502.692682843203,14,0.4861646884536487,52,0,0,0,0.5215750260256712
160.39779893382132,1,0.3177475645481276,31,0,0,0,0.45212394493359576
66.4531272230221,16,0.13977696593814293,26,0,0,0,0.4432485170326836
83.0356831789645,2,0.0752087903519918,27,0,0,0,0.47054171430439773
90.33945747060054,2,0.044885685496723116,51,0,1,0,0.5562043367750729
77.43554392312791,4,0.16179617489024078,98,0,0,0,0.45531666053207204
389.88773624847784,16,0.030143794797741652,95,0,0,0,0.5377727233030182
212.6870027577288,22,0.732642242442521,48,0,0,0,0.4499151189226072
189.33932859346737,16,0.2486141190217397,11,0,0,0,0.4443008271577744
51.35317860513395,19,0.36874042693200915,8,0,0,0,0.4625789476086375
218.44339115717565,5,0.8227162138158829,12,0,0,0,0.46180535574790255
283.2566963155481,0,0.11465749652459067,99,0,0,0,0.5241921822850292
110.84294367271835,6,0.8355940302362127,45,0,0,0,0.4240168486113816
82.22166971045456,14,0.6395403505502881,34,2,0,0,0.5899659641085192
350.2721385417781,6,0.34202951460460307,77,0,0,0,0.4690993076890152
73.35208806045594,18,0.11780721306768427,91,1,0,0,0.5219611368539407
66.85276241359746,19,0.09149269734091248,72,0,0,0,0.45981492200221263
57.31292419213826,21,0.3355143460793206,47,0,0,0,0.43663923978634933
124.97171089904415,10,0.14034197271804583,21,1,0,0,0.5134580643068133
160.0485375257748,22,0.2677102964752748,41,0,0,0,0.4572448962211696
257.6926055582587,13,0.05295580045132453,75,0,0,0,0.46807117868587816
195.4900779781941,12,0.5950084216966989,22,1,0,0,0.4894792316075696
193.26718354503694,19,0.1452761169538045,21,0,0,0,0.4565738580424287
312.6785897490867,8,0.756732313125627,28,0,0,0,0.45534469727821336
54.83178649062128,8,0.2181749762779721,67,0,0,0,0.4277289899991992
32.84194026067701,15,0.7979765793381859,71,0,0,0,0.4364331907234289
202.29420173288477,11,0.18988198622586772,14,0,0,0,0.45599216167243933
120.4819749840762,9,0.7213665637012986,79,0,0,0,0.42349458801264817
258.32818500785186,5,0.3330746796251973,73,0,0,0,0.44702371009941116
129.37187786062384,17,0.5831199948890083,52,0,0,0,0.40242339550294176
79.85549019109311,1,0.03866181432173843,43,0,0,0,0.4791635109105333
204.36951428491372,19,0.49524443435425747,71,0,0,0,0.4189492226297232
141.9051298496627,8,0.14868789470206323,76,0,0,0,0.42731672661632186
129.45791808900483,18,0.48632022724902646,19,0,0,0,0.42107102212521164
563.3871038634126,5,0.1413591308861497,27,0,0,0,0.5996445678376546
296.85374947334117,1,0.43708912013937085,18,0,0,0,0.4826425001877902
222.78611167905132,14,0.11062082023228836,13,0,0,0,0.45708834695636913
145.21641592630957,16,0.21995151773429578,107,0,0,0,0.43904929732985004
136.05810156999283,15,0.5950789355038547,1,0,0,0,0.4432313132206559
104.37450981059837,20,0.9766606372101422,102,0,1,0,0.560158499695865
156.28827141000238,7,0.44918476839197197,85,1,0,0,0.48602833582368676
88.97913929395827,9,0.6871736926095025,34,0,1,0,0.5039623770895293
44.37711402966386,9,0.5394246710443752,13,0,0,0,0.45140358486439996
128.24779579784567,17,0.49835793429443775,109,0,0,0,0.4316033732989209
165.69611667405917,9,0.06470419683985118,115,0,0,0,0.482317039970076
258.74097953491435,8,0.14429740227527943,105,0,0,0,0.47177425052967303
67.19588552815638,23,0.8830577292325673,51,1,0,0,0.5246210593974076
136.87660602943293,18,0.4101643150418033,87,0,0,0,0.4227888553106269
194.4221256687875,0,0.614332476584791,1,0,0,0,0.5037878294219675
191.37485269720787,3,0.5282332327149584,87,0,1,0,0.5240641995810128
377.1436283228897,23,0.3788823795512348,28,0,0,0,0.5066341642066553
106.0031757036142,2,0.3878165426109311,32,0,0,0,0.4393177879500373
62.26082989789806,9,0.5554650059086728,72,0,0,0,0.41945349395394005
143.69272635467144,11,0.14114180147574362,55,0,0,0,0.41885029446293137
110.4220197915833,17,0.38725904025443403,26,0,0,0,0.4191350660514879
95.57061912557228,22,0.4469755694027391,14,0,0,0,0.45342585744375663
85.3786567162655,19,0.9851262236761242,88,1,0,0,0.53399407895763
166.17697547118036,5,0.3514547692857177,112,0,1,0,0.5324775180340678
75.74023366131993,20,0.6445788958808689,93,0,0,0,0.43163877345230145
222.65184928798814,1,0.13741549982646817,68,0,0,0,0.4642820961719228
215.46803825817324,9,0.06548138183021912,63,0,0,0,0.4466754770261844
177.0800132529305,1,0.8715420140012303,82,0,0,0,0.4726425143974674
54.742592906281935,8,0.7307349024056865,14,0,0,0,0.4526343322881285
160.80287438173596,9,0.317499287594569,27,0,0,0,0.4315052003810119
270.4127312312946,1,0.504578002897229,41,0,0,0,0.46829015716213473
233.70321189300307,7,0.13574418445183856,111,0,0,0,0.4704237140391115
211.74111563541226,23,0.7071602939808602,3,0,0,0,0.4907636001317087
135.345052527724,16,0.07033059208743897,94,0,0,0,0.4681206243665425
130.84620382622592,16,0.7570330569412019,59,1,0,0,0.483424452252407
300.06929266655266,3,0.5468365102699866,100,0,1,0,0.5612757171853954
164.28388741985341,17,0.27885053008676475,23,0,0,0,0.43744583026004835
165.7697026806992,11,0.8625743540614568,18,0,0,0,0.4402304162394731
668.3267980010281,16,0.9860718703388544,110,0,0,1,0.6120606079462033
104.19510415972968,8,0.254349101197638,111,1,0,0,0.5139618795947014
13.002364942190335,18,0.8062461495859325,104,1,0,0,0.5476411878841948
116.51081980103812,13,0.7501663163764574,74,0,0,0,0.41508938108367244
121.84028802615435,13,0.7471901211056694,76,0,0,0,0.4156514488748281
162.5315403948878,16,0.9572356114840272,117,0,1,0,0.5747744946756524
190.11339159009316,1,0.48661709230199235,41,1,0,0,0.5210727727149661
16.336311423284705,7,0.6741680405566547,8,1,1,1,0.6337389869905281
192.85249233493548,4,0.8238773636258041,32,0,1,0,0.5466317876806212
127.49297765339072,6,0.4795364450430264,81,0,0,0,0.41286454102538134
107.9962912921913,21,0.4814312028120059,41,0,0,0,0.42204893213012856
27.0983021007207,15,0.31865475406735133,45,0,0,0,0.4337166490561884
341.7436296485561,15,0.7808257128271341,78,0,0,0,0.4634464717708472
94.53629147660585,16,0.6861957796855566,101,1,0,0,0.4882459619157167
213.69604430613296,21,0.45113989950104993,9,0,0,0,0.4540872073299732
66.34486927631754,6,0.4193366573987367,90,0,0,0,0.4278075537411989
167.66145289472882,19,0.07258964316911865,48,0,0,0,0.4493432129897755
109.34750480334641,7,0.006501146828415516,115,0,1,0,0.589669807645988
209.22332396608056,7,0.5288939665318434,24,1,1,0,0.595313040870479
106.49912791995047,22,0.4174928523515995,87,0,0,0,0.4462774882644563
63.67554026731025,10,0.7960367599017643,95,0,1,0,0.5276584295241187
131.88249278598886,14,0.5426540563071215,103,1,0,0,0.48186539281808133
126.96714977755173,17,0.9367060433822255,44,1,0,0,0.5028558720704128
159.83265715267544,5,0.19614079886099856,58,0,0,0,0.4357925565688447
253.2637372159657,21,0.9901503403850398,66,0,0,0,0.4778688017261826
51.598738570654135,11,0.29791919431210634,114,0,0,0,0.45553035911340667
244.6917985573978,14,0.6424239735733059,18,0,0,0,0.43475865326772056
44.507544299424715,22,0.5018537136166513,80,0,0,0,0.4520567589645615
203.72839489730015,5,0.3595764012492494,29,0,0,0,0.43322549354686934
208.12800657656862,17,0.1393091832654466,75,1,1,0,0.5866979853905625
90.56428810740996,23,0.13483415145221167,2,1,1,1,0.6668990975939227
69.31846174567764,19,0.7115058273781953,78,0,0,0,0.4261744401089153
66.18749862347977,8,0.37764138297631134,68,1,0,0,0.4862720564180771
141.30486117022133,7,0.9612979741329427,103,0,0,0,0.47914243751591856
217.41455559997598,13,0.32564848650633804,98,0,0,0,0.4316649703085097
119.23245599317183,18,0.9835237217479629,117,1,0,0,0.5587458852322578
11.172123016699329,18,0.20542325659526273,110,0,0,0,0.4893752189673325
85.78516966981059,7,0.10281438623105355,39,0,1,0,0.5313520053463496
83.3172582332958,1,0.31256973352295714,73,0,0,0,0.45269805420779946
189.22197843552357,3,0.885584789428589,104,1,0,0,0.536580985859726
196.04084779401683,5,0.5218519444952847,41,0,0,0,0.42656672790911043
149.3078848603828,2,0.13565010593720805,71,0,0,0,0.44646908577211314
244.99754478360597,2,0.20249904960409504,115,0,0,0,0.5131600337043581
257.29329259125416,18,0.31126066214956327,81,0,0,0,0.43868807325502435
89.98301787187081,10,0.5901667378127078,87,0,0,0,0.4202834463155059
64.91786094252447,9,0.3323789398776207,109,0,0,0,0.44351023191750927
125.64986726462811,11,0.7470540820893272,75,0,0,0,0.4226089398515331
149.09175936708453,13,0.6162935561852966,22,0,0,0,0.4201233824925372
86.3510256190007,17,0.8738237373533401,82,0,0,0,0.42229933071036935
770.418962645005,23,0.5009618263593643,49,0,0,0,0.6071447492643983
328.91127543780146,8,0.3311764141010678,28,0,1,0,0.5632696990116558
79.88078202037435,14,0.9962715678032041,16,0,0,0,0.46854206788405506
53.60657833198873,23,0.35563332180735574,106,0,0,0,0.48004557186708335
74.6154027076329,2,0.42860263978051205,68,1,0,0,0.5042064405266236
260.3489255860719,22,0.8091272253580883,62,0,0,0,0.46297523704543947
264.55935704877595,10,0.08863623389309261,36,0,0,0,0.46330850014539154
331.51993306520205,9,0.38649010605851464,22,0,0,0,0.4723821240667269
63.252839614525925,17,0.08571009343828395,11,0,0,0,0.46383278355633634
188.70135357967288,3,0.1393058666727579,85,0,0,0,0.45757229189881704
68.45354732756834,12,0.0046408254980069286,104,0,0,0,0.4964812944903441
378.214976952573,5,0.009544292582375213,105,0,0,0,0.5550401804583249
65.1761794271946,20,0.380287889502852,80,0,0,0,0.42627855048740676
42.89007160625964,12,0.8091638049477762,42,0,0,0,0.429686481608314
50.85659646048916,19,0.5870043605916931,55,0,0,0,0.42393033623948073
132.31914821831185,4,0.6349140441376434,73,0,0,0,0.4227540805822527
215.32110171646758,19,0.5192492375848865,35,0,0,0,0.4244727827246802
205.91942686865207,13,0.8197931441705587,57,0,0,0,0.41836590887027014
52.88276487561683,12,0.8803787251861742,34,0,0,0,0.4364218243659386
98.37843785547759,13,0.8497407281453753,73,0,0,0,0.4230970068593698
88.34529762843773,7,0.812132105803039,77,0,0,0,0.4277146651389339
46.159881734126216,15,0.1827130735632838,70,0,0,0,0.4377617673384458
86.65125158435039,12,0.5938762253652211,4,1,0,0,0.5196844297169231
322.38564824888357,23,0.5821631960983702,46,0,0,0,0.4817259965643158
40.388259288623416,14,0.527944003747641,92,2,0,0,0.6096271417947962
156.3796523219632,18,0.48081278929676596,11,0,1,0,0.5404669433624583
327.21684547290624,0,0.08917047718638349,98,0,1,0,0.6076496769114833
316.37096027027843,21,0.10216323390622195,61,1,0,0,0.5633407244177342
389.54589505439117,1,0.9022815704406234,35,0,0,0,0.5186407010054361
167.40860487876176,17,0.6301864391211986,69,1,0,0,0.47934540600636477
185.08314460085626,18,0.2623172144980064,57,0,0,0,0.42802567549421394
87.9766968964918,7,0.27930038921345623,103,0,0,0,0.4366144567491781
39.52605297969649,2,0.6101948316486301,11,0,0,0,0.4893174488512757
119.07815141965023,22,0.4069349746356621,12,0,0,0,0.455049353565406
281.6747515076906,13,0.4413241709850946,43,0,0,0,0.43595438012918597
10.916169522364353,8,0.06064999053341902,19,0,0,0,0.4843850642337696
91.26288816656724,7,0.13873918710974475,77,1,0,0,0.505291119941501
197.69670577471544,16,0.3933504265636626,68,0,0,0,0.4132634289481893
133.65869346014793,22,0.6996864199347684,78,0,0,0,0.44220219621182144
304.9803383518447,22,0.04802538759991315,108,0,1,1,0.6227912937423753
262.7534317063462,23,0.3345577928310832,59,0,0,0,0.47047844364418906
34.707886000397934,15,0.6950719519345159,2,0,0,0,0.4774540101661976
142.07251507350563,9,0.7920507904502913,8,0,0,0,0.4591533824030062
71.38150201740973,20,0.19022070409531333,22,0,1,0,0.5422256908144604
70.59456514835799,9,0.7314871318934572,115,0,0,0,0.46173232553147925
37.53773232741515,23,0.9554116940790295,77,1,0,0,0.5530395153808988
159.71213133881594,5,0.9068121500964483,21,0,1,0,0.5442152448180508
309.14852631432086,21,0.7893760773775089,85,0,0,0,0.4689106751064289
170.01987629515267,16,0.7123266860413382,92,1,0,0,0.4852748319906652
35.16342663011207,15,0.23513830801977031,97,0,0,0,0.4463078137045639
128.08254390561547,14,0.6339032270481123,29,2,0,0,0.5818301299004456
192.33385448846644,21,0.6432739938102959,101,0,0,0,0.45613220432404905
120.99580657394134,13,0.4068213320926879,86,1,0,0,0.4716043323686947
167.86630293277608,3,0.4930154617009376,90,0,0,0,0.4356077177344703
76.4319172806315,3,0.6940284881747067,75,0,1,0,0.5238077185726008
110.44071826878913,1,0.9521015357104221,75,0,0,0,0.4846565896647114
105.17559008135734,10,0.2953062084410316,109,0,0,0,0.4426915228693482
346.69011461841563,3,0.24636315195743952,98,0,0,0,0.509014728435748
53.94659912399317,20,0.6018068922988716,83,0,0,0,0.4300551391448217
13.098990230768585,20,0.13079911144135992,112,0,0,0,0.5057197637928741
332.38413805550323,15,0.5825328304878139,37,0,0,0,0.4607773592971329
145.65695371829173,20,0.08885148507143081,78,0,0,0,0.4578516145761673
43.932047717636856,3,0.4905838796045088,29,0,1,0,0.542834871236974
247.53692045471215,0,0.6204143747135337,83,0,0,0,0.48505200946631016
200.5915212950629,23,0.07010963927284186,37,0,0,0,0.48981384571559056
383.6793330184611,18,0.2069531519486293,21,0,0,0,0.500777182074533
154.23021596773395,1,0.3353742848795249,88,0,0,0,0.4550601035283614
564.39662815718,8,0.36859869518615895,90,0,0,0,0.5685218559715445
121.82459031432236,22,0.6761046432541584,105,0,0,0,0.45863384696721815
200.85325964552766,12,0.5290213405595241,12,0,0,0,0.4347106666183918
221.12998337937083,17,0.3821084703053269,48,0,0,0,0.41577422923183205
94.18156853512215,15,0.45067625434165004,83,0,0,0,0.4104693753558012
91.7732375028619,15,0.01297667065023922,47,1,0,0,0.5288857444577383
224.24387522450337,9,0.77052527930763,113,0,0,0,0.4695484271009338
40.28060364491813,8,0.041004688694782465,94,1,0,0,0.5365989030836511
70.96954734652522,10,0.829317492922566,15,0,0,0,0.4515749347586696
119.24385914676017,3,0.5409965214147301,67,0,0,0,0.42684645694655216
375.90202108193614,9,0.527819191224517,113,0,0,0,0.504897761947336
224.34887059665303,2,0.7045786277731994,13,0,0,0,0.466994692524677
141.40302134352285,5,0.8595595326534653,59,0,0,0,0.429297783041007
87.1550553495075,2,0.9426461464796643,73,0,0,0,0.4717855180508476
475.00875478129507,8,0.5433698872439848,13,3,0,1,0.6563569396978527
127.44162250768721,2,0.15065823198891826,80,0,0,0,0.4489628077409507
70.909635814948,17,0.8786309261730072,115,0,0,0,0.46150486773440436
533.8779594149743,7,0.040672018370114915,78,0,0,0,0.587666926124469
42.15596110197669,21,0.8073371707198082,72,0,0,0,0.4508713470469762
315.5137842101123,7,0.6804216264256481,118,0,0,0,0.5009767005677519
134.83743697191213,14,0.9047276074229461,19,1,0,0,0.5087818775774446
223.97691444543642,12,0.8974631502474468,57,0,0,0,0.42862344413834674
197.03191137742505,6,0.05315408543707967,32,0,0,0,0.4610469185105863
221.75623403845464,18,0.6094464071756721,99,0,0,0,0.44280789772401874
565.0055391420876,7,0.12467145516820177,87,1,0,1,0.6224802436551973
510.2775740110349,9,0.07846861174405473,21,1,0,0,0.6097545174593627
74.24184482936967,16,0.44827714583073053,82,1,1,0,0.5863106441761174
191.807638546304,0,0.09759753984874064,112,1,0,0,0.5668633946783136
23.80110365392283,12,0.7279023831125928,14,0,0,0,0.4600914692170325
238.44284032765702,12,0.9689407105075997,80,0,0,0,0.45807419827608725
277.3665339854224,23,0.5695829577830928,24,1,0,0,0.5365915657963954
13.351528825470814,15,0.2351688695616866,49,0,0,0,0.4452218220506047
131.07050541625262,8,0.8432063915253954,116,1,0,0,0.5246476713869003
223.69433958829333,9,0.853103374930026,32,0,1,0,0.5349452834922223
172.9893939170396,5,0.7327859723643944,75,0,0,0,0.432925469049488
43.0212980139641,4,0.6151321848133509,109,0,0,0,0.4581358627483715
47.80664185879007,1,0.867792454751724,11,0,0,0,0.4931864086040835
119.53336823288038,10,0.16329168199755906,60,1,0,0,0.4949890988911677
94.17089041620756,8,0.9316001263440448,68,1,0,0,0.5047032683961947
101.62002869285892,5,0.9472031492105683,61,0,0,0,0.4545332343665394
37.2521276596268,7,0.8719923739971334,90,1,0,0,0.5180517872236902
136.60224075219313,8,0.2506620347114671,110,0,0,0,0.44156687108338
377.8131336512086,8,0.8581783863106291,5,2,0,1,0.6525931937455245
44.87697439874688,7,0.49763821183769175,36,0,0,0,0.42341535363011545
111.90843275566831,11,0.5949302374008253,97,0,0,0,0.429047750410552
206.71189695484355,7,0.8406006225041451,64,1,0,0,0.4948179458573124
28.570819559136503,2,0.02958284454523752,78,0,0,0,0.4987398530963782
137.64310238142258,12,0.36294259217564573,32,0,0,0,0.40673980300379825
271.6965156974858,18,0.8156933772444657,71,1,0,0,0.5217614634470589
54.790473978077245,1,0.813954783801723,74,3,0,1,0.6362493070354874
147.87000557579202,16,0.8486879268829328,66,0,0,0,0.41894334357617247
258.492865879138,15,0.16921590013949128,10,0,0,0,0.4616600163603022
546.3669068184789,3,0.7058866182279601,99,0,0,0,0.5723111213287889
142.2542395813375,17,0.14650334050541858,21,0,0,0,0.44137220030661684
72.37942749047957,13,0.7850980089510253,40,0,0,0,0.4216569745450126
72.91760095821724,1,0.2451260044545075,42,0,0,0,0.4532159714011157
35.050583412689605,12,0.737817727586946,72,0,0,0,0.4303584269936509
398.1289311298266,20,0.4550016185279725,46,0,0,0,0.4833731239369388
247.86063082877217,19,0.9862634645527724,82,0,0,0,0.4772601341011588
47.79512544749374,16,0.5798938307492809,73,0,0,0,0.4173023042572236
68.77906186518294,14,0.6325793642202862,118,0,1,0,0.5391439081832033
140.48809992937893,19,0.3681635138512874,41,0,1,0,0.5089686379748828
270.30615935184534,4,0.7345201578474331,94,0,0,0,0.46653090982770784
192.14861687388222,6,0.494885641104835,4,1,0,0,0.5258418511522268
179.08836094423393,17,0.018066635095864148,99,0,1,0,0.5630145325319003
155.2631461441042,23,0.6085815978756451,14,0,0,0,0.46067783446673155
50.34399872737016,10,0.8304595904293615,14,1,1,1,0.6147634082807946
141.88404256583425,17,0.23680177006045067,53,0,0,0,0.4124475405507106
129.2553550200334,4,0.2210637550851846,112,0,0,0,0.4567914928932454
34.532649789881646,12,0.6088861831192705,101,0,1,0,0.5297005855512734
391.58227769111875,17,0.817979276425494,84,0,0,0,0.48508641760116394
81.25034041655209,1,0.24962033784357585,29,1,0,0,0.5280466145415941
35.534241253438694,19,0.9322626512430391,23,1,0,0,0.5471898914109595
93.16980910001533,3,0.927387356681549,111,0,1,0,0.5692587956298057
108.45698445287525,12,0.20053667190793334,85,0,0,0,0.4240897140711579
126.27014809146637,23,0.2637844120568157,31,0,1,0,0.5512621133383047
107.01369751942966,15,0.7005988109481615,96,0,0,0,0.4212126896393255
131.86492142779318,5,0.951733109024426,105,1,1,1,0.6164701569703663
149.38821576908114,7,0.7098826887763147,71,0,0,0,0.41627168493263206
143.69423337772352,15,0.444900049820538,77,0,0,0,0.4051146955387591
178.1343054368871,12,0.1690013464265031,61,0,0,0,0.42724557476291625
185.88002039534712,22,0.46100984883962115,23,0,0,0,0.4515966955798431
189.2410990615859,3,0.6067677919705544,8,0,1,0,0.5714679548475771
223.676484008115,1,0.3309519189566503,76,0,0,0,0.4614294537245615
73.8486149452497,8,0.5102578212000898,100,0,0,0,0.4286565634981153
76.19330161664956,17,0.13021412832870594,16,0,0,0,0.44436431864973036
271.1527528351743,16,0.4521881045125864,26,1,0,0,0.5066297078759013
95.52307498854846,7,0.090775818929554,29,0,0,0,0.4483797851879884
120.90466602791085,14,0.049088749948990595,93,1,0,0,0.5235732691624512
112.6715404041034,8,0.8572399155993272,6,0,0,0,0.4586521284640313
533.5496120937235,16,0.2050815841460749,37,0,0,0,0.5594051895472476
63.26302498199486,22,0.5751553291279333,33,1,0,0,0.5098597213295692
62.19707088155495,1,0.14898275840999242,95,0,1,0,0.5623515505254217
132.21412649217797,5,0.26252757090929135,46,1,0,0,0.49881931479701946
115.2047620802636,4,0.36133941976948436,61,1,0,0,0.4938901254628916
47.35724870718174,16,0.14367643635477023,41,1,1,0,0.5967446291643617
124.05978767680466,1,0.04596229701111032,18,2,0,1,0.6223338892516325
134.99527507523715,17,0.877159802018011,102,0,0,0,0.44064620933898774
87.79400691988818,9,0.01183283587977213,111,0,0,0,0.49489814609937377
118.3750654816145,9,0.06132098283506782,95,0,0,0,0.46248551163935325
68.82844439120726,5,0.8050721608281025,16,0,0,0,0.4577969139808394
47.46694687917697,11,0.28200833677305603,104,1,0,0,0.49906856740308164
94.9316670232032,16,0.7228203011146973,51,0,0,0,0.4126139565884575
54.70007506284411,12,0.14622574921791376,37,0,0,0,0.43528590965208946
39.02190052196666,19,0.23728174859671936,14,0,0,0,0.4594275865636015
18.916173698617335,15,0.5727765165969935,103,0,0,0,0.454361987622185
157.21534739750177,9,0.9886358384892835,68,0,0,0,0.4572771959419458
92.34554940230416,20,0.07344447015922317,30,0,0,0,0.450078274992265
272.24003267887787,1,0.40055459798183224,60,0,0,0,0.4621710307027898
98.74394323130849,1,0.04308097000592481,53,1,0,0,0.5441438546679841
156.65688850651324,22,0.1992264426559749,97,0,0,0,0.4705253653476647
77.88624102130895,6,0.9074710268385046,36,0,1,0,0.5381932563428613
129.11395032482775,5,0.09646010378976966,30,0,0,0,0.4456909460990568
19.09782897222554,0,0.8568559213756336,64,0,1,0,0.5821314824065742
93.78117386123564,11,0.17780323811008125,14,0,0,0,0.4473728980870928
63.627519974269106,12,0.8617848465377039,23,0,1,0,0.5330761143804142
253.60661716566116,11,0.5380219631356752,48,0,0,0,0.42447735557932476
149.3724105161095,18,0.8782066742268435,28,0,0,0,0.4303844443354915
229.8284179935139,8,0.15170364465152042,7,0,0,0,0.46782475797706735
292.574788442512,9,0.762036551307826,42,1,0,0,0.5305231834817473
87.60680306378157,16,0.6806985960805767,10,0,0,0,0.43961253200269557
144.71089668676228,17,0.5429333873929625,68,2,0,0,0.5972744333083706
50.08417044610367,7,0.810587344410973,44,0,0,0,0.43233221579849757
174.1255920985417,6,0.6482760244270397,102,0,0,0,0.4406446283393034
192.49179050955956,8,0.8770469246077496,13,0,0,0,0.4598156134735783
165.69818980458302,9,0.38106214678556605,85,0,0,0,0.4160473291484308
87.52545657578673,11,0.589923178273815,33,0,0,0,0.41748185182031616
415.6569427281768,14,0.8706008425757117,104,1,1,1,0.6573762315929509
134.72731093086912,14,0.21481406410413462,92,0,0,0,0.4309894553642041
50.36345833871469,3,0.48574135661685425,87,0,1,0,0.5254104806933908
205.4261479292943,3,0.960741821728669,32,0,0,0,0.47446605561832944
258.7558306452069,22,0.47360180149468445,48,0,1,0,0.5627513472379727
51.30272586621735,0,0.2528294451955403,5,0,0,0,0.5084753565176073
108.5177760561791,11,0.35107623874323823,61,2,0,0,0.6029979773331251
34.80335305920071,1,0.8850841193734466,90,1,0,0,0.5469294107731372
300.0915095500237,14,0.9548830387675503,103,0,0,0,0.4935700691638603
123.07434035304115,16,0.9501076426861392,90,0,0,0,0.450526213599851
63.880236733596966,6,0.6989423919685712,3,0,0,0,0.46311264670835944
261.03216927868846,5,0.5096018888246124,24,0,0,0,0.4535359338371184
131.96395145011212,11,0.18268893490734184,117,0,0,0,0.46342367471701706
237.12365468192706,18,0.12322101207046454,98,1,0,0,0.5312482832051125
182.07878603531742,0,0.059766607641346225,34,0,1,0,0.5791340978453146
56.39322058467186,20,0.017714909508969257,84,0,0,0,0.4898561621629279
85.0861199128091,13,0.878116722105682,119,0,0,0,0.467651253710669
65.45816600361219,3,0.8090863158033444,94,0,0,0,0.4684864168419466
47.16835348692406,4,0.5678213805004708,42,1,0,0,0.5054244231774188
26.002708564504488,0,0.9987232545377139,20,0,1,0,0.6092743348921026
470.3054800533338,0,0.9530520722016411,41,0,0,0,0.5708493313705193
163.4943194625451,20,0.6551089707147064,82,0,0,0,0.42520400940226694
181.2633109651603,5,0.46457456704025346,102,0,0,0,0.4439640963324438
280.92038677711884,4,0.1521707161131296,20,0,0,0,0.4789511418565631
84.37375488106831,1,0.5155938052543524,6,0,0,0,0.48645835631703954
37.48222456775974,20,0.15774367288552726,57,0,0,0,0.449935123764871
222.97662749428287,4,0.398451304246189,42,0,0,0,0.4344121898645668
43.8454481145662,8,0.9426481084327509,25,0,0,0,0.45985518056812147
219.32739463224158,18,0.3419789893356374,41,0,0,0,0.42746419196706525
31.82648466169047,20,0.15278727364346711,41,0,0,0,0.4526896236343098
40.815956436750795,14,0.5823966042362146,3,0,0,0,0.4674212584212793
77.47764832020232,12,0.6023641741274721,108,1,0,0,0.49416401476604377
213.63991027939934,11,0.19380424246791583,43,1,0,0,0.5039115998223646
380.1360896004207,4,0.19658658758196024,46,1,0,0,0.5624430012519578
181.05572472859248,1,0.989549791324827,57,0,0,0,0.48640343980886314
80.09014176324362,3,0.243281072862212,83,0,0,0,0.44082729883082805
251.19584318858873,17,0.8381920347835841,74,0,1,0,0.528058621169704
30.81720252996828,20,0.4703238255459795,51,0,0,0,0.43760668737689556
59.20704839271256,9,0.434989238912728,5,0,0,0,0.46512355780635384
141.72166101506724,12,0.2949624161637524,86,0,0,0,0.41695287647074053
228.0622615794559,11,0.7738257968923308,73,0,0,0,0.4351909884960296
112.92243651464102,1,0.8806608784415548,97,0,0,0,0.48312642486851365
103.57789571243855,14,0.2611274615590803,15,2,1,1,0.6579519645019671
108.48582961258636,13,0.09509666934911398,88,0,0,0,0.4548076493540634
279.2273644643435,9,0.13691955288560986,94,0,0,0,0.46589180319868384
69.30474410094737,21,0.7928035347662441,100,0,0,0,0.460318453735298
55.642495858113044,7,0.4358269113196258,39,1,1,0,0.5896366164455606
107.13141193206656,14,0.13191465841072292,70,0,0,0,0.433620523307517
305.6503021548266,12,0.34028820641962454,79,0,0,0,0.4436504674446107
76.36055388815903,7,0.514235482853053,38,0,0,0,0.4197510336571583
108.21520302750187,20,0.8520516838450082,39,0,0,0,0.42710201540565274
30.280365092018478,20,0.641743254225175,52,0,0,0,0.4369527569875907
111.82861453981211,21,0.17603280108000074,86,1,1,1,0.6129953875385398
157.74868464572324,13,0.15870271235833644,3,0,0,0,0.461297215148975
43.911077335096365,0,0.4123342156333225,117,0,0,0,0.5067836409280065
279.5801493322117,12,0.07519284770175638,29,0,1,0,0.5692221093061648
156.25408151217647,7,0.755577195283873,93,1,1,0,0.5969511948537681
86.68962900996735,17,0.4014538203037721,31,2,0,0,0.5949276941536493
157.1165849971119,21,0.3430237727813903,109,0,0,0,0.45978772275299806
188.7303642999736,8,0.5091083323914358,66,0,0,0,0.41027070478849176
22.056944239949733,12,0.7089568037628478,99,0,1,0,0.5362737401039317
161.5790589469319,2,0.5693469444930521,45,0,0,0,0.45123677560989545
298.45104524243,17,0.8024027817219871,73,0,0,0,0.4480669772204188
68.45560960840692,9,0.6293625638701175,22,0,0,0,0.4367947406745673
88.23308801877886,4,0.7879702674082638,83,0,0,0,0.43585904686896665
100.5943768603411,5,0.6967822735646749,114,1,0,0,0.5196342383625944
229.83614039701038,7,0.1931228402637365,101,0,0,0,0.4578366415209434
51.42276292972067,23,0.05235445018579876,10,0,0,0,0.5052046954059282
182.57819317299834,6,0.9033968005033816,110,0,0,0,0.4782692746715217
102.11674665421839,20,0.9456561653820842,21,0,0,0,0.4598323855577794
391.8991662805195,17,0.7269322966314722,17,0,0,0,0.49317747349069174
106.91801344958856,13,0.724205822695949,67,0,0,0,0.4089740014155508
10.722793710128355,14,0.2701470804941095,7,0,0,0,0.4817096013279029
207.29970433434198,9,0.5424417088818329,105,0,0,0,0.44351258001205907
175.99084291133562,20,0.9922396637046083,101,0,1,0,0.5732858699139224
151.39949171599915,11,0.8561435980700195,36,0,0,0,0.42907082389785295
292.9969750092206,6,0.30439435255199665,67,0,0,0,0.4449055823277558
25.829088557955565,6,0.3010458656978904,77,0,0,0,0.44261779781052596
60.007996518432726,10,0.48357729114805914,105,0,0,0,0.4402210555444516
128.6123374746233,12,0.4045986661677845,30,2,0,0,0.5848693920960101
145.4682715085375,14,0.37115304628017465,87,0,0,0,0.41012503014668694
114.63465013923162,17,0.6269719088061033,71,0,0,0,0.41103074179293503
30.76713581186366,6,0.011492469633537561,94,1,0,0,0.5501183240560805
88.9468032800589,5,0.7633396360332768,29,0,1,0,0.5333555495396416
373.9716917341418,22,0.740052996675785,72,1,0,0,0.5616623104011841
49.13809316455689,10,0.8303256805947012,74,0,0,0,0.4371932753876368
126.44573025915932,7,0.8414506733068134,33,0,0,0,0.4256184662169603
183.06477444175283,19,0.5663996947604685,59,0,0,0,0.419105641838463
225.24535550323338,0,0.7800739356232906,20,1,0,0,0.5488978264014142
206.60256007433674,7,0.4923951254805192,93,0,0,0,0.4292306122590491
83.67342878250419,7,0.9515298364183005,29,0,0,0,0.45785664688775
59.77648414773708,18,0.19069852978743473,53,0,0,0,0.43279974510525226
393.9509753239009,2,0.9156170920738993,85,0,0,0,0.5188164897802038
240.61599546589133,4,0.2585303612677231,1,0,0,0,0.48929861910704947
135.74338043302564,2,0.10272337368685203,115,0,0,0,0.49708824461914564
327.1983674021172,14,0.4391044474069674,34,0,0,0,0.4498448699378865
37.71126283712214,13,0.6149172424160594,44,0,0,0,0.4259618397847552
11.17694097636139,20,0.23098987319995223,119,0,0,0,0.508485717772154
144.24114950695017,14,0.5557962411442978,96,0,0,0,0.41769215640806573
149.3596908846149,23,0.8078933569345047,109,0,0,0,0.48198944737323784
34.247360493482624,16,0.25708496580372275,14,0,1,0,0.5417716924193804
234.6733812835301,17,0.580322245914203,37,0,1,0,0.5230164089097147
17.821446225003964,1,0.3393125961930803,35,0,0,0,0.47416385750647416
168.1607102804383,11,0.5297684675304802,59,0,0,0,0.4124586637076454
196.48705819189072,15,0.6669190195749695,24,0,0,0,0.42260831838865004
142.9644565997523,3,0.3504225718160924,113,0,0,0,0.46414763456875985
29.461538136448624,1,0.994482882452134,65,0,1,0,0.5973590141627253
290.908505527044,13,0.5637751984296409,110,0,0,0,0.46064157977391423
86.01130073577998,10,0.8244615590929387,6,0,0,0,0.4655180799837953
86.23940631114269,12,0.7251352229107911,113,0,0,0,0.4423069882876854
72.66526440676361,6,0.8528053137029477,68,1,0,0,0.49638475100761553
211.60165100085155,9,0.17380095453856792,38,0,1,0,0.525323411635079
82.67936032831881,23,0.22255370972767097,1,1,1,1,0.6652567774670683
44.86774382003932,0,0.4874111778902902,41,0,0,0,0.468841961622502
253.6546431575701,20,0.8523286764854423,31,0,0,0,0.45129928973298883
124.14652006798366,3,0.19760658139085874,36,1,0,0,0.5135003578801817
259.7171066387517,17,0.9710658321072984,73,0,0,0,0.47339179162267053
131.2682968042514,5,0.1276023083151414,105,0,1,0,0.5293304621857132
68.49140919778849,1,0.175077945180508,54,1,0,0,0.5294809187525823
21.22499938037736,2,0.16723378336607542,109,0,0,0,0.4964404670320821
144.6986302829602,13,0.5860059530346196,87,0,0,0,0.4098383690933186
100.76905431725496,7,0.9175410815966359,31,0,0,0,0.4394982317263539
217.7499982647876,15,0.25511138716643833,29,1,0,0,0.49480393408790013
79.51602803816628,18,0.5530368534585615,113,1,0,0,0.5058496288004578
171.84440957767998,17,0.17577251004746075,85,0,0,0,0.4366221999010818
127.22830618846564,5,0.6311368962077986,3,0,0,0,0.4515744148552178
63.36431986307729,13,0.12324633617951175,58,0,0,0,0.4317235718129642
84.89998813267347,2,0.49131076751269787,90,0,0,0,0.4464281497764511
36.8690699658504,15,0.6551818136768675,61,0,0,0,0.42443700073890656
412.00776516853523,0,0.5791279167555102,6,0,1,1,0.6362720632049313
169.18445014376917,11,0.1400004827007425,20,0,1,0,0.5225756692119927
34.41931076605906,13,0.16137337151482933,111,0,0,0,0.46118354498894376
398.23388185391474,18,0.6713910048249883,61,0,0,0,0.4774694184640006
48.509457213640914,21,0.8089092960897761,46,0,0,0,0.4458593739021429
78.37481528665613,18,0.9080744025295909,13,0,0,0,0.45555262140033054
106.67649980805065,8,0.8136115153461169,105,0,1,0,0.5281548829761813
129.5899266339014,6,0.9739238788871947,23,0,0,0,0.4659607429208472
213.72415862732282,13,0.4082518041651354,79,0,0,0,0.41484193527030366
15.883160627754961,4,0.3311657542220343,110,0,0,0,0.47727800237541146
131.15119570820474,17,0.028184052345116895,31,1,0,0,0.5192338221404966
102.36040000574917,8,0.44989585598809345,4,0,1,0,0.5476282277608706
146.6371464232642,20,0.6513715524132325,75,0,0,0,0.42227888758927534
98.36998987281775,6,0.8154086413224756,118,0,0,0,0.4730637437081715
88.05783945710752,8,0.2674553827743703,66,0,0,0,0.41503147941135626
116.54913940897187,3,0.5135912763692905,16,0,0,0,0.4498362264145449
383.8762263890335,16,0.6620095646140466,115,0,0,0,0.5116131990879572
89.46606433146803,11,0.5516028659840939,31,0,0,0,0.41333131363844683
282.08921533713374,5,0.27402071740240774,48,0,0,0,0.4498598260159244
142.06608640612436,17,0.7962824382950623,103,0,1,0,0.5239078981821098
137.16844160878296,7,0.1733610124719337,43,0,0,0,0.42127340782690154
147.67554077102685,20,0.904979833786364,108,1,0,0,0.5351879313961972
182.64540178060605,14,0.9525967490548113,4,0,0,0,0.487077468810348
95.22859713040071,2,0.3655732620752621,62,1,0,0,0.5068002325596896
269.1256865058091,1,0.3761817904859518,48,0,1,0,0.5558441198065602
182.96665402321108,23,0.7432782589171941,28,0,0,0,0.45398926984802535
40.21319120130081,22,0.45628859855200066,16,1,1,1,0.6278509534412688
10.8553588476815,8,0.028610143599235194,103,0,0,0,0.5057016072574126
376.1389217505502,7,0.919876727675241,89,1,1,1,0.6461451840657595
151.15609220290324,3,0.4307503419657628,77,0,0,0,0.4298856156060964
35.47358907876033,1,0.20349510054031128,69,0,0,0,0.47865676558591397
89.36291628404001,13,0.5556640731487861,30,0,0,0,0.40690937121138376
240.53692671755334,1,0.21890616259131657,65,1,0,0,0.528721419205833
111.22643245687108,1,0.20602199968160784,69,1,0,0,0.5194572916590463
119.22201028479753,21,0.5457313273906327,118,0,0,0,0.4638622510412439
210.62099648406328,6,0.39104229218946907,14,0,0,0,0.4402843418819838
161.8843810362839,11,0.5729932782532223,75,0,1,0,0.4938626555186843
192.53057419101435,5,0.9968254368112404,34,0,0,0,0.466524863708374
209.07442098797685,17,0.8590181543707683,56,0,1,0,0.5192683025032303
70.17827130761964,3,0.0076707992897887545,29,1,0,0,0.5562140400977198
76.01548269336956,18,0.05055570953738975,82,1,0,0,0.5279505616018124
63.00428254051802,12,0.6100794401312446,79,2,0,0,0.5945776847753401
79.61482011384548,19,0.626256081132298,110,1,1,0,0.6034549184915539
115.66397320192317,20,0.8781908440759933,25,0,0,0,0.43842672435725455
122.29165796968974,22,0.6290571745218257,94,0,0,0,0.44841725764513807
320.57172284609527,1,0.2277145385157423,109,0,0,0,0.5283666393938818
156.27626870673427,7,0.46851622770365087,66,0,0,0,0.4105218037451394
117.44206603790491,18,0.8089854006711885,115,0,1,0,0.5499094452509742
51.32410861951862,8,0.9228249645983715,40,0,0,0,0.4404552885789371
100.03911086040654,3,0.23691511896670914,91,0,0,0,0.4475157357726658
394.9436695967122,15,0.5396047350133258,118,0,0,0,0.513936480000817
390.8538722061521,18,0.15892755017040272,113,1,0,0,0.5780721949962545
99.05694125747812,9,0.49699969892756923,15,0,0,0,0.4378716009766595
24.49872497033533,5,0.09011412074950109,32,0,0,0,0.4721451782139896
88.70488752756494,15,0.9417280699504742,20,1,0,0,0.5188412341743963
322.903303753528,9,0.6380564582826155,53,0,0,0,0.45381721793319507
116.28715436468711,12,0.8542167417136771,78,0,0,0,0.42315963199373746
210.77110837872203,8,0.9982951741819063,91,0,0,0,0.46726533878581483
126.87467260301293,6,0.18266599470537825,67,0,1,0,0.510515916802788
32.61024753727777,3,0.6941434149596486,49,0,0,0,0.4532918314283721
130.33858129729475,18,0.8869862935068581,67,0,0,0,0.4256652455111239
230.47711416232045,3,0.57593816741179,77,1,0,0,0.5103350702471674
78.67551395474561,18,0.639696378366561,89,0,0,0,0.4222055766401901
226.31725913260811,18,0.4076710895171374,82,0,0,0,0.4236662289972866
136.6122854025792,11,0.674760833716514,1,0,0,0,0.45753565749410235
218.0567505544683,12,0.3955779146961238,39,0,1,0,0.5113825455789281
163.5768066007614,3,0.47661963815144837,61,0,0,0,0.432886185468593
54.52700617108886,9,0.10291174262282488,55,0,0,0,0.44036431756348277
100.86188070530076,20,0.007808400180381647,69,0,0,0,0.48893952960435344
98.27172114390262,6,0.05515112413894685,2,1,0,0,0.5542116880014277
75.54766163503044,4,0.1925216409376017,94,0,0,0,0.45528050548575477
154.31929070280287,16,0.45660381959506535,17,0,0,0,0.4267750573774733
441.6348535061837,17,0.020994070851453883,29,0,0,0,0.570929173825567
269.362226778154,10,0.1559366391542325,117,0,0,0,0.4940111248107873
293.9144509309172,14,0.7814446038844386,106,0,0,0,0.4721117750063833
71.66837081542789,20,0.762166558262047,4,0,0,0,0.47472967100852254
297.18648948777496,21,0.7897302916754999,73,0,0,0,0.45948930195333043
364.07419600083267,6,0.9215409431967739,64,0,0,0,0.4814812057112814
69.64639043165155,17,0.11907100073451915,85,0,0,0,0.45549396707403034
176.88684879458177,5,0.16313987622788295,43,0,0,0,0.4410903166517015
180.24789226256388,17,0.3335536146013144,76,0,0,0,0.4196359342521465
106.75144940458325,15,0.9151411989809096,12,0,0,0,0.4512820541983977
145.3908898507137,1,0.775477743005945,50,0,0,0,0.45272455284370705
186.57797665655576,18,0.3241212723323197,68,1,1,0,0.5927531524731066
112.44174989584536,0,0.08763581778273488,61,0,0,0,0.4835477351733644
260.75091332082684,10,0.6163800261488341,92,0,0,0,0.4497601781542775
40.43333462814732,19,0.25681916580565234,73,0,0,0,0.4418117781388278
97.93119217450567,4,0.5311525659685531,104,0,0,0,0.43574795548216266
213.70739238695353,15,0.9418033596009769,51,0,0,0,0.43714176114240183
411.6447014709714,22,0.5726172453143344,96,1,1,1,0.6460508124868491
271.936818568708,0,0.9238344364233642,77,0,0,0,0.4958580254708636
143.18796662876503,18,0.3930387859948754,98,0,0,0,0.4313019682024447
116.6877486773957,13,0.6333513372887707,83,1,0,0,0.46685983673958986
102.41762631269563,2,0.8938899739469642,78,0,0,0,0.4634537566542148
102.90587128723816,1,0.5879873116091384,5,0,0,0,0.47976733320746406
21.060723115014653,23,0.6148986770271042,91,0,0,0,0.47644845428621196
400.6625601369129,4,0.7163079820812245,28,0,0,0,0.5102113265802838
123.51245812589008,16,0.8821077571882531,90,0,1,0,0.5186622829649635
65.89545340748585,17,0.08818006124085298,10,0,0,0,0.46541403807759735
174.91906908825047,0,0.3368593821760869,88,0,0,0,0.46970991386333794
70.54598071614029,14,0.3976847260806038,81,1,0,0,0.4734015861784378
244.08110434537488,21,0.9097096653891777,52,0,0,0,0.45073667516702703
67.73911270567045,8,0.9560079245162014,80,0,0,0,0.4549400726487071
220.49703295303084,22,0.12038046466512475,17,0,0,0,0.4752967694035768
101.23145715216536,4,0.11910767978878078,65,0,0,0,0.4501562936083343
158.71261842350657,12,0.9348617942523624,21,0,0,0,0.4484437325417205
232.1608121063752,18,0.2957719013825927,54,0,0,0,0.4312494289101353
83.49068507565244,23,0.24181441903715273,111,0,1,0,0.5792355073852824
228.31076435030758,9,0.035622865754098676,49,0,0,0,0.45545703188011993
22.180052306741946,19,0.27559593477064903,107,0,0,0,0.45780799054577853
345.7225419700196,20,0.6935264272259882,22,0,0,0,0.473842242472456
255.66820624680037,13,0.4260361627395617,69,1,0,0,0.48680368951837855
120.26333192817569,21,0.5168703516517602,64,1,0,0,0.49657935649004714
287.0982472309928,20,0.9172955966148854,36,0,0,0,0.4699291511095264
267.258077996926,11,0.11468978267131646,21,0,0,0,0.46786725276247015
128.8039799115648,10,0.071240715242599,56,0,0,0,0.43286492712983515
127.75548918858262,22,0.8519307491238942,73,0,0,0,0.4520385173482168
58.95488204610054,6,0.7748557974307065,91,0,0,0,0.4408311730271751
134.0951942924211,16,0.2637341869450325,48,0,0,0,0.4127622252155159
31.50734228430823,17,0.3242341263740829,76,1,0,0,0.5019110020712658
218.6090975138851,6,0.31027783577566026,18,0,0,0,0.44543730968676076
221.88022866919573,23,0.6478087980219113,118,0,0,0,0.5038507256021856
22.57867707946398,19,0.06121150698897937,99,1,0,0,0.5566724049673855
323.9901635430305,5,0.4894015852637269,15,0,0,0,0.4801952375890576
77.47527549417245,10,0.13387296911274515,114,0,0,0,0.46365774438230506
689.4516559616975,11,0.8197385409262475,44,0,0,0,0.581466989430079
152.75832044459275,15,0.38066300430996525,94,0,1,0,0.5132508339984634
326.0969771435518,18,0.5275721932194593,45,0,0,0,0.4558751874305027
57.2470148858569,22,0.029317608778785975,97,0,1,0,0.5918605073550113
101.0542538850853,18,0.058264313541052326,36,0,0,0,0.45149725823648806
83.13967946990007,10,0.6750548307334661,40,0,0,0,0.4211204073759723
30.89977771964051,15,0.766770545141332,51,0,0,0,0.43761007257656365
40.56470076941315,22,0.7100355846022014,117,0,0,0,0.4916162862175596
116.69963532220206,11,0.7370186364578603,30,0,0,0,0.4200579443190488
170.60254911388716,7,0.10461985054932899,26,0,0,0,0.4501984003803873
51.789056077811544,2,0.6934508410975411,85,0,0,0,0.45829202167976135
96.14959700864506,1,0.18174758268909363,101,0,0,0,0.4848919595096162
70.23041942233158,5,0.09801543187678541,107,0,0,0,0.47966665283182786
122.78347988660954,15,0.7571608304548411,31,0,0,0,0.4128340115737523
207.16388253799624,19,0.8894061171015647,56,0,0,0,0.43425518106611544
139.45310323610013,23,0.7167099074051587,61,0,0,0,0.4409012427015283
80.18556530388554,14,0.8055734528147533,17,0,1,0,0.5268923868500701
261.30206302919055,13,0.9910881551216159,81,0,0,0,0.4697977668735248
166.63506414260019,1,0.13475591140668453,98,0,0,0,0.48451691060383345
142.52378545049407,19,0.9651525524330385,24,0,0,0,0.45565850892190524
52.39698166911075,17,0.6011978054901025,97,0,0,0,0.4360086700807029
242.83336226703082,13,0.8132531573450205,4,1,0,0,0.5370220056051941
178.81345333978263,17,0.65016918158767,9,0,0,0,0.4413774456780376
185.48206858041675,1,0.5700377887853492,2,0,0,0,0.48605122890297536
108.08502146328799,0,0.7036189940216878,35,0,0,0,0.4569026733746023
93.35552049760227,19,0.3202586645129828,38,0,0,0,0.4223890382461787
402.00768842681384,1,0.9242715234919127,45,0,0,0,0.5252771136341073
92.21295668580574,8,0.1152925720557787,15,0,0,0,0.4520058720023464
43.1075796087152,8,0.31803118408646214,107,1,0,0,0.5089922843956038
147.86279720907464,15,0.031162353200503312,42,0,1,0,0.5326040968584088
127.9838151602952,10,0.2713230476460917,3,0,0,0,0.4614716474136359
269.3267289794035,22,0.21821307714140437,31,0,1,0,0.5787479746338227
114.61547589039736,5,0.049630860678631206,52,0,0,0,0.44845296024097303
202.56477099162908,11,0.4917740638486221,41,0,0,0,0.4212189572650165
338.7968342644864,2,0.4686360418556098,57,0,0,0,0.4833213494033139
171.42059881749572,11,0.07774544389866889,42,0,0,0,0.4494647575498283
54.84823667886127,22,0.2618505314084142,53,0,0,0,0.4562366064794055
174.91069802930738,0,0.9533221604663561,119,0,0,0,0.5493059544384239
97.48668702347986,8,0.11073662451042032,56,0,0,0,0.4293599528440666
155.33488973788232,19,0.30501864885946817,87,1,0,0,0.501526742449857
128.71388846633596,21,0.03586239845465855,76,0,0,0,0.4831944372068988
42.2236149782498,5,0.14888720262376676,72,0,1,0,0.5338830403420467
114.11767644569764,10,0.6993971074657895,53,0,0,0,0.41288705160074873
52.058157695330834,2,0.3667165006629388,85,1,1,0,0.596562391750121
86.61916896078574,3,0.45207657067912055,85,0,0,0,0.4356366251156431
242.28915232609933,9,0.15697839513065615,32,0,0,0,0.44433456656167697
136.39606787012542,18,0.6821401728913017,81,0,0,0,0.4099711932265441
194.12655099297226,5,0.7515215980912536,54,0,0,0,0.4328377292597979
144.71504665486398,0,0.18111204951673976,37,0,0,0,0.47250074862615365
103.03964120546476,7,0.044993463619942164,88,0,0,0,0.45522293498478095
155.6547082141645,7,0.0809411343090185,8,0,0,0,0.46471826281963224
26.12872576777864,5,0.6570457572030177,82,0,0,0,0.44078039789428114
219.13564801010955,16,0.13551060249483893,11,0,0,0,0.45689527777188127
64.28205492991506,18,0.49391883416883553,54,0,0,0,0.4161127242250354
185.68447855133434,0,0.15264153092617005,60,0,0,0,0.478812509911558
99.84409481807097,14,0.17014804820523977,10,0,0,0,0.4486130302487603
42.250539158577325,12,0.004360503341518607,90,1,1,1,0.6216774389464724
74.39738760343991,20,0.3208242558583879,111,0,0,0,0.4475019246264097
186.36231553808148,2,0.08979726607286032,70,0,0,0,0.46968900069239017
488.63857974571897,1,0.39396127534042524,115,0,0,0,0.5913870348743987
122.58770195958155,2,0.5977843096175839,81,0,0,0,0.44267513806129627
451.33841530594117,8,0.36753194792811694,87,0,0,0,0.5047235806038055
26.053481635511236,15,0.7050816308353353,42,0,0,0,0.43694820101178533
106.02598461874777,23,0.7414517680393581,37,0,0,0,0.4466936581970492
122.6636312566078,12,0.6966063873608118,92,1,0,0,0.4726381803400788
193.2628040985662,18,0.9367135596314982,80,0,1,0,0.5505120930538902
76.88343476797621,17,0.23729427699515104,76,0,0,0,0.4227080527366613
166.2082100272565,20,0.1894564531149766,58,0,0,0,0.43912701747622945
110.21110730208314,11,0.6097114892418671,85,0,0,0,0.41522988982506676
295.61019296195053,11,0.5948770094341834,59,1,0,0,0.5027040643232437
147.96099239786642,0,0.5100983336748071,24,0,1,0,0.5597729449215327
652.6636468443298,19,0.004353191494264497,28,1,0,1,0.6498995797185693
110.90132743408205,7,0.5552382299059985,37,0,0,0,0.41321387836513296
282.810525735146,16,0.932798056872979,21,0,1,0,0.5664987294379465
344.58268671560586,20,0.3345776891128629,33,0,0,0,0.48116022327853775
6.819937559366606,19,0.9675991933202505,2,0,0,0,0.5371712669947765
217.21050950608895,21,0.35675667919769427,101,1,0,0,0.5239427840175563
107.77291742373993,6,0.13985450251781784,119,0,0,0,0.4795076003447067
48.15714845738398,8,0.3984034149271385,83,0,0,0,0.418573680475086
299.08770603195114,16,0.4946113129235441,28,0,1,0,0.5522385302444058
80.69911058108266,9,0.6294644101765912,15,0,0,0,0.4434705022193406
24.388746909442517,3,0.504878162022334,1,0,1,0,0.5877666887592318
150.61614944822276,21,0.5367186274062181,107,0,0,0,0.4493764289161044
329.29164640875126,6,0.024067038357605375,28,0,0,0,0.5060839106546714
48.76930807060627,6,0.2536201691339893,50,0,0,0,0.43276775120207567
237.3026257176507,7,0.310696657939172,35,0,0,0,0.4322704591821991
17.5017490738636,23,0.987088537881449,96,0,0,0,0.526043955508288
345.063282410446,23,0.29556773848703366,28,0,0,0,0.5089763306894611
173.8728927676384,7,0.8965788488242853,9,0,0,0,0.4690927042676946
44.001480066565264,15,0.30473620054107875,24,0,0,0,0.44416361995010695
222.5200932731475,11,0.09611033104239108,63,0,1,0,0.5261443878699733
84.58091234690636,14,0.24761739906094438,4,0,0,0,0.457670242096587
59.01256324649754,7,0.27282838491429795,56,0,0,0,0.4210255285445685
83.04949707178926,21,0.9782485938889842,109,0,0,0,0.492690128391454
207.10036129777063,8,0.6742915055672372,41,0,0,0,0.41961574744632496
55.651288770830725,2,0.931680995620966,67,0,1,0,0.5604367745076092
10.298810538066936,21,0.8349950222048218,48,0,0,0,0.4722541817946969
86.6654807925049,20,0.5785984906780975,86,0,0,0,0.42322430639646436
307.3919954501612,15,0.6753879242455633,104,0,0,0,0.46134094829012007
304.62902537146874,14,0.6248371936960315,58,0,0,0,0.4310399608551364
82.95069781435258,23,0.6662630261917867,39,0,0,0,0.44538006018930676
80.48303231943707,3,0.26477366462727625,119,0,0,0,0.48500896710445035
76.3288190840916,19,0.40812513420793706,113,0,0,0,0.4467555405859263
73.47533048096099,15,0.5926158115981464,25,0,0,0,0.41733591372221346
77.87677123626304,9,0.03592846505585712,60,0,0,0,0.44473003485688967
156.02682627780354,10,0.4828349014016934,112,0,0,0,0.4363789001652442
312.40433780090547,4,0.8597269333978532,117,0,0,0,0.5145273713143637
55.56631419119011,10,0.4923677275853299,86,1,0,0,0.4846943240069326
65.47579534216203,12,0.5523233686554994,114,0,0,0,0.44362963484471407
169.34504610745418,14,0.20190512051519083,112,0,0,0,0.44799540333157567
215.51765031085046,5,0.7943433439854379,47,0,0,0,0.4366827350804982
31.498256373442356,15,0.35887828803752886,98,0,0,0,0.43824508552349256
391.34975239069183,14,0.9565875534795444,61,0,0,0,0.4938868608562782
100.28726505692659,10,0.9937148082595793,84,0,0,0,0.45721412459810623
34.74968401985638,19,0.916000542595843,100,0,0,0,0.47191547466376244
29.888188743522054,1,0.08487674481614393,101,0,0,0,0.5189435807937747
27.991240723623715,1,0.33318315549602684,103,0,0,0,0.49049246544871017
279.1262436535106,11,0.9451376351025174,27,1,0,0,0.5348328669529988
137.24834321568733,15,0.8045332948444376,111,0,0,0,0.44501999604483755
280.86922342861135,18,0.9111835893074296,113,1,0,0,0.5593186915741802
118.24599708370755,1,0.5725531936410988,96,0,0,0,0.45956002022315423
275.52992896209633,16,0.4803975881875302,42,0,0,0,0.43219643867113194
115.95708272996109,13,0.10649631700445106,52,0,0,0,0.4314438614575238
192.68282682260664,23,0.8394715423230991,93,0,0,0,0.4703770752494741
124.57783834035567,15,0.7451415484204785,105,0,0,0,0.4335511304306179
110.51241983886024,4,0.0588766030154122,48,0,1,0,0.5321178958789343
60.70411544338214,9,0.20941458959528536,32,0,0,0,0.4385434800859264
211.78367336727194,16,0.5572775633150104,24,0,0,0,0.4292492202415032
48.98830095773076,12,0.6844024020646386,3,0,0,0,0.4649874734907059
211.53538016044143,15,0.13767026426100648,118,0,1,0,0.5479904482483786
141.9816242905237,8,0.24482481846232385,27,0,1,0,0.5042134304111875
215.53129631297287,23,0.193110211709014,73,0,1,0,0.5699680658182484
151.29673983764448,3,0.2199971526705422,40,0,1,0,0.5226160323179075
296.27886017852876,23,0.9207131235687668,23,0,0,0,0.4960079538409614
179.4706845705821,15,0.7158195730387541,7,1,0,0,0.5200358059081586
144.24755065772575,22,0.7371069804033034,81,1,0,0,0.5100536175774433
8.695397659265652,10,0.7939953108692825,37,1,0,0,0.5284542834060868
304.4506882894303,6,0.35657304264406,7,0,0,0,0.4808012201700578
27.647848587490707,16,0.7671846143991405,94,0,0,0,0.4550651004228539
38.150256169991145,21,0.9784133943229371,77,0,0,0,0.4801093954311604
229.92517666429694,12,0.698394245940942,82,0,0,0,0.4214683078758955
133.4480007835732,3,0.4167531122925391,95,0,0,0,0.44230285049869966
28.97732358499324,13,0.7163597857109747,22,0,0,0,0.4521995943034095
80.38679395211727,9,0.9007947002628693,78,1,1,0,0.60446999981521
293.63581945434555,9,0.1287615436759736,82,0,0,0,0.4574232881446057
147.9444706190619,9,0.2652946755847214,99,0,0,0,0.42737035870668344
135.9723354422967,11,0.9192962153289053,17,0,0,0,0.44537064044659674
72.17420705704693,1,0.9462329004445271,19,0,1,0,0.5802812765706374
235.64425086099607,22,0.48413912711794505,95,1,0,0,0.5202774639853706
121.01590738138357,8,0.3745509634032975,39,0,0,0,0.411871353770145
205.75246706633536,4,0.28278180560302923,117,0,0,0,0.46685232373304386
65.78886967656736,7,0.4987515410909684,36,0,0,0,0.42050184150078845
490.37776818243844,20,0.9345311515910517,15,0,0,0,0.568647326731239
330.41512030611557,13,0.14980962742445547,63,0,0,0,0.4689217833080988
146.7636506976778,6,0.41983063854722025,29,0,0,0,0.42487039232005264
171.3715275536541,6,0.9116078569574889,60,1,0,0,0.5072595133770574
81.04351756149207,8,0.3491192701442519,56,0,0,0,0.4080929215614917
217.4529138198112,2,0.7680814070435371,40,0,1,0,0.5548071118920477
11.663289297840038,13,0.389259786241102,16,0,0,0,0.45792848550804116
387.35000472904767,16,0.8049266783230417,33,0,0,0,0.48315498521481726
208.5937260219194,17,0.9810023499572086,89,0,0,0,0.4672126681418055
54.51399966566903,11,0.3878220105752783,16,0,0,0,0.44772410241880595
381.06487762266676,21,0.8450986545742005,30,0,0,0,0.49326928178290796
462.8735143945471,13,0.9884168248403008,98,1,0,0,0.5856143134776809
178.1693107389571,12,0.9838301430112543,66,0,1,0,0.5416048539955323
66.78911421504955,13,0.433771081533308,104,0,0,0,0.4268663454207574
137.60484278685382,8,0.48576112054915,44,0,1,0,0.49747538773797373
196.94258330980716,18,0.303401561643002,107,0,0,0,0.45320174143835934
167.5464354448331,1,0.31401876372236504,38,0,1,0,0.5383934536364158
54.52162812800867,10,0.4924706226322353,51,0,0,0,0.42171869011932367
194.41174530864254,16,0.20051859006430872,60,0,0,0,0.4271376492756689
291.322319017131,1,0.7111232961549275,18,0,0,0,0.48635710020625617
42.98132466444419,18,0.5363085347542523,5,0,0,0,0.46389408735409177
48.1959632319544,6,0.8980678571732823,111,0,0,0,0.477040882065922
78.20994543927969,17,0.810582433810541,40,0,0,0,0.4223702460231466
112.4163869520182,12,0.3224711128461346,6,0,0,0,0.442927328138719
239.82955199580076,4,0.5058046230176674,76,0,0,0,0.4314424269029762
289.1400600144723,17,0.7505149276387741,115,1,0,0,0.5502461688722297
64.21867218275159,22,0.19320012747839166,12,0,1,0,0.5715388453975809
155.0297775989895,23,0.03159772981758335,12,0,0,0,0.5007329498588396
281.2723590297244,23,0.8523045263082838,73,0,0,0,0.4751570521417978
508.6285819400684,15,0.13755025749294825,106,0,0,0,0.5705038088063326
154.42793096536667,14,0.8894114309537064,22,0,1,0,0.5303694612737531
160.7914954324093,7,0.9136080238811446,49,0,0,0,0.4390860672729369
178.96169899562167,14,0.4607004381371572,50,0,0,0,0.408069555299324
103.13407739921885,0,0.8067817123525782,80,0,0,0,0.46705834646899447
145.7395612141311,16,0.36319124635413835,4,1,0,0,0.5235836285455697
15.9274384777651,14,0.8582645485117468,50,0,0,0,0.45723143168590547
81.423959378887,13,0.8246818841667168,3,0,0,0,0.4600317448744297
192.25598263938312,13,0.0785183897012024,16,1,0,0,0.5235434318580634
60.87335111220651,9,0.5826017407523671,14,1,0,0,0.5124623906922702
243.7287453375539,1,0.6399989035967482,64,0,0,0,0.46536210706255526
23.712721522823728,5,0.0008572906882160503,41,0,0,0,0.4978927060477287
237.2539244397688,16,0.9799183187292954,102,0,1,0,0.5660949608719003
236.81042147031732,4,0.4065675749007108,68,0,0,0,0.42814679346286527
514.5648421330101,4,0.5173432058592131,59,0,0,0,0.538817417924302
99.83404852347782,14,0.19480407979302095,2,0,1,0,0.5475712518840429
133.5376052105966,14,0.6109185775172612,119,0,0,0,0.44953201732897397
362.5729797811288,19,0.8106198662793589,10,0,0,0,0.49331858443072707
332.139499859054,10,0.5858923457197281,75,0,0,0,0.4607719579336327
268.86407810231117,4,0.7880350458020972,103,0,0,0,0.47990936563852254
171.76988523904927,0,0.7311079607181669,90,0,1,0,0.5529481633806494
356.0532211039578,10,0.23765781152713805,101,1,0,0,0.5425157929329871
634.6644311575621,10,0.4358128411091541,26,0,0,0,0.584133346015825
205.1350629011942,5,0.1486268844364086,4,0,0,0,0.47721182849283234
138.49308701290607,22,0.04193587507510199,90,0,0,0,0.49778529342723143
222.7308668244672,7,0.06306895526413092,102,1,1,1,0.6188570397691172
152.80907311733446,1,0.9424999298728906,28,0,0,0,0.47065559854041744
107.08470761324712,14,0.9845374591343785,2,0,0,0,0.48535828426734495
244.4464917459736,22,0.09497750804983995,66,0,0,0,0.48226537983396944
88.28074022970742,21,0.3351934351720487,16,0,0,0,0.4390145305971554
202.16983553820546,8,0.11442068015602269,57,0,0,0,0.43736215283897245
30.33749979391969,14,0.8342288233689691,23,0,0,0,0.45612272507209317
398.82058119118886,7,0.4962970916402817,23,0,0,0,0.4961765863512885
68.51668414606337,15,0.6212617559255493,77,0,0,0,0.4096393532496901
37.45093868512355,13,0.5399108657350062,21,0,0,0,0.43632910598385904
324.507818108164,14,0.710253583840716,103,0,0,0,0.4650670782599994
365.7545242559929,19,0.3191322433170606,25,0,0,0,0.488719450724873
169.2148821567593,12,0.1374933545300323,58,0,0,0,0.42517443022180623
123.74950257038763,8,0.01762000272971398,37,0,0,0,0.46182918116792243
101.81028637303118,0,0.44569288862593814,49,1,1,0,0.607741486654206
162.52994841404637,5,0.9078344287914373,77,0,0,0,0.4533791146629402
129.21089638465685,7,0.30526653801226666,15,0,0,0,0.4340530973734277
117.22541508120872,19,0.19595682113562307,28,1,0,0,0.509116261222479
62.078741596697775,17,0.9260427462471071,67,0,0,0,0.44138860018699627
46.67883922075015,17,0.10544863875129418,87,1,0,0,0.5249634157740117
142.57316412385188,16,0.051801033415810105,4,0,0,0,0.4787734028131198
158.87919390000323,20,0.8794131749554379,47,0,0,0,0.43463388715074075
72.07195588429133,15,0.7009093819546891,50,0,0,0,0.4116309386937076
81.36888321221518,12,0.4220686381374128,60,0,1,0,0.5022151943578452
158.59703665378987,21,0.752343973008841,62,0,0,0,0.43633203810345517
60.59176349210986,3,0.7414399520442692,67,0,0,0,0.442131461511238
275.98424223592485,3,0.04006056326058294,103,1,0,0,0.5587688360191925
196.46605611173527,20,0.67624681206184,72,0,0,0,0.4286263407501025
71.47892123572936,13,0.6408723774527126,43,0,0,0,0.41449568007006565
189.38190230450408,4,0.9637791364163035,89,0,0,0,0.4767136940065475
61.96738523905074,15,0.9666226101597636,118,0,0,0,0.4983584149132442
237.57529120788942,13,0.37779932620204393,58,0,0,0,0.4136958250022945
64.22563895725581,13,0.5898419118882183,105,0,0,0,0.4359842234128533
121.85667284470968,13,0.14135737488837874,52,0,0,0,0.4196757937020553
149.18308287082897,23,0.06645652595713403,76,1,0,0,0.5516968271807905
362.06238639757896,13,0.43277987225890246,69,0,0,0,0.4513636230731229
68.0357059066404,18,0.6898820108350104,97,0,0,0,0.4372144528984066
65.55638672695463,2,0.5677611222977269,46,1,0,0,0.5034638721811558
32.44384671312054,16,0.42965692218600193,25,1,0,0,0.5204477499698329
434.4077844886784,13,0.818112546774591,25,1,0,0,0.5654441454177831
136.9606458428483,9,0.794427472183747,35,0,0,0,0.4253115828526292
280.5468206018183,12,0.7319420550777613,61,1,0,0,0.4990264281964843
82.61404556536911,21,0.07703224815376108,15,1,1,1,0.6344349565812674
89.31220789372743,3,0.7964696278956436,106,0,0,0,0.4729366590904578
128.64585413235065,10,0.9194213159947,90,0,0,0,0.44911735436518374
131.62946521170443,14,0.05944208829091646,74,0,0,0,0.4539526400612037
217.09060533219605,14,0.40167138880853503,88,0,0,0,0.41689095633917
140.01560402280904,23,0.9883554897165877,35,0,0,0,0.4723765791742509
98.50408028986129,1,0.5992388584682836,29,2,0,0,0.6054041117912874
439.783930410298,10,0.5135774021274628,38,0,0,0,0.5112998412912165
61.30483859171878,1,0.17744614746874354,69,0,0,0,0.4631965568391452
68.37029338975084,22,0.56548628333417,24,0,0,0,0.453032530477699
62.107611498552885,4,0.43904326046945297,19,0,0,0,0.45508467746914444
223.0428733234478,12,0.12744305557012303,46,0,0,0,0.43504369285557987
185.22346044797328,0,0.46433265261803425,49,0,0,0,0.46726613883788326
117.62073086708482,6,0.16439930517526047,44,0,0,0,0.42525751463944583
59.218657328854846,6,0.7306636217260566,73,0,0,0,0.42851296877577927
148.701701854654,9,0.9736483661436229,26,0,0,0,0.45603906178113973
245.1180676633007,5,0.46957704842569614,25,0,0,0,0.44609807605874735
372.0232224813947,19,0.6323683319146128,35,0,1,0,0.5755385306638655
79.60559999596552,11,0.4309755247668423,114,0,0,0,0.4499515984578731
117.2964119117778,12,0.13845385365700535,36,0,0,0,0.4266132936175928
183.93128510459746,23,0.9705552864754987,14,0,0,0,0.4996829322202165
97.68676384710041,10,0.1295786640840797,56,0,0,0,0.42349591726954794
38.16752039530085,17,0.11162680851354068,6,0,0,0,0.48675085625796227
117.7645073557391,1,0.4591729416713005,32,0,0,0,0.45147713823064517
43.33396760217654,15,0.6588872657669321,26,0,1,0,0.5296048478803893
259.7572108727435,1,0.3549232709728912,15,0,0,0,0.4832280801787282
104.20964258346417,18,0.19251702219690303,49,0,0,0,0.4257913381971267
127.1222305396674,5,0.8189633680274763,95,0,0,0,0.44672706335821466
69.9860482958661,0,0.3631033206095512,56,0,0,0,0.4558442345770998
130.96682277885023,10,0.1943209733839072,37,0,0,0,0.4299237571366676
313.7745818138814,17,0.36508487750687013,102,0,0,0,0.46219532187969686
279.37744859199876,9,0.21455420764279098,53,0,0,0,0.4453463252992602
50.1988668371268,17,0.5194477378123405,58,0,0,0,0.41811506834508505
3.585850695439315,0,0.6682893861376992,101,0,0,0,0.5182776316520911
118.48560721389143,18,0.799557377199186,83,0,0,0,0.42258272409820213
104.79124635289128,15,0.22756203031986588,78,0,1,0,0.4949648552691963
99.65086606048362,6,0.16695400570444552,36,0,0,0,0.4324871900407934
84.04259295225727,14,0.01960342089522016,101,0,1,0,0.5581804026853278
49.089091503721235,0,0.22808776834724265,11,0,0,0,0.4985772750872173
537.7480183144171,22,0.02390535249779624,27,0,0,1,0.6129230560094081
434.14880338088614,20,0.34547420368905934,2,0,1,1,0.6404878498476101
96.1856878714739,8,0.14569308883003662,22,0,1,0,0.5195255079389602
147.12575734068997,1,0.5798955982277842,66,0,1,0,0.5406736850084586
262.9432834058874,16,0.3837267594912731,84,0,0,0,0.4321220552747719
146.7620148068998,23,0.09358534107075955,108,0,0,0,0.5071244112015719
89.92295923822363,9,0.3998664630365941,112,1,0,0,0.5064737577331051
38.885415029498695,5,0.20934811596785163,17,0,0,0,0.4715168101442641
134.5997645805174,4,0.6801773513401055,4,1,0,0,0.5338792469709638
43.99617018182293,7,0.3644362447707399,14,0,0,0,0.4483663948305606
299.51064074262825,7,0.14703000921514608,7,1,0,0,0.5543059239867121
130.02749414668963,4,0.3496017324042866,79,0,0,0,0.4252337367751475
194.6725652038296,11,0.22437833393018547,94,0,0,0,0.43846901490004764
102.26230451570729,6,0.7957790016383861,16,0,0,0,0.4422053601713573
238.63537291597513,12,0.9833675603649452,104,0,0,0,0.48626241436871137
78.1578000863345,12,0.02549138902976744,66,0,0,0,0.4533946605903718
165.7266069934508,16,0.6900201373152819,19,0,0,0,0.42123848289668203
99.19829207690336,3,0.26395783362348657,1,0,0,0,0.48749006475245477
111.7144648367177,17,0.06640864386929446,31,0,1,0,0.5194513674696776
260.59800726540107,9,0.014351309585293515,119,0,1,0,0.6091081355702478
69.50657645412772,2,0.8810096692124272,4,0,0,0,0.49243569591225345
174.13154982586323,11,0.35360650207779953,91,0,0,0,0.42541300002934446
323.7411566334366,0,0.9945438920906041,58,1,0,0,0.5776260632639343
254.1238055235766,10,0.4423771676302123,56,0,0,0,0.42171627562185376
80.10848583108799,17,0.1875977517713744,53,0,0,0,0.4239909496008447
191.63560498487814,12,0.7771435685225458,89,0,0,0,0.4337366053236024
23.73616562022853,16,0.9264922163672986,86,0,0,0,0.46682535986791607
266.656279745598,7,0.815621030775491,43,0,0,0,0.44178870968219375
633.4581663645496,19,0.7451992340275277,74,0,0,0,0.5633031323787011
167.00388560107515,18,0.3346996945191685,114,0,0,0,0.4518760057848805
334.5333687916925,16,0.0644903638950427,97,0,1,0,0.5822925828541721
37.069472684658855,1,0.2012993485600898,49,0,0,0,0.4728989555345417
54.23013856648295,2,0.44681025424740106,112,1,0,0,0.5314685037647039
101.95576708616173,2,0.956199870014404,108,1,0,0,0.553270996236799
117.68725883867566,5,0.7228541796753541,60,0,0,0,0.41938346129754334
167.77535679906205,9,0.8282830451682474,94,1,1,0,0.6006506101268136
80.44141324083598,23,0.277293896906476,94,0,0,0,0.47428889232622146
148.28303958957667,21,0.6838230274535032,16,0,1,0,0.5516164832250993
260.2444030402461,17,0.8624381433779964,73,0,1,0,0.537260996502661
191.13477390576574,17,0.4794115148965845,81,0,0,0,0.4137943790068969
99.30226983242733,13,0.42989186023075865,99,1,0,0,0.4845582758982039
225.56000336337007,15,0.7194045134317787,60,0,0,0,0.41432302612098837
95.86850544482621,6,0.5599116862447463,114,0,1,0,0.5360975804841318
142.25515705199186,0,0.9931710831940439,47,1,1,1,0.6284760943771451
251.16390821922062,16,0.42510280072856166,15,0,0,0,0.4431493689195308
115.26263998043146,22,0.1759432773249866,63,0,0,0,0.4610182993780096
43.38096180725256,4,0.47193505278631287,112,0,0,0,0.4594151335719131
139.27986496600298,0,0.23520499309773135,28,0,0,0,0.46940434201995623
252.68803693963963,20,0.561253820794501,20,0,0,0,0.4532178865539076
268.68060284480646,16,0.12579699243794584,97,1,0,0,0.5250430886075308
52.172605097568585,9,0.949976273549186,63,0,0,0,0.4628062765276718
219.31242530153983,11,0.859822881540161,33,0,0,0,0.4351977999114935
109.92055940958244,19,0.1555653971088704,36,0,0,0,0.4333480017228695
349.4366889301028,1,0.17239292274700968,13,0,0,0,0.5247308334664743
44.28030854212338,22,0.5124386744880165,62,1,0,0,0.5151054945521559
216.43425934119387,15,0.7728813870417252,68,0,0,0,0.4169956638708026
100.62989509878679,14,0.21907933566752946,23,0,0,0,0.43309123937078037
81.52231729288245,12,0.060971719559531845,72,1,0,0,0.5148607389167349
258.8979447361822,17,0.5455342765826151,13,0,1,0,0.5539080253731345
287.00293770709175,19,0.69159711410201,88,0,0,0,0.4516612845565421
16.3880671215533,21,0.244365491292717,40,0,0,0,0.47020690348203453
262.0680946843206,13,0.7397677877506381,110,0,0,0,0.46819537288169144
126.38840526870867,17,0.9506437849446087,30,0,0,0,0.44325283545865857
136.32739638036048,1,0.13707444268547286,94,0,0,0,0.47629912640484745
41.91312407700834,1,0.5110290653086953,25,1,0,0,0.5450845516929866
206.47877448197278,2,0.0568419506815826,97,0,0,0,0.4939286129020328
546.373679545399,4,0.20666100723071557,73,1,0,1,0.6267697678285964
85.82521654024433,15,0.08981935346107328,26,0,0,0,0.4476350865667038
305.5931699596144,21,0.4040066230802025,24,0,0,0,0.47518184634663846
132.5407927774239,14,0.8208317903747576,97,0,0,0,0.4348027257346904
88.73597822877194,11,0.5771304505217814,39,0,1,0,0.5042970718587442
34.17775934710538,8,0.22258483716543076,89,0,0,0,0.43806065759635604
334.96732335842296,13,0.040110647095723095,116,0,0,0,0.5376661891894943
145.14320204918224,20,0.5533981952867529,109,0,0,0,0.44276824631446343
92.59292442310905,15,0.132796714990571,79,0,0,0,0.4323327830293081
105.69495182259907,10,0.34273402736375724,61,0,0,0,0.41781569019481835
218.17680710097025,5,0.510192258913606,105,0,0,0,0.45045024403858036
92.46798026497075,9,0.9037325356861925,112,0,0,0,0.4682562095999717
58.74671222699405,7,0.08182332708871698,49,0,1,0,0.5276865661373321
121.93505404122615,15,0.6686075922668305,41,0,0,0,0.4087720007155624
119.0397845254587,2,0.014081285504878527,70,0,0,0,0.4875420619560403
117.00027004625235,1,0.6299085523602959,20,0,0,0,0.46252631114302334
93.4841082537284,15,0.5515324893305936,44,1,0,0,0.4711907051287301
312.7049458290028,18,0.8118666200900677,16,0,0,0,0.47167125208118843
675.8402196523539,8,0.5316624728644793,21,1,0,1,0.6308294701632974
52.29466161092846,15,0.35261659972613746,15,0,1,0,0.5371107149696503
13.292963544726595,21,0.2427508713282266,39,0,0,0,0.4717332745964236
110.48056025890492,3,0.08524974178207301,42,1,0,0,0.5310770855581675
15.519918246003359,9,0.5346126742964312,61,0,0,0,0.4372269853545191
30.699789767370227,18,0.8883219266485685,4,0,0,0,0.5009159164409795
87.0908767762852,12,0.5147444939556894,24,0,0,0,0.41656546612195555
217.07458124630764,17,0.7391028574658923,3,0,0,0,0.46130403971256156
109.47578985987403,14,0.2984349382175756,114,1,0,0,0.508711829033332
8.907475672751774,3,0.44813085987476775,1,0,0,0,0.5100589052329477
108.3383839817705,8,0.3246032034459314,94,0,0,0,0.4237972072978467
114.85717927513042,3,0.10926611135489739,13,1,1,1,0.6286179941749058
116.37725826746387,15,0.41698860328350495,54,0,0,0,0.4022003247369727
282.0043784093536,20,0.7642872318372164,82,0,0,0,0.45188453181195165
250.58596507441703,14,0.3949749995445172,40,0,0,0,0.4272346288686251
140.93556801739166,23,0.6501792222182673,11,0,0,0,0.46201920969636295
478.78494019976836,1,0.7586154840508602,42,0,1,1,0.6321910693742803
86.89027105835395,13,0.32273622721632267,93,0,0,0,0.41935524738994717
120.6887239902122,2,0.7975145596054768,4,0,0,0,0.4738892557382092
130.82930121226548,21,0.33892571696970963,25,1,0,0,0.5127997553153957
33.783204896776084,22,0.25610706046045606,100,0,0,0,0.48307640611464314
132.94082987576465,3,0.22244616775986503,36,0,0,0,0.4388762302562907
27.30417972695915,0,0.19990414572483928,64,0,0,0,0.4869721077399877
75.79487794695714,22,0.7371240728133968,44,0,0,0,0.4510400738429412
145.76714277397377,8,0.8875092610569176,40,0,0,0,0.42819481811321547
39.75472146722889,16,0.23064847418528922,92,0,1,0,0.5309104674249251
170.41590647078837,13,0.08524029779615394,45,1,0,0,0.5150071748409404
65.69444402458969,16,0.3137669762884384,8,0,0,0,0.4511288364966001
99.01999966689992,0,0.6578472389213587,85,1,0,0,0.5222277590642889
192.48953388050427,9,0.3685200922260389,35,0,0,0,0.4225627559989344
125.01734842924726,22,0.5491765392112188,44,0,1,0,0.5394266571491543
167.55381762927152,15,0.7443049656751953,18,0,0,0,0.4268370705106252
184.06869177472186,18,0.4084785311550485,47,0,0,0,0.4234670298642755
123.43548395904207,23,0.9996948313711949,25,0,0,0,0.48566252406778027
174.64041843664543,2,0.2979492602355025,110,0,0,0,0.470955886211216
74.70007191746306,11,0.978248351872617,41,0,0,0,0.4468739075397414
190.8025189371349,2,0.20302966523311394,5,0,0,0,0.4879821977087895
111.04577158036285,14,0.11093174326428978,64,1,0,0,0.4974648635010926
318.18327729044097,16,0.7508306250943679,62,0,0,0,0.44737617216040554
148.06233985496254,17,0.702309656651198,111,1,0,0,0.5010990036919599
84.16977053862794,6,0.8111693472424644,72,0,1,0,0.5195685780044504
193.20525171359463,18,0.3435904217333049,87,0,0,0,0.42688541083266657
327.53384454446154,6,0.9308076538529837,3,0,0,0,0.5135795513924563
90.71776203042718,4,0.11948142837307885,108,0,0,0,0.4784645068134902
78.37365993984248,7,0.030277101331126155,37,1,0,0,0.5312578183825053
4.535001616599292,20,0.3005638851119715,95,0,0,0,0.47620268566670687
147.7887738618457,15,0.7973244634002504,93,0,0,0,0.42827698024150185
102.39846552708835,15,0.6729823072736482,41,0,0,0,0.4065722725047729
192.63025276862808,18,0.4362087642226231,20,0,0,0,0.4325987309326621
195.6155896868609,14,0.25625361419433546,67,1,1,0,0.5878364193283916
35.41708808124258,6,0.059272786767977204,87,0,0,0,0.4713282121550578
249.8293183142326,4,0.33750557844747253,40,1,0,0,0.5168873643245571
68.83347084353728,22,0.4600197677547496,85,1,0,0,0.5033249789503783
91.14242458895775,10,0.6870238380712053,77,0,0,0,0.4174879837011471
171.12900224425996,9,0.645971954946431,8,0,0,0,0.45059621144772266
49.021979617200245,20,0.9473449029318779,5,1,0,0,0.5728265819320673
79.06760732389195,22,0.10039591905286105,25,0,0,0,0.4754021998015966
44.724304433156796,8,0.3363401228791364,39,0,0,0,0.42535898923225396
264.91690467816204,0,0.48157808193689833,37,0,0,0,0.48205103458176485
97.74771461294537,19,0.6706957938539893,105,1,0,0,0.5076061085884882
40.50266892379878,0,0.49545169144140633,5,1,0,0,0.5719010402770703
43.45131971708436,7,0.9127582319467387,8,0,0,0,0.48880770906203336
235.57154394823618,2,0.6086723455998135,108,0,0,0,0.48462112882225933
63.4204599158561,1,0.039665409691215237,4,0,0,0,0.5198620514313085
89.41301093791132,3,0.11365596906613429,41,1,0,0,0.5245487429938969
137.25181974361334,18,0.7534955614805585,60,0,1,0,0.5069262257927925
103.4014883824878,10,0.7157876963462942,54,0,0,0,0.41456011146147376
19.579393250978192,4,0.15349700182570514,22,1,0,0,0.5556630539038137
207.6042569040373,23,0.05890866106566606,78,0,0,0,0.5080233051274381
109.68483707514949,9,0.5787178554398685,19,0,0,0,0.42703826755049656
166.14681120670664,23,0.6357388320267334,77,0,0,0,0.4490064557946956
218.50778146760274,22,0.1352996375128349,99,0,0,0,0.49121523125437166
14.421388688404107,7,0.4736193210408153,68,0,0,0,0.4359600686698775
219.93536600832144,12,0.30583152911841294,33,0,0,0,0.42691110682088124
593.6210457324943,4,0.9313056456368877,22,0,0,0,0.5938904515079648
179.34399048860382,11,0.2191998033894046,65,0,0,0,0.42830079816116173
321.58993671645254,12,0.7332607259032996,11,1,0,0,0.5477866713371216
258.7657751187961,21,0.5181339133443376,16,0,0,0,0.46318478441982025
214.27569495135148,7,0.011521012026043387,68,0,0,0,0.47048615646824965
265.12783321971074,14,0.5169985832126177,93,0,0,0,0.431506347721084
296.43719449967426,12,0.09947214991950148,103,1,0,0,0.5360860721155711
304.4935326340684,0,0.6590621958253117,44,0,0,0,0.4944619278858846
43.33398910461429,21,0.5655235303815722,102,0,0,0,0.45371833096198566
276.4076038525361,5,0.010427227333474565,88,0,0,0,0.49383204747346315
108.41873761655623,10,0.2046928295829813,116,0,0,0,0.466197349251383
311.95233486305074,12,0.7762250528720227,9,0,0,0,0.47100172165520016
190.79822311619765,20,0.27577261430202116,72,0,0,0,0.4340670368725668
42.69952065925534,19,0.49928340116305314,78,0,1,0,0.5197410084894849
341.225958856666,0,0.31199861440918375,79,0,0,0,0.5008157219595566
69.13014979114264,10,0.92152685639754,117,0,0,0,0.4866799317242012
104.15976611722039,10,0.5365770177834341,62,1,0,0,0.4687930347949152
395.61667872080636,7,0.6961735148560209,86,0,0,0,0.4722409861046979
148.8016772356449,21,0.08347610469710798,101,0,0,0,0.4833553646247458
100.51129746250041,2,0.04033598753275214,15,0,0,0,0.48209318900022385
125.74369285655081,18,0.2592281950671309,6,0,0,0,0.45555817634765644
98.77100469139924,11,0.3091342922536541,1,0,0,0,0.4627687359563227
235.25978349249823,5,0.6876805411799018,20,0,0,0,0.44740820654312236
101.26995394525865,22,0.5691305027124413,105,0,0,0,0.4573005362942591
129.1094501161791,7,0.37457960693498527,36,0,0,0,0.41133778541659005
202.5077087514665,4,0.6541174841780109,2,1,0,0,0.5428900382425204
186.7134629392331,9,0.16356574733628715,70,1,0,0,0.4954690746093172
74.31459607998146,21,0.0634896948147059,2,0,0,0,0.4943136838865762
237.26393037214737,15,0.8545050923182005,3,0,0,0,0.46812903647363996
86.7782742113838,11,0.5639461282688776,7,1,0,0,0.5137680697816605
53.11449385446014,16,0.6490952736374213,84,1,1,0,0.5931084112136824
21.930208388178333,5,0.3072422507495741,113,0,0,0,0.46967082080134703
115.82930696591711,8,0.3719549577376997,64,2,0,0,0.5966276677161199
27.69011808001505,9,0.08236744715297573,41,1,0,0,0.5310683528301974
65.44470515549557,19,0.8569881878017734,54,2,0,0,0.6030663232463478
131.66482554106378,13,0.5924394500789348,41,1,0,0,0.46543903489610133
292.0508228270703,13,0.08362766317994064,115,0,0,0,0.5077481689767489
106.4107229863612,16,0.8045295997250006,5,0,0,0,0.45608061854012505
34.5903153653162,15,0.4441153695169745,89,0,0,0,0.43150145496837905
122.47372518687499,3,0.7651013501700132,102,0,1,0,0.537899440625126
284.32777143780896,1,0.012619862089148004,82,0,1,0,0.609718720255202
104.43409285227955,15,0.02873969697212264,63,0,0,0,0.4555993847022904
326.27552253488216,0,0.17078295878214467,1,0,0,0,0.5470227201978236
131.08869333106466,2,0.21091655614067983,25,1,0,0,0.5216162448658576
220.52577779725485,22,0.7639555303101377,81,0,0,0,0.45194498772868846
157.18418960223732,10,0.7066941640165981,46,0,0,0,0.4263973536251553
315.6582709809292,15,0.6160881191298282,15,0,0,0,0.4591037294158415
499.71599642070385,17,0.8848588964833388,69,0,0,0,0.5294138876095364
90.46310589703204,14,0.24714878365636628,17,0,0,0,0.43520778912367314
150.41086384114777,8,0.9044049039044483,21,0,0,0,0.44490184611035444
291.9067705327329,11,0.9094710692651824,53,0,0,0,0.4533948281934967
161.29357180880896,17,0.43425976018686396,55,0,1,0,0.5000991753971715
20.65064235564779,4,0.09438620042016888,87,0,0,0,0.4811623413403698
105.75414768656788,23,0.726559908189525,107,0,0,0,0.475435195047157
160.2757577099982,7,0.33692867264707915,10,0,0,0,0.44694052117839184
375.04856694514496,2,0.7949295174367307,81,0,0,0,0.49534233122857296
144.31512597534532,1,0.16369028390380314,57,0,0,0,0.44689411596588163
61.53320456909477,18,0.5395151135743653,65,0,0,0,0.41809645132017176
163.11120697177506,7,0.5080737303182109,37,0,0,0,0.4191708916102424
350.0263184369529,1,0.1003144905696135,112,0,0,0,0.5544823400300332
78.83839633124555,18,0.36333282567265845,7,0,0,0,0.4505731450666707
87.7370815334557,0,0.08475531344672804,76,0,0,0,0.48979886620235535
79.8941595510313,21,0.46474030951224743,40,1,0,0,0.49867033832500895
39.575702899548276,12,0.8429045586137929,50,0,0,0,0.43317303491959747
139.46153048462048,22,0.2702047633041317,1,0,1,0,0.5794845559173891
127.2666722458342,19,0.7648619871874375,20,0,0,0,0.43384968620205744
23.494804664792078,16,0.18342741561245635,108,0,0,0,0.46644006678794664
65.97095853780255,2,0.6737349274906514,31,0,0,0,0.44750330302907443
153.6849762878332,8,0.9155373999304496,68,0,0,0,0.43077500351123865
216.86468329819863,4,0.3239280815657698,90,0,0,0,0.4396912261128088
259.4910009222426,5,0.9004116380886182,12,1,0,0,0.5413040630582877
229.3431134230998,3,0.5054209265263945,22,1,0,0,0.5251190888600136
133.15637464736488,16,0.3168051331656575,1,0,0,0,0.45040550271954977
33.10582943908091,20,0.8965082351115314,1,0,0,0,0.5055281532658569
111.39522691222027,20,0.03203726676972818,3,0,0,0,0.49445294554257685
7.66186798515151,20,0.028018851272810452,117,1,1,1,0.6490949475070654
154.23643148589264,15,0.5998296042063329,76,1,0,0,0.4683794304754404
76.51420262742676,15,0.7967507173302343,118,1,0,0,0.5240321277515217
13.915437977302656,21,0.7515463074381062,21,1,0,0,0.5510281274367895
175.75207379208103,10,0.07946950335160552,13,0,0,0,0.46716492682707217
347.2135512023184,1,0.9502511935335578,61,0,0,0,0.5125352813232459
28.10112123153302,16,0.7030635376375156,13,0,0,0,0.4610029204837508
186.34795660524716,14,0.949112053727739,117,0,0,0,0.49143663433994966
96.6919251359987,17,0.3290977589741021,105,0,0,0,0.43216781604608506
69.07483509532901,9,0.6939391279828174,82,0,0,0,0.42260103952022215
69.21178269202315,5,0.8599387467334852,33,0,0,0,0.44083424552802564
96.67281218761315,20,0.3804642231542933,6,0,0,0,0.4536552178141254
96.38105577209146,15,0.9648599187685701,25,0,0,0,0.4540311577204867
129.09584703825925,4,0.264992791220541,23,0,0,0,0.44673137704546595
63.18321406051983,11,0.3156136260212207,88,0,0,0,0.4311769370110076
75.45619775729766,5,0.9203285766270387,101,0,0,0,0.46487722957692257
198.97718209012896,13,0.9696597465027033,26,0,0,0,0.45916820907820705
58.109033455372426,22,0.2851957483051497,4,1,0,0,0.5576751046672844
161.7062081279815,15,0.13639003964285845,102,1,0,0,0.5039498328690454
100.82645073937661,6,0.7590554097105976,35,0,0,0,0.4248020822743438
84.58846239144566,1,0.9296652663004482,113,0,0,0,0.5090384869029582
422.7453868315567,5,0.6007136437018746,75,0,0,0,0.50422065718625
40.51079767227648,8,0.6345189544062467,100,0,0,0,0.44192898816795856
363.2340414692704,6,0.7629433341723002,25,0,1,0,0.5833187733382412
239.2195581411231,1,0.15308481884140823,20,0,0,0,0.48098777862052366
78.2592792915401,18,0.9734688964947393,1,1,0,0,0.5687712620800174
243.99208421791457,7,0.3643293847285948,94,1,0,0,0.5131974530917365
3.6330471828632653,10,0.6282404259422626,68,0,0,0,0.44802982160600613
71.9401275794988,3,0.46861602049999285,23,0,0,0,0.4607672699607045
58.85604280201755,15,0.46818097976484496,99,0,0,0,0.4288699569205872
177.27324031919943,17,0.7027443721197214,106,0,0,0,0.4375741504165988
219.86613605740365,12,0.9946622988722544,22,0,0,0,0.46494027605132293
175.1917997766197,4,0.6590598504959515,95,0,0,0,0.43858366387112535
146.58582915154886,1,0.7940591315727352,62,0,0,0,0.451763506098863
255.25654383822084,10,0.02761605726227012,1,0,1,0,0.5979894686190999
230.74819105567843,0,0.8104273690648183,59,0,0,0,0.477727921643617
76.62718872858017,12,0.29997588176829715,68,1,1,0,0.5859824689576246
84.23041258339057,4,0.12670184503466486,19,0,0,0,0.45828680571751057
221.67507717271468,17,0.11333408544770585,30,0,0,0,0.4499768992179
128.12319406319705,13,0.6798748141696267,1,0,1,0,0.5413018742694774
135.00563745666358,12,0.99761683604055,48,0,1,0,0.5353958364071948
148.68834469654433,6,0.6661950983728997,19,0,0,0,0.43212022024793245
21.792149475528262,7,0.2623481500667757,52,0,1,0,0.5286796515135892
73.65385203955319,17,0.20330597100293968,85,0,0,0,0.43291173113695813
188.41246265944295,6,0.5259570992680407,22,0,0,0,0.43285963038819414
73.11545532598066,19,0.0650392993507033,50,1,0,0,0.5202448229015751
110.24992075211324,16,0.3993308329271872,66,0,0,0,0.411319222482958
187.54059763530887,15,0.6662349040057874,6,0,0,0,0.4458300016437173
265.0941573135217,10,0.9676622758084842,64,0,0,0,0.460556199442623
286.9450542303196,18,0.4256534478156052,21,0,1,0,0.5581566631157638
298.0588252653266,0,0.20022394040730662,97,2,0,1,0.6469654415027779
118.73419038488207,20,0.8173624033727843,19,0,1,0,0.5331266166895916
109.20123108620999,7,0.7441995248606165,91,0,0,0,0.42559875616683657
45.675278993299635,0,0.8597038882047439,37,0,0,0,0.477990687459333
348.5485086722389,8,0.21471872754289212,63,0,0,0,0.4709003490918413
105.52883611045078,18,0.4048321958498351,29,0,0,0,0.4203752120986687
343.10025834826405,20,0.9815544377230375,60,0,0,0,0.49490440490170573
164.95792516168223,8,0.1580423197763735,92,0,0,0,0.4412280947137468
273.56680869393466,20,0.6714508191554378,34,0,0,0,0.4500335953700595
125.13478595665737,9,0.23718446154726402,1,0,0,0,0.46737032622680824
201.057131376307,23,0.5001590062825443,48,0,0,0,0.445892716762909
279.9495789129995,22,0.800509645795688,89,1,0,0,0.5420373269999987
88.14080117593592,10,0.488586052555819,21,0,0,0,0.4303702577313921
299.1332057460625,0,0.8054816933119101,34,0,0,0,0.48909726801104453
51.916786215245054,19,0.4263349054403459,26,0,0,0,0.43376831978240127
415.4690922475845,7,0.9993529298700329,36,0,0,0,0.5340695286693095
149.13211895914546,19,0.4358282342202101,99,0,1,0,0.525773493184398
74.67757358100306,11,0.1493794786378264,23,1,0,0,0.5143264220545135
235.96311452149365,0,0.4018695156492489,81,1,0,0,0.5252054019179522
170.63551193453705,9,0.7425931846422301,47,0,0,0,0.42645769863005434
23.20587191039561,3,0.8479377577586286,106,0,1,0,0.5809353113782748
96.71627775230392,14,0.46010329917626236,76,0,0,0,0.40881396539935255
54.350663237546335,18,0.5944768410584397,44,0,0,0,0.42560244689244153
58.96831495262339,5,0.8448900678262903,20,0,0,0,0.45602539978104417
57.04541994901524,4,0.8135461799983198,103,0,0,0,0.4613725665831753
194.3355182162614,4,0.6577239053611328,27,0,0,0,0.4389949233357043
248.65452739224568,17,0.8150271042508549,106,1,0,0,0.529839728102113
68.81504045581396,2,0.575910758368637,61,1,0,0,0.5060068415959732
16.535944878517448,21,0.004648168925280638,37,0,0,0,0.5178482122895616
480.3387773181803,1,0.0412667844022232,84,0,0,0,0.5836465024760482
150.33687720962996,3,0.9798083992381831,52,0,0,0,0.46613873954376894
237.17921346457476,17,0.1449920420027052,75,0,0,0,0.4486948639213381
114.14678503025691,8,0.40451640882346274,92,0,0,0,0.4222919324577438
12.27903452633199,18,0.933811275009968,62,0,1,0,0.5744872922498097
180.7759308473798,9,0.19503948473304944,66,1,0,0,0.49623071188207624
386.77483120408743,21,0.8437913444665007,24,0,0,0,0.4978866174529229
78.33439388820142,14,0.8182675681595905,80,0,1,0,0.518778775722195
10.411291691767918,0,0.9863296545513397,12,0,0,0,0.5542820702984949
45.416114846918404,10,0.28168183364816834,16,0,0,0,0.4545632190147971
245.2155262179685,13,0.31532535538014594,36,1,0,0,0.4953726912099807
169.67775083749495,9,0.9028780010577865,2,0,0,0,0.48526892325350707
299.9771467194206,18,0.23407905920227956,89,0,0,0,0.467451921948026
134.24306098927994,23,0.5479009569871091,62,0,0,0,0.43722951189102377
217.2515890179265,20,0.7073449591910562,64,0,0,0,0.4285364235725735
94.39149876025631,15,0.2718842452628857,29,0,0,0,0.4227282653155553
48.995109110761916,7,0.9384129454447588,92,0,1,0,0.5560879446955121
217.67750197699462,1,0.6656975480739203,74,0,0,0,0.46299659514428415
248.00179790370896,22,0.04713930826982504,109,0,0,0,0.5242832520068086
79.93545599482255,6,0.13573753126091392,87,0,0,0,0.44150649799656244
363.8358342045167,18,0.1907815700915636,96,0,1,0,0.5816908555842087
370.58411222915583,6,0.2449573639934497,31,1,0,0,0.5417399847754912
57.37828341118,14,0.7306773700294364,83,0,0,0,0.423822210208452
59.88949300355394,7,0.0889352447554681,15,0,0,0,0.46348226821859834
62.52733595486944,13,0.3505946722761345,55,0,0,0,0.41177055178529504
120.68740166125458,0,0.9113833233280016,33,0,0,0,0.47330661915845695
98.17909428924628,12,0.556667686337004,81,0,0,0,0.407495712227308
38.875085336500554,2,0.2654965638385357,52,0,0,0,0.4577098787304541
64.19864699893002,20,0.9570562964803099,100,0,0,0,0.4839504680926711
12.642805716897414,5,0.24431589196868242,20,0,0,0,0.4786295472579549
15.953000139535424,18,0.9050996212676428,73,2,0,1,0.6232761016610556
31.404864656528314,14,0.7257696736145556,38,2,0,0,0.5999145200949191
463.03128599308855,3,0.7405210369587861,3,0,0,0,0.5629067407839287
426.5775988284287,20,0.7649393184016161,54,0,0,0,0.4939223353377492
226.65568890025003,2,0.5065693120572092,66,1,0,0,0.5174303862857287
80.65595626009745,3,0.8145787260026688,18,1,0,0,0.5240629978507719
30.841219045119097,4,0.8361930977524903,87,0,0,0,0.4637119998724835
132.06718406409965,17,0.36048672167611706,83,0,0,0,0.41230326611060714
184.43141259509193,9,0.4003445182163753,7,0,1,0,0.5502771743649569
69.85643705511342,7,0.8887567185390258,35,1,0,0,0.5019006820952825
177.30073031036173,11,0.5247292604295243,114,0,0,0,0.44362109846272796
44.99093714622881,21,0.866943495941869,84,0,0,0,0.44882483019773284
82.0949902683202,2,0.6267694617578073,84,0,0,0,0.4461126133891084
108.42206489564347,17,0.5935677567490424,83,0,0,0,0.4087167104326879
434.96895241715265,22,0.030980953277861878,105,1,0,1,0.6289444584235093
63.34728706485218,7,0.27789439784074976,80,0,0,0,0.42455430789875176
183.76675579576204,0,0.5020576469023181,102,2,0,1,0.6296477329535948
54.79027484509311,13,0.5873171721347009,85,0,0,0,0.4172391718722013
47.86464038021225,21,0.6304345290007342,93,0,1,0,0.5443724705746321
69.57915203275371,22,0.716222825011617,108,0,0,0,0.4702494688107447
135.65385341190387,12,0.6562334322936318,60,0,0,0,0.4079842195400705
395.872762947405,11,0.8485767073958004,102,0,0,0,0.5065154523907501
79.13779323414353,2,0.2954703428875134,109,0,0,0,0.46863079976464694
249.32468619248806,17,0.6415699856658924,24,1,0,0,0.5087195207861278
449.2725985952869,20,0.051159514196271294,101,0,0,0,0.5737780516045472
161.64717958951047,12,0.4801900773220279,93,0,1,0,0.5068759705625484
281.3775195904174,14,0.2680329659518925,95,0,0,0,0.449949124591181
66.2124432969585,9,0.38088714829469605,109,0,0,0,0.4436518500600086
180.20072267933656,0,0.3546627517649591,116,0,0,0,0.502611146817054
214.7127493426882,5,0.060430677152637724,39,0,0,0,0.46529670981144605
36.97960955710536,8,0.4666458007513755,12,0,0,0,0.45879883543017036
60.38167323895656,9,0.9946292879915534,94,0,0,0,0.4801353177016129
104.61491470985378,14,0.2989360568364836,53,0,0,0,0.40986350318746406
71.3279012627548,8,0.7361459716682507,64,0,0,0,0.41533076276863856
114.74922637359387,22,0.5477883349204357,4,0,0,0,0.468143368946587
31.597606332603696,13,0.3252253005314737,94,1,0,0,0.4965452901551809
420.2580056177128,10,0.08960706039242117,5,0,0,0,0.5435007447588507
267.35087950389686,6,0.21585790076521238,16,0,1,0,0.5576328761597722
930.7989247316609,23,0.7818535394902439,27,0,0,1,0.6210860458366005
41.67966826311711,1,0.2790201774186454,4,0,0,0,0.5108333475539024
185.39604240557958,13,0.14430248241185317,72,1,0,0,0.488860364936005
71.92489950944537,5,0.3312983404606731,48,0,0,0,0.43185772811761036
47.59195712060738,4,0.5840429522276902,8,0,0,0,0.47558138453287424
256.972378082225,4,0.7034631642899991,81,0,0,0,0.4429458764513856
139.0950693278793,18,0.38736483696958,46,0,0,0,0.4133549280904856
98.89073546803513,18,0.498147157078349,44,0,0,0,0.41567014519271367
165.29252881657075,5,0.4549166920334615,67,0,0,0,0.42482640561536505
62.79992952562282,9,0.009003349923426884,91,1,1,1,0.6233075118842809
60.88437749756669,22,0.39560047485584826,52,0,0,0,0.4401618871691484
74.25418944333005,13,0.587319810172082,34,0,0,0,0.41291585796120106
293.19191570449453,16,0.569944716415761,62,0,0,0,0.43337463600354775
276.9816053429594,2,0.7497675583342468,109,1,0,0,0.5607393625053344
39.73588541714902,0,0.6703759104353387,21,0,0,0,0.49428397179487077
408.2411409922911,9,0.27680679711615375,107,0,0,0,0.5256145302349151
130.10453452379147,2,0.2556436715589626,24,0,0,0,0.4525460677927906
183.1567877559957,4,0.46414179806343414,44,0,0,0,0.43428570535078564
72.13247938521786,18,0.7329696677216548,114,0,1,0,0.5525236930537474
135.523668608812,9,0.09382730657596439,41,0,0,0,0.43255766530411266
47.31124079488013,15,0.9483265830361624,29,0,0,0,0.46134941466287577
67.75520329828375,0,0.5431531237064317,103,0,0,0,0.47560823079289394
242.2835790179138,5,0.3064083949335007,6,1,0,0,0.5395596521966322
246.27294287597252,8,0.693391230881426,56,0,0,0,0.4221333472909471
189.38475179992315,4,0.04472581624310179,14,1,0,0,0.5450593388344779
93.70111031036515,13,0.4843969157830629,50,0,0,0,0.40218332324480205
39.043698689321026,9,0.485969647463809,78,0,0,0,0.42288322214557944
317.70343345457275,1,0.16197528490935031,101,2,0,1,0.6452873047278065
259.1373474612397,4,0.8373878159418832,52,1,0,0,0.5204170787289041
19.326461198377295,0,0.7968121186802541,88,0,0,0,0.5050085076627556
249.2628686811699,9,0.152732394453709,77,0,0,0,0.4447039171545111
98.84161170068273,21,0.3638272935633775,1,0,0,0,0.46440809043797354
219.84787444523053,8,0.10042955663088793,12,0,1,0,0.558900755247453
32.046156478914114,2,0.8486087568391968,115,0,0,0,0.5163823197145576
75.52560918645523,14,0.32332010374864084,106,0,0,0,0.4321519203328758
143.33631604627178,3,0.43931630785765274,24,0,1,0,0.5406797382567451
420.37228824112674,12,0.32387195002056646,37,1,0,0,0.56554340025431
143.62135791462495,5,0.310026016464951,84,0,0,0,0.4248119744954961
285.11227464204643,19,0.747302253748589,70,0,0,0,0.44749945186958395
158.76913675863963,16,0.7475662341798232,76,0,1,0,0.5024632757087257
154.5126297761881,22,0.5177881704805695,85,1,0,0,0.5014943392418715
196.90380873934316,4,0.6576169493263143,3,0,0,0,0.46346100805581
127.38928085530767,14,0.5116631973579566,27,0,0,0,0.4096523718669363
238.19102219875685,7,0.028589209939715032,110,0,0,0,0.4953849895497168
50.75822460521511,4,0.06600643312993248,53,0,0,0,0.4573341532440345
128.08060530412598,23,0.3837405695128313,100,0,0,0,0.4665838789246783
444.33386964240844,12,0.7497463586283942,17,1,0,0,0.5779548695111757
293.31140623112185,0,0.913226228134345,113,0,0,0,0.5321469973346511
169.3094488556294,0,0.029708305346752617,110,0,1,0,0.5986846551681183
265.94043415647366,6,0.368030052686807,15,0,0,0,0.45162389333897435
368.1105347611179,21,0.2237824361164109,39,0,0,0,0.49878965663567554
16.279532874620372,4,0.8152052811654619,4,1,0,0,0.574924373160816
106.73207454766889,13,0.8459681446546411,17,0,1,0,0.5232619865276015
75.29492985240961,14,0.20640886769189526,102,0,0,0,0.4423455817672079
34.61119349826254,20,0.7108272534348722,11,0,0,0,0.47469725088008696
486.89095727183235,16,0.7317560373014286,12,0,1,1,0.6253181074142558
203.7586467027708,23,0.17705769678257033,111,0,0,0,0.49766920347207444
259.4656107023124,17,0.43369591700823573,32,0,0,0,0.4341268426894328
78.216117594164,6,0.6203378054437996,27,0,0,0,0.43446560674926826
104.87511700875774,21,0.02606660693259888,44,0,0,0,0.47302369880632406
132.80661774487018,17,0.40459183304588275,43,0,0,0,0.4099738847756761
178.90334101388365,18,0.15495823294762068,91,1,0,0,0.5030188230253115
231.97832629144796,19,0.5418965011208873,49,0,0,0,0.42164116812900015
221.61293972002125,6,0.8429175834609547,104,0,0,0,0.46333231403508024
110.62183170692188,7,0.5247539386260373,108,0,1,0,0.5240105573331364
377.88278244735415,12,0.035983596208683966,93,0,0,0,0.5108138655578709
327.65666435251455,17,0.02965724559679117,73,0,1,0,0.5837545094886182
165.74764869179268,23,0.6055031459041493,43,0,1,0,0.5561046194616054
136.68509480953847,10,0.3279815585256125,3,0,0,0,0.4549391029143783
103.89260398814103,8,0.5726665034718926,103,0,0,0,0.4257336732239286
179.6657661883415,22,0.1636371089159876,29,0,0,0,0.4615851067438931
315.9513998495784,0,0.7768623528361118,85,0,0,0,0.49442359921363027
139.1159247701712,21,0.8607197057335678,35,0,0,0,0.43209313476871014
83.70006393318246,7,0.8892256020848937,117,0,0,0,0.4753622826188318
136.73274552331551,20,0.3040745888313513,48,0,1,0,0.5085693960977252
168.03799698213052,11,0.6607353676247317,74,0,0,0,0.4223665029859608
47.50839708027749,1,0.2790423871302602,87,0,1,0,0.5549260926675439
36.24433546873607,14,0.7627568208115785,39,0,0,0,0.4343431020813957
85.5997415319308,20,0.12052500222632356,89,0,1,0,0.5421643329285419
377.3537152206649,23,0.7627648111211612,24,0,0,0,0.5012911501441863
303.8961653670334,17,0.43972863766353476,20,0,0,0,0.45824820462775434
27.981477747914735,16,0.8555494904355281,15,0,0,0,0.4758184347061694
58.35997123418049,14,0.7389308599861465,85,0,0,0,0.4269654794630259
229.18141128164115,19,0.3765196406964849,117,0,0,0,0.47036380521889803
94.99195640931676,19,0.9035391853604525,106,0,0,0,0.46147745776564286
186.8110701898382,8,0.28333713927531035,76,0,0,0,0.420663799705593
29.81022254616676,2,0.9669886314359233,18,0,0,0,0.5166470333527492
134.59416621595415,19,0.7672033839556843,60,1,0,0,0.5007756989746709
123.96947540477326,18,0.9906748512711893,87,0,0,0,0.4592849646967109
260.3438343326243,17,0.053904616398477545,119,0,0,0,0.520980595729243
178.93203826688134,19,0.2740360458771308,105,0,0,0,0.4462017712975287
148.65328787055142,7,0.7412642565144733,93,0,0,0,0.4312216712181449
22.71336244961197,0,0.9222497012503753,41,0,0,0,0.5006678205322252
453.87215269107196,23,0.02877081711945295,100,0,0,0,0.6008006475326121
217.61018917734185,23,9.295975584744376e-06,69,0,0,0,0.5210221993034265
72.53633912742612,14,0.25624262925624774,103,0,0,0,0.4381332254714266
145.7993734666803,18,0.8527786766315614,90,0,1,0,0.5250805874732054
97.44372381125788,9,0.767153102143225,103,0,0,0,0.4504513883170001
113.19088241051843,11,0.340277462168857,75,0,1,0,0.49324512474058685
300.66690982721553,5,0.002011264345435748,106,0,0,0,0.533156712178979
58.09696904818768,12,0.5547057409537272,11,0,0,0,0.44369077464548157
224.1079176652353,3,0.23795547145095086,56,0,0,0,0.4392450783194923
309.3993348308408,12,0.7456089284998436,18,0,0,0,0.4583697408668854
199.76298568557718,16,0.446349664382626,12,0,0,0,0.43856790009689567
117.81656387186572,0,0.6786019230476671,16,0,0,0,0.46880932976567713
67.95128959299446,4,0.8523088298882903,27,0,1,0,0.5427583114406354
76.70300055432166,23,0.5357597995185033,100,0,0,0,0.46571048124637876
148.1084692621744,16,0.33595554072829237,17,0,0,0,0.4249191600562582
138.88869286391585,17,0.769543546015249,113,1,0,0,0.5098096908407689
244.15302773567447,6,0.26518723977117786,85,0,0,0,0.4391329025559338
32.22510449771312,15,0.8915188161064341,119,0,0,0,0.49422325264396233
298.08884333947253,7,0.07142764673293578,101,0,0,0,0.49359609379975605
654.9789051532453,11,0.8354686411085447,31,0,0,0,0.5776008162398496
126.85751303508191,13,0.09155572727095107,109,0,0,0,0.47180489463777703
111.87640310055818,18,0.05613698040981574,35,0,0,0,0.45142899409061843
120.60292852225402,10,0.3632569373481609,27,0,0,0,0.4248816352033135
144.21796283867252,11,0.956549354474828,87,0,0,0,0.45624741517189765
104.88133451842087,12,0.9834860541916022,32,0,0,0,0.4431866709720627
16.706139109997764,7,0.2020705009661593,17,0,0,0,0.4708798456520171
118.49459976063564,0,0.14863755566206616,11,0,1,0,0.569872829873603
150.92676662582346,8,0.3529533315547776,1,0,0,0,0.456941410755242
320.3061245281679,1,0.33708684088107377,92,0,0,0,0.4972829419484697
57.39030133313559,13,0.7595928827379745,82,1,0,0,0.4916627714749965
408.7354319184066,12,0.44399902074672615,49,0,0,0,0.48309163399196653
99.06442754013096,15,0.7798835857345133,41,0,0,0,0.41415948214605086
64.00297113630769,1,0.7487130970250458,20,0,1,0,0.5636297265790966
217.65053860521408,3,0.5783104301259233,71,0,0,0,0.4428833102113563
89.82066194258644,11,0.8335120997416551,37,0,0,0,0.42619386468653425
128.77924660206534,15,0.1956477465527071,16,0,0,0,0.43128082108619303
135.73132754070272,9,0.1618104956605133,39,0,0,0,0.42532084888765964
208.84662067438572,2,0.7506502585026682,109,1,0,0,0.547660736639589
125.80143032965474,3,0.2447970621552955,45,1,0,0,0.5072571112598551
115.16676233149973,5,0.0027943838203846605,64,1,0,0,0.5328878076131632
96.94002682359731,22,0.9119601686445381,47,0,0,0,0.45840328791344803
194.06016876891866,4,0.6229370580330629,23,0,0,0,0.444558008258078
85.89859417467986,17,0.4449376980079407,32,0,1,0,0.5085799217961345
327.5843566162047,2,0.7257365100090378,49,1,0,0,0.5564805432088994
136.90432499789165,9,0.33333173311528586,81,0,0,0,0.41457130131630643
24.176342168363657,10,0.9536660570954177,19,1,0,0,0.5470590709459906
167.94812167443632,18,0.0686202889474109,106,0,1,0,0.5553433469416346
188.75166034453423,13,0.640948190662361,98,0,0,0,0.42869142120364945
330.09560423664243,20,0.7772894828612735,78,0,0,0,0.46895579088340483
70.73216998054885,10,0.4691259078935094,119,0,0,0,0.46595563945886403
61.737886290899255,20,0.7549683550660359,67,1,1,0,0.6041324597971437
213.83875276049423,3,0.9269103978785693,39,0,0,0,0.46501797654485727
293.9550549532071,23,0.7439939006792845,89,1,0,0,0.5446496048460191
68.23703922130228,21,0.3093668671363111,60,1,0,0,0.513359030229057
163.47247018389126,5,0.5618463747192025,11,1,0,0,0.5120150288724286
127.50550362168806,16,0.9116035178596232,49,0,0,0,0.4236776586833815
70.41794259800915,21,0.4490977254824927,15,0,0,0,0.45131910655240476
121.70843362961139,18,0.6816984949157149,83,0,0,0,0.4132106745484163
279.75344621322404,12,0.4655147251288725,61,0,0,0,0.4285914438418378
137.35506560824388,21,0.12134415694036216,43,0,0,0,0.4460560873892949
116.6844612952962,9,0.0585976358762752,15,0,0,0,0.46052731701794086
205.8994488738472,10,0.9522739596286872,79,0,0,0,0.455353004056387
297.35080020376756,5,0.6125417734210956,102,0,0,0,0.46794765581071085
56.45102019066716,1,0.10381491312249158,79,0,0,0,0.4784777067253447
168.51706500036977,0,0.8574385584698381,73,0,0,0,0.47954165851634695
99.59014719305237,10,0.5226931365108133,5,0,1,0,0.5431919162922577
137.82711374346826,15,0.7719321122398732,83,0,1,0,0.5116562458891255
217.5960559326253,2,0.12675619562541507,88,1,0,0,0.5310874825225363
106.17542944322057,4,0.9069104318295861,29,0,0,0,0.4481445438391738
125.05290266949675,14,0.5905354396820256,62,0,1,0,0.49654600159823115
264.1370219689872,14,0.738260680749041,60,0,0,0,0.43069272154076094
185.43830132547126,3,0.03137968801685298,69,0,0,0,0.47461706236228396
122.84304885046133,22,0.31530490019900315,22,0,0,0,0.4518233758725519
148.28281616394148,3,0.2674454143954117,13,0,0,0,0.45781796545354436
140.16243144494578,7,0.9495949952878708,50,0,0,0,0.4428254148137579
22.15740950565856,6,0.18533856888033606,116,0,1,0,0.5693897308457682
150.19462214053084,16,0.7070517267140926,113,0,0,0,0.4365295097198712
40.46082997513851,14,0.042753537749293025,47,0,0,0,0.4634055984854169
291.6782086433017,4,0.19768408569423856,110,0,0,0,0.5001353020555153
39.508570315992955,12,0.3385973542543528,29,1,1,0,0.5951010913217185
95.56324725125229,3,0.7945058478747417,80,1,0,0,0.508261787406516
81.10623795509301,21,0.7899765800618004,100,1,1,0,0.6115219105450389
367.08363281731584,16,0.9526018617431619,17,0,0,0,0.49759761297025595
283.40646764778296,21,0.9167675026668848,20,0,0,0,0.48311702769329834
9.371897770227115,16,0.08151459504501635,78,0,0,0,0.4875944522024267
132.09334444739056,13,0.8298677221446958,114,0,1,0,0.5394523189760498
47.84639813470005,13,0.4511735795400168,6,1,0,0,0.5320302381007226
150.6229276787476,16,0.8658860907297334,22,0,1,0,0.5239096796894612
214.09399650126946,7,0.08928625153113057,104,2,0,1,0.6325628515083633
160.2845873989857,1,0.8227691015073356,9,1,0,0,0.5462367493506616
223.3635437353934,12,0.1596425190007743,32,0,0,0,0.43499727319391424
108.50811755026754,21,0.3338416300693422,88,0,0,0,0.44048854165738593
164.10218334368307,15,0.02884840029002167,33,0,0,0,0.4608110978330576
217.78900645015335,15,0.12372808818713854,77,0,0,0,0.4410480563275176
92.56511746761748,5,0.44572588541238267,99,0,0,0,0.4334101927305063
63.16265059442091,21,0.8183383356344703,70,0,0,0,0.4426597936145473
77.3265689043542,23,0.7736697713650498,49,0,0,0,0.45444815194065014
121.54738452023523,3,0.23529776177631323,104,0,0,0,0.45860375452476765
134.8914227189457,2,0.15169044906928097,30,0,0,0,0.4493258562119269
171.16678262042961,5,0.38926346298177006,102,0,0,0,0.4396169044442954
70.78005447312901,3,0.8832683472128847,16,0,1,0,0.5618745710513654
222.25452708834095,17,0.09142507416300316,65,0,0,0,0.4546920279133805
423.4180413135898,5,0.5429140103443503,106,1,0,0,0.5811018679271628
81.62590709180557,4,0.0888074794030419,82,0,0,0,0.4580702682848355
580.8395806324568,8,0.47021212116423894,86,0,0,0,0.5565788166338552
461.04394115057255,10,0.12679151216098228,90,1,0,0,0.5862473589214312
134.5641070420969,5,0.08033693499936478,14,0,0,0,0.4602386759498363
118.70685363992675,15,0.19084933306358476,56,0,0,0,0.41594524662368
76.36520320487972,18,0.2552560193687662,37,0,0,0,0.43214524060495507
245.5003746922515,10,0.2762653791314248,49,0,0,0,0.4287696789181128
141.59968389139226,20,0.6452679472473328,78,0,0,0,0.419181255724191
153.139968872366,14,0.05498187562288126,90,0,1,0,0.5296312089107972
64.39771712872519,23,0.08080905990536413,50,0,0,0,0.47875550393299593
250.3372011026126,8,0.1887061614792671,36,1,0,0,0.5225364821738322
111.3453860601563,23,0.872063069181422,52,0,0,0,0.44877976163124417
51.37522672292369,18,0.6286049260632328,23,0,0,0,0.43949179064392424
126.50965068426146,18,0.7303696591879556,66,0,0,0,0.41502264674439104
68.242467089927,23,0.37036215555765917,103,0,0,0,0.4725057967790878
330.4179357740174,8,0.21322034907000087,71,0,0,0,0.46988950275657315
457.10729092014753,22,0.037961360962912805,103,0,0,0,0.5938627001469408
129.3312780841942,3,0.4885356199718922,45,0,1,0,0.5193328891765812
278.0640664990252,9,0.5742809642273129,115,0,0,0,0.4811897252589609
273.37949765015316,8,0.8970027943777118,86,2,1,1,0.681874858705709
1.7798024027075343,18,0.882092978748994,28,1,1,1,0.6286607085664914
77.43120721007877,14,0.42468515847225496,102,1,0,0,0.49217282810623453
146.36121845360103,18,0.42357792900346214,20,0,0,0,0.42633994051306334
94.57500097366554,1,0.16112289671583369,49,0,1,0,0.5433602777862994
72.24697961975826,9,0.25744898784259085,57,1,0,0,0.4962750963071876
285.9389713176874,18,0.9256635763208915,82,0,0,0,0.46519925985989646
91.50912636047147,16,0.14103601093520213,88,1,1,0,0.5909780221552494
171.49828354757886,19,0.9686995467436516,97,0,0,0,0.47687516398262253
269.1277038382129,23,0.5047385502151964,59,0,0,0,0.4585331569540875
343.4996141742244,20,0.4566067747668311,119,2,0,1,0.6656567527558302
51.62269832278453,1,0.1746383806863545,109,0,0,0,0.49757973343052614
56.01490464643487,18,0.6615412504824808,26,0,0,0,0.4287022280703288
157.82332498590077,16,0.45984551836224785,19,0,0,0,0.4246317400674589
16.408939880013158,17,0.37066306791322123,112,0,0,0,0.46756730331199453
58.60748144842105,16,0.26451621858529195,106,0,1,0,0.5267143700591187
307.39604741946573,1,0.06648680301487198,13,0,0,0,0.5222660805677427
210.30223898932093,18,0.5193281165510958,74,0,0,0,0.41961712865874123
121.54618334061195,0,0.31290833305863675,62,1,0,0,0.5134654248129398
188.60605551769,10,0.7078652030027721,14,0,1,0,0.5347316604549319
220.57784590340464,9,0.7235223567491524,73,0,0,0,0.42753689300564524
35.747008015968255,4,0.3321070115377964,117,0,0,0,0.4767075348789078
90.15396931360236,15,0.6691206835667609,11,0,1,0,0.5379560526884727
335.61578696594324,23,0.2586752402794943,67,0,0,0,0.5101470210133757
159.89814456313593,4,0.7271737262421529,104,1,1,0,0.6025260026421072
166.9479313162162,23,0.016077145545221994,12,0,1,0,0.611353649963409
129.59093336856608,22,0.15160876698531278,35,0,1,0,0.5460983845867101
22.341099960211658,11,0.2450086619074362,103,0,0,0,0.4565674346855098
80.4964142039556,3,0.7729354869865064,110,0,0,0,0.47609131126360854
180.56558198245853,22,0.06637625308440853,39,1,0,0,0.5353407987192625
91.9433250227317,5,0.18805714371553095,32,1,0,0,0.5113689731088028
53.41373861476018,18,0.3586241055051941,103,0,0,0,0.4417982299865636
60.28131647746172,8,0.009174994152910898,14,1,1,1,0.6309351620519908
340.22751879620205,11,0.7621209753744086,108,0,0,0,0.5071997284337616
87.8488039015758,14,0.5601051496721345,65,0,0,0,0.4073036428432396
295.90547723337437,15,0.9006793870200173,27,0,0,0,0.4626457416485469
167.51577785327208,12,0.031031032544945436,101,0,0,0,0.476194801976804
110.86498837544357,20,0.27139068376632025,60,1,1,0,0.6013027865902502
69.25786273908902,23,0.7312516574367022,43,0,0,0,0.45612651842637336
214.28996852226282,6,0.6751494194489744,65,0,0,0,0.4181781095323421
271.83824372294504,22,0.2430574406047079,55,1,0,0,0.5286324081775852
228.85919191842487,19,0.5956877349680622,109,0,0,0,0.45739200882568515
39.742138276294625,3,0.7937576531077537,93,0,0,0,0.47231635314513615
87.64399824315663,10,0.033380703334614736,88,0,0,0,0.4607589532414901
96.68729025724375,7,0.7176283968694148,119,0,0,0,0.46873543678654045
17.3813799007973,5,0.25209706511397556,81,0,0,0,0.4518240897069946
187.25808783809555,9,0.9478512885341324,35,1,0,0,0.510920150777001
206.6578740655947,6,0.5382202213611084,95,1,0,0,0.5039993302560546
201.62425751163443,6,0.033386182631281125,106,0,1,0,0.5702413873788855
178.68768886192277,3,0.40343061878255526,32,0,0,0,0.4364291074937001
103.57713431645338,2,0.9663118582194857,19,1,0,0,0.5362155881142517
66.86240300754324,23,0.7303729932442136,95,0,0,0,0.47292883616365705
103.2801726860742,6,0.3004790036864622,39,0,1,0,0.5072944539581955
168.50427900550784,3,0.5752672943138663,20,0,1,0,0.5357325876118697
314.5462809834062,12,0.5991013556195962,28,0,0,0,0.4535657793289788
141.55326518866198,19,0.023348160783210226,3,0,0,0,0.5009792571637595
137.93606566386734,16,0.178833361249222,32,1,0,0,0.49353018082093786
19.404934515811732,6,0.5517769383122278,86,0,0,0,0.4414971921712513
176.72470427688506,16,0.402752558490689,108,1,0,0,0.5013938359273746
329.93252620504404,3,0.19003781452016077,58,1,0,0,0.5449041333766522
122.30544203114854,10,0.7726687348641699,54,1,0,0,0.48385158846550813
115.21028518258925,2,0.4889948806787626,42,0,0,0,0.4424280364103088
98.19034788639145,10,0.30997314236684914,117,0,1,0,0.5339215102798845
219.40577657740016,2,0.16167734641574594,108,0,0,0,0.48824848540997895
18.305121777739746,11,0.6111633627916309,15,0,1,0,0.560101190734135
296.1027842690304,0,0.6662613026613708,102,1,0,0,0.5654150686706865
111.24140084536677,3,0.6695972165770953,83,1,0,0,0.5045288061026943
179.05870954475324,13,0.22028736028870277,62,0,0,0,0.4237938692609861
231.50688329680153,0,0.5953384072223521,31,0,0,0,0.48172977462664845
59.604373158717294,13,0.9054064648584275,61,0,0,0,0.43759116108830765
131.28673187259773,12,0.3531876007629875,26,0,0,0,0.4126308557721283
109.33594972464738,12,0.2107669326418441,69,1,1,0,0.5842226369440997
47.15075049284287,23,0.772149516020762,57,0,0,0,0.45898756699754667
270.37423217503556,14,0.17688294015945139,20,0,0,0,0.45534886557613
102.37229773807084,16,0.25374872039489194,66,0,0,0,0.42114315636033134
45.277878221731946,11,0.10064439431196248,21,1,1,1,0.6118128199479487
137.47716129683508,21,0.26787431607466927,115,0,0,0,0.4734637835545694
33.75644494277183,22,0.4103350662149784,60,0,0,0,0.4531064565603719
91.96822420225828,13,0.06415786194299111,63,0,0,0,0.4471993036691174
166.05475546719015,11,0.8717089108973005,51,0,0,0,0.43002451661221386
30.134922903870862,17,0.5136747922166857,100,0,0,0,0.4398512824341003
209.6796055627741,3,0.5881036318885304,92,1,0,0,0.5259329800137115
142.97252165232442,13,0.3712857564334544,84,0,1,0,0.5005076891933498
232.42966901939343,18,0.6698352295539118,101,0,0,0,0.4510662088255213
230.6427759736397,12,0.43178173585103075,39,0,0,0,0.421387747646108
89.337899806237,22,0.761313774539245,100,0,0,0,0.4669433761352248
91.4024865236558,17,0.8214021435154072,11,0,0,0,0.44399765546283404
188.69735874613073,10,0.6718491118865227,119,0,1,0,0.5518656813118528
51.30496533819987,5,0.4913356191742305,57,0,0,0,0.4264777128443382
51.62992677172511,8,0.7822693506022277,3,0,0,0,0.4734400873559716
79.23886729924878,11,0.4942853114048491,37,0,0,0,0.4178661535235263
36.94703375556529,18,0.11150990436956876,84,0,0,0,0.47142085768516234
44.774657451193384,13,0.1163402232441062,96,1,0,0,0.5220280562481436
46.25217754932703,14,0.9485831396330012,111,0,0,0,0.48164900148268197
102.67512616371094,10,0.21356300845787612,25,1,0,0,0.5040634111731654
98.88793727573527,5,0.8159249910219764,21,0,1,0,0.5449413835823838
257.18602959708574,13,0.24670540727502854,114,0,1,0,0.5524625290528006
104.16498061703307,2,0.43078009385681637,80,0,0,0,0.43739478853150077
123.72695670619504,18,0.6549481120981441,112,4,0,1,0.617346880757774
403.7705817455648,19,0.15886717289590413,42,0,0,0,0.511455728440966
9.891968857187962,10,0.7372464883638775,1,0,0,0,0.5036685573581527
154.5498127618077,23,0.6899129725565383,23,0,0,0,0.45445467127697675
111.37408527880382,16,0.543082889105783,107,0,0,0,0.4278916334685147
166.24160170099512,16,0.5658897560424324,113,1,1,0,0.5987838392672451
83.54742779819037,22,0.10577179352159038,24,0,0,0,0.4753296169434617
103.62996637407176,2,0.4359491504351223,47,0,0,0,0.4425416505173942
304.7770948330012,13,0.08657139535762459,89,0,0,0,0.48185736705058624
186.84738340282237,6,0.3078632910335106,7,0,0,0,0.45324757881332317
107.8519535266299,18,0.9003121410906335,38,0,0,0,0.427829765649756
68.2926369770147,2,0.5745334005547921,111,0,1,0,0.5487739977872734
51.12912862060627,1,0.7427034381526816,47,1,0,0,0.5268974882563946
88.05288944803456,16,0.5738858673758923,103,0,1,0,0.5181096476016024
115.62934108215654,8,0.19423675800664908,35,0,0,0,0.42651485280329066
402.77093094274,21,0.5948083157798915,78,0,0,0,0.49523469902763284
146.3174224052575,5,0.7553880773055249,62,0,0,0,0.4294637152401213
75.60493492115634,23,0.1384050028670275,73,2,0,1,0.6169269753932078
9.959042372964023,20,0.8169067100945848,3,1,0,0,0.5897776098186492
66.57945788941235,8,0.5553921789782958,102,1,0,0,0.4973706921517648
88.15269072543657,4,0.0042752021687813,20,0,1,0,0.5835017102281465
157.04810655440178,1,0.519778486337977,105,0,0,0,0.4682344843691907
90.86219573330615,21,0.3956714921368296,97,0,0,0,0.4462193103423138
415.24505418174186,14,0.29644651128998756,105,0,1,0,0.5946121358398389
109.38479321921574,8,0.7712572199178752,44,0,0,0,0.41479672675694773
263.1946814240862,18,0.8994998836588509,32,0,0,0,0.45604214230033263
27.45862520593461,9,0.7626530893451102,100,0,1,0,0.544074385942975
125.92447160878139,3,0.8467725815908732,26,0,1,0,0.5486177179228606
67.20313751291494,9,0.9087809432111732,48,0,0,0,0.4389244341899827
268.1888957209038,7,0.9126293113764777,5,0,0,0,0.49583934882675695
95.86088351000156,21,0.11463814299675745,59,0,1,0,0.5397143834867549
310.54677670287947,12,0.45638548888716146,61,0,0,0,0.438197661055482
207.70097204846977,6,0.0002864743929102964,49,0,0,0,0.4822066536102853
85.821239672104,6,0.5064625847036726,30,0,0,0,0.4239497098457235
50.23358316194301,3,0.9242439343437908,17,0,0,0,0.4827132778578362
70.8454641322301,14,0.1991022903981734,70,0,0,0,0.43035332854225994
103.72903953492775,11,0.6397866287665797,58,0,0,0,0.4154306509923078
206.7608754581696,15,0.6443790464178937,63,0,0,0,0.4101540988252166
129.2521097824008,5,0.16035398468777295,61,0,1,0,0.5104664190053841
233.43624142560617,8,0.23852743931746034,63,0,0,0,0.4273144914144963
326.84511891935335,2,0.4620217839602411,15,0,0,0,0.5016015929013541
134.5622620197603,7,0.18820937645434543,1,0,0,0,0.4631238347279553
55.52450725217283,6,0.5849939785245091,13,0,0,0,0.4540638737487175
171.87876098931613,3,0.48454173102226905,48,0,0,0,0.4402034778362974
445.5455444061466,12,0.5191981785123732,34,0,0,0,0.5040377199351392
242.59686839729687,18,0.13446755282055523,30,0,1,0,0.5412616192875526
162.53412596521838,6,0.5172518254386435,19,0,1,0,0.5246426999248957
62.278581543487675,9,0.04947819105413931,119,1,0,0,0.5614295974752729
112.46774198510721,11,0.8815352980116816,64,0,0,0,0.4249561911621964
29.418200128814572,2,0.3432496908055924,66,0,0,0,0.4556808648187318
47.43955446031351,23,0.8563373248357075,117,0,0,0,0.5116345368077709
174.44796111934193,11,0.7016563687448438,57,0,1,0,0.4988464533115791
22.87028789556413,18,0.766172589297181,44,0,0,0,0.4521136467432548
99.63732582818066,14,0.31454449453892275,12,0,0,0,0.43207988542728365
42.613543679789444,7,0.22774393983405516,40,1,0,0,0.5160235226084027
49.69616840805657,11,0.40674055384111485,108,0,0,0,0.44521594808267817
136.4344037198996,19,0.024225862412799337,24,0,0,0,0.47750493282808115
70.93037627496895,5,0.9187556768683495,11,0,1,0,0.5632280780238383
34.74337060101509,9,0.38701426596612454,66,0,0,0,0.42041461716169226
83.31061436170489,1,0.988556604843565,1,0,0,0,0.5272470651678735
33.50791675016107,23,0.7614494208074128,58,0,0,0,0.46473727276181553
297.72977600992283,12,0.08051500979931048,28,0,0,0,0.48162614566305734
214.80034657939433,6,0.6601882778425759,68,0,0,0,0.4223018042137818
214.13266837029192,7,0.2708391648379551,105,0,1,0,0.535918572320082
65.12621012386614,22,0.24371864558138012,94,0,0,0,0.47254535858467933
178.6023706655119,15,0.25656266990321286,59,2,0,0,0.599892704890397
151.6444146000348,10,0.916075048692817,71,0,0,0,0.4390154270649261
69.53680641775499,3,0.4999801760713749,22,0,0,0,0.45817072203737824
123.07512972109637,16,0.6694708988116058,90,0,0,0,0.4166209531689223
27.924281521394562,15,0.2809478257997007,29,0,0,0,0.44143308582861684
51.49329318308541,18,0.5229544551851182,89,0,0,0,0.428642605434394
120.46093883109222,22,0.3501001382111898,74,0,0,0,0.44196371152734965
87.36289713057077,10,0.32113904039640073,84,0,0,0,0.41616662380561986
167.4593878572008,6,0.24696884797021224,78,0,0,0,0.42392124664724984
71.17179484931059,12,0.40900689849340055,97,0,0,0,0.4293625033173681
98.19814666929717,18,0.6600301106300229,69,0,0,0,0.41679043541026006
128.35352509384393,16,0.222043776067109,45,0,0,0,0.418218917170635
66.10506552750292,21,0.9654439868773501,70,0,0,0,0.4708639529643309
96.84308732209487,12,0.12461167646366667,86,0,1,0,0.5157993166919832
150.8635377990161,11,0.4802072077214363,17,0,0,0,0.431396596066218
355.011714543827,6,0.0850282163553494,79,0,0,0,0.49951895387826173
66.45365915218483,0,0.02266532106900998,39,0,0,0,0.5070558259208942
87.71085225745017,0,0.9226773196983634,40,0,0,0,0.47597707019382834
240.946591861103,19,0.8103847939506341,28,0,0,0,0.44658506069431225
282.55831332223414,22,0.6941553731255583,117,1,0,0,0.5639456540394112
190.87439660186743,13,0.8651908131499447,2,0,0,0,0.46761116931238156
277.67786140645273,14,0.8028484229697286,82,0,0,0,0.4366405586540834
63.18924107125304,10,0.6472377209863922,27,1,1,0,0.5957772239050781
259.94587172644486,23,0.8473423257683692,21,0,0,0,0.48176279868804855
220.10785756746253,8,0.3908005534601052,87,0,0,0,0.421760610860971
49.06430216912098,16,0.5527518332351261,7,0,1,0,0.5624757358817648
99.36333353970406,3,0.7763106529786457,61,0,0,0,0.438027748542714
13.488082584269815,19,0.08479801624634664,52,0,1,0,0.5605488086262125
142.78078476041748,18,0.8586454671624839,48,0,0,0,0.4198732275313527
256.7332024837992,6,0.15683045569660503,19,0,0,0,0.4573758491270483
84.01920290380004,0,0.8645412528975391,73,0,0,0,0.47160424932759026
54.58301553126161,8,0.311332871632927,12,0,0,0,0.4551280695771224
51.1386464530934,12,0.32678284596921847,110,0,0,0,0.4409102205636909
126.893026919413,23,0.07394868986970127,94,0,0,0,0.5031710356903525
189.66958950399598,1,0.8858996238957495,71,0,0,0,0.47345114982067005
359.97926894596685,1,0.17451040239086957,2,0,0,0,0.5463628572955836
12.032030753665603,23,0.6300499020370153,17,0,1,0,0.6024992393667348
331.20858369482136,14,0.6439675992535223,75,1,0,0,0.512137173599341
148.54824531028106,16,0.2811515034146459,114,0,0,0,0.44329118607788515
248.49113348946963,12,0.9856609574568044,76,0,0,0,0.4619225742425582
211.22229303099095,6,0.06416621811108492,3,1,0,0,0.5516130715930915
132.91313471585136,8,0.6078720109915183,21,0,1,0,0.5148301156668105
129.11728976439267,11,0.4795439274571891,78,0,0,0,0.41072187678972266
170.9289047520355,2,0.24548410714727464,79,0,0,0,0.44105318406291494
105.57060169128891,22,0.16355171132294644,51,2,0,0,0.6060829720876171
112.38068679422086,21,0.7370843581589864,106,0,0,0,0.45828589826224525
196.27559092555003,14,0.9163148744811864,105,0,0,0,0.46377769657305434
66.24256728206016,6,0.10754626195472239,10,0,0,0,0.4663062909362629
264.652210910938,22,0.19398021210600547,116,0,0,0,0.5179930190733035
249.9145162160201,0,0.9862697472955654,55,1,0,0,0.5526841590584284
88.08332783689023,13,0.015022674237874623,36,0,1,0,0.5496801021553042
197.64855895826156,18,0.5082519696529233,51,0,0,0,0.41285887771852664
180.279059280076,15,0.5161128500818143,74,1,0,0,0.4696838112716878
80.69180937795133,9,0.26316152514577384,17,0,1,0,0.5183343206260274
207.93652497830448,0,0.6630288804436608,108,0,1,0,0.574150551118256
347.24600227665917,4,0.9449409064270137,89,0,0,0,0.5015756120789819
270.78368265627404,2,0.45021393095657714,61,0,0,0,0.4591233433113098
34.3366504982503,16,0.7494195054011905,91,1,0,0,0.5093503401032217
184.76228498185517,17,0.6460702592714582,97,0,0,0,0.4297308057490371
241.90760840680727,20,0.47294186354171486,75,0,0,0,0.43054267863261286
76.33592030267656,18,0.049812299803204674,13,0,0,0,0.46220082921791794
264.68593171619267,21,0.7417498049572753,65,0,0,0,0.4484749748463677
69.11865204350866,21,0.36325144712146296,95,0,0,0,0.449581676892106
104.7142174890381,17,0.22449468840242093,97,1,0,0,0.4936508004405608
71.47672437347615,15,0.9482686497881705,85,0,0,0,0.45085684834174916
61.681017739580895,1,0.773502769547162,80,0,0,0,0.4680705703672533
170.73303020682852,14,0.9622686816769365,103,0,0,0,0.4728634321666349
37.602656916711766,12,0.25621693216559005,87,0,0,0,0.43984380791523187
109.38519355395756,12,0.8357933275778873,74,0,0,0,0.41822014261850543
170.79529584746356,15,0.6077214042619692,48,0,0,0,0.40828246354474085
72.34641240853864,7,0.9815036893032196,97,0,0,0,0.4706995953998675
295.8270037134812,10,0.9463169456136573,86,1,1,1,0.6363838027562274
116.3425773367493,7,0.9729680449427024,105,0,0,0,0.48329099135462084
383.97482481172625,21,0.951767618339942,70,0,0,0,0.5133038492418761
33.407240565490326,9,0.007660866890438989,47,0,0,0,0.4830830403618288
175.64215161027593,22,0.7410854101506894,100,1,0,0,0.5270008436322128
151.27846084439662,0,0.27193456120964177,111,0,0,0,0.48653010749614517
95.79646100723481,11,0.7050270955525281,10,0,0,0,0.4474554807024841
133.51879292884743,8,0.9806112012539087,57,0,0,0,0.43958762313402555
194.5549407382311,4,0.03935939069875882,80,0,1,0,0.5558224512661125
220.8407553344476,8,0.5669878324393505,13,0,0,0,0.44412248750991085
119.3374665508075,15,0.7349531581167693,115,0,0,0,0.44508076075402975
177.26835420323155,17,0.2533587822148069,61,0,0,0,0.4275061853892754
65.9602816802513,7,0.22512193706714245,58,0,1,0,0.5149247790593489
223.80455843435112,22,0.060345505401880994,84,0,0,0,0.4984114801673985
334.9448279122732,10,0.0939198571680756,68,0,0,0,0.4787336708664491
235.7095974673989,19,0.6567499108483615,84,0,0,0,0.43364231733833963
71.6071880405025,18,0.5052106190319509,86,0,0,0,0.4195373111054854
56.96099202275275,3,0.030072227481945935,29,1,0,0,0.5486786220557061
544.5080638173524,19,0.9696617587527658,16,0,0,0,0.5856575288290572
320.3342086328772,9,0.6560458694888051,107,0,0,0,0.4848573798031442
221.39861912422577,23,0.5154685690160083,63,0,0,0,0.44628851808113573
349.64638009650514,12,0.2727242366264233,47,0,0,0,0.46703399261186085
130.23213730986737,19,0.6580988848075032,43,1,1,0,0.6004818418242054
218.5947690886326,13,0.36416786288271275,23,0,0,0,0.43159886812731346
293.74279095670965,20,0.7024941626624895,30,0,0,0,0.457884955224461
105.52993492037531,1,0.6825719203067642,57,0,0,0,0.44339144045018447
184.66593118516985,3,0.09274379512412934,30,1,0,0,0.5410140886903372
272.17803607776546,6,0.9092607083109917,107,0,0,0,0.4950209069164777
53.35996263103823,18,0.4869742516016813,67,0,0,0,0.4202412496808709
97.29921334374737,16,0.3929449389665539,56,0,0,0,0.4066808852085489
268.0710267122712,15,0.9554621436287786,24,0,0,0,0.4792506657743261
154.32235504240214,12,0.4382092811112116,113,0,0,0,0.43377004478856546
139.5937889435372,23,0.7212209169030644,101,0,0,0,0.465211717142108
127.44875163041527,23,0.6551364772498361,77,0,0,0,0.44481538300367346
287.02045424974204,21,0.16514009808305663,106,1,0,0,0.5572602308989107
58.79488241401201,22,0.991142773743137,96,0,0,0,0.5015993289916328
92.03210566486993,17,0.46360432229088666,101,0,0,0,0.4269562961256859
37.27756069053164,20,0.3947825724173085,76,0,0,0,0.4359726303940599
102.95443654195489,11,0.9196134927532301,8,0,0,0,0.46834617136875095
148.79984905815257,22,0.5292383365771101,88,0,0,0,0.4385480890732373
19.463945545157312,0,0.7050769619293124,44,1,0,0,0.5460936049226105
66.86361137457996,14,0.8462460472620109,80,1,0,0,0.4868420866856988
154.1497260411691,2,0.23549439572451836,96,0,0,0,0.45670959599001637
182.59707205702534,5,0.1694665851945295,34,1,0,0,0.5158547331592336
402.20594358108383,13,0.06850680559100597,35,0,0,0,0.5138287059970355
202.2544748575665,22,0.8971332992460653,96,0,0,0,0.47823939402876314
115.77934589405072,5,0.20036709474314873,50,0,0,0,0.4345423706985993
145.85028872060235,0,0.3077540440643939,17,0,0,0,0.46918962349184135
149.58990000007287,19,0.2858069260789511,2,1,0,0,0.5376646513088518
92.1536564571287,5,0.3045879875223949,90,0,0,0,0.43118651723792467
159.0204283104816,7,0.6680611268287184,54,0,0,0,0.41720159086555964
88.52923877452446,14,0.9541135587405383,44,0,0,0,0.4443381374665393
164.84963322816537,13,0.3294534359575404,81,0,0,0,0.41162801502923213
127.34893637487991,15,0.40764715465869683,102,0,0,0,0.4253934810796504
111.79247490219973,19,0.7711469841086112,49,0,1,0,0.5102341687639171
114.32036305992344,22,0.4323379441876859,2,0,0,0,0.4728979839725023
225.96555338205116,15,0.9260427679260474,72,0,0,0,0.44215140649628304
211.22973263747045,18,0.5032180507452165,110,0,0,0,0.45449564980486806
107.32276166138254,23,0.3477348557636154,70,0,0,0,0.4541061299128439
219.98611578966967,0,0.9715724837342696,9,0,1,0,0.601915217742442
125.45638631242055,3,0.42578187606417994,1,0,0,0,0.47246774096086264
126.94259539663413,23,0.23117487118804259,69,0,0,0,0.4680620028557991
92.21971677259322,9,0.17770081478953292,103,0,0,0,0.4475196907789079
374.79880911513806,19,0.9951813258283256,9,0,0,0,0.5305392118492211
349.1281521287623,17,0.7529876931288492,14,0,1,0,0.5737450636675904
76.79104322894817,1,0.4086597974551808,27,0,0,0,0.4605450776134679
102.36262407212914,3,0.82636334285219,9,0,0,0,0.4658093140658857
174.1049418113624,14,0.546806129514485,36,0,0,0,0.4105597335080241
197.4189111521253,3,0.31738957363327247,93,1,1,0,0.602145615826852
54.38958249512774,15,0.7433858087359594,84,0,0,0,0.42615812307007706
63.082826943898446,14,0.7458947388831518,79,0,0,0,0.4272850279520837
197.85676939009448,17,0.500169229184135,100,0,0,0,0.4328408991444946
34.03031024441743,6,0.045158340355496374,3,0,1,0,0.5945063193746708
77.35580234129682,14,0.07702248657366761,117,0,0,0,0.4875763230383843
243.3644019649097,21,0.7887494790012712,23,0,0,0,0.4562788134436275
235.74475261262842,10,0.8234763759882132,118,0,1,0,0.5572638536770308
361.3548673198119,18,0.6782897485771823,110,0,0,0,0.5055155687408301
442.1605441742017,7,0.839068575417683,73,0,0,0,0.5021200538464374
689.4176339988634,23,0.7194874703576121,30,0,0,0,0.5969225206173308
99.9947194295363,0,0.896934620508916,19,0,1,0,0.5677118874803082
81.80024787516219,2,0.15039827261328031,102,0,0,0,0.47417011446858265
178.93857030099736,4,0.3877415283268735,67,0,0,0,0.42593881639585024
38.186196321550725,17,0.4641107938908192,50,0,0,0,0.42406380988572
110.16391008585076,11,0.2976637947582136,48,0,0,0,0.4205007851761665
148.4984486632979,11,0.7253664481494441,3,0,1,0,0.5472306272426084
188.68742299895797,20,0.9124388126891402,98,0,1,0,0.5529133543095835
203.27223670011986,18,0.4124821992692763,66,0,0,0,0.421247325923551
107.5130911973278,8,0.9415419645979666,27,1,0,0,0.5093477911234927
44.11853788950754,10,0.5167689071440567,87,1,0,0,0.4929329096915625
53.70989799467975,16,0.5225156268160511,106,1,0,0,0.5058786226210094
16.694095021068,15,0.6002195406777565,96,0,0,0,0.4549634697853725
84.27835781177524,3,0.26833106511932536,111,1,0,0,0.5281324351789289
37.2936256803063,9,0.383360519135037,99,0,0,0,0.43867040739973434
89.19994864776842,21,0.5532374528854946,40,1,0,0,0.49388815115588874
177.656758194122,14,0.9419828855732617,18,0,0,0,0.4517860961050149
45.1298209330985,18,0.6426925784552184,27,0,0,0,0.4301577398519156
142.3703277040275,2,0.33311655788870953,11,1,0,0,0.5314804657568739
106.60002823571861,20,0.010468573316502638,39,0,0,0,0.4701152153744537
171.0175630303199,22,0.9816656499299057,19,0,0,0,0.47791439960184934
200.5843002518364,4,0.49298455781839545,89,0,0,0,0.4277981649835065
101.3932424835091,10,0.938495158330771,7,0,1,0,0.5674954353015272
133.56394710837358,23,0.5493452338350528,95,0,0,0,0.4549916733125766
106.93214823638743,4,0.6054648602222887,57,0,0,0,0.42475281568877266
91.46727208135357,6,0.7119122559039721,2,0,0,0,0.4638226777668407
74.07445454297154,5,0.32097573366440557,38,0,0,0,0.4354755012613261
187.70385537804958,12,0.6989839606750345,5,0,0,0,0.44749782095071705
319.6638986779842,1,0.5267919098513837,78,0,0,0,0.4782434589299548
294.54328047072175,18,0.6724799495825067,82,0,0,0,0.4458453979641364
41.10770562995309,10,0.83583326090984,36,0,0,0,0.44367243833855513
315.72058174555264,19,0.18422913027198395,68,0,0,0,0.4752092348905246
59.93115012798408,4,0.6135509103357597,88,1,1,0,0.591686776586659
148.5410790908749,8,0.05211132860983658,77,0,0,0,0.4450285599637456
168.42998389889277,5,0.10211508894903687,119,0,0,0,0.4895515123809588
31.268808789867922,16,0.674594235735587,85,0,0,0,0.4301712009381971
116.09692897374076,18,0.07093765180831946,57,0,0,0,0.4445694737823496
328.92112395372294,22,0.5953577798139739,97,0,0,0,0.49481172094389403
10.392833018209819,7,0.22001259865138545,20,0,0,0,0.46495156348886146
571.6346227331541,6,0.304084828511748,5,0,0,0,0.6071429963559342
15.764339044198593,4,0.1296365021474264,24,0,1,0,0.5682996212583109
165.34789234411488,14,0.2486674861728393,99,0,0,0,0.429829301476682
32.893902042159,9,0.821291784819328,30,1,0,0,0.5216114583995359
184.75684760219593,23,0.6388784056065275,28,0,0,0,0.44989267193099247
285.847576178815,15,0.9497597947128548,53,0,0,0,0.46353702353450954
235.03790913297132,8,0.04874485535375528,51,0,1,0,0.5356887932659128
261.973217030819,6,0.7924119971840686,109,0,0,0,0.4855158769998121
107.3134859748427,10,0.6990771832794246,7,0,0,0,0.45182882466103497
327.39074317773327,8,0.26089230519753603,42,0,1,0,0.5507960934658551
488.92980887813235,16,0.7291667028105845,35,0,0,0,0.5274685153756696
142.98838227112617,8,0.7165485499146202,119,0,0,0,0.46124077535365116
97.7735377624198,2,0.4593452030587438,94,0,1,0,0.5402468482852893
67.90065802645812,21,0.688639618853709,34,0,0,0,0.4321864044635668
224.60048735013217,7,0.44458090301506525,103,0,0,0,0.4430675345094846
270.5511924992884,18,0.33554559605787215,73,0,0,0,0.44570175306716936
97.8087366448088,19,0.46649096033691617,117,0,0,0,0.4534535471810841
375.7114990169491,15,0.8951294814927913,76,0,0,0,0.4797768266429836
211.61491216340838,6,0.38458379286021815,54,0,0,0,0.41395628797338263
141.75842296051516,6,0.40368817745666385,29,1,0,0,0.49609533794077326
169.30127392435492,19,0.6084032276220502,10,0,0,0,0.44347155903464547
55.11785833769375,12,0.7529994754336213,27,0,0,0,0.4344464191602614
222.8168048286205,2,0.7346208603111565,83,0,1,0,0.5490984637802394
58.56530780082351,11,0.01979873011815725,13,1,0,0,0.5491978066551092
87.75031369890483,23,0.6874153330188532,42,0,0,0,0.4482930418988878
125.94928910604261,7,0.45055404809892685,37,0,0,0,0.41715498697256975
439.1176393754626,12,0.5240899675544575,61,1,0,0,0.5379598551032501
159.47524969795788,19,0.5616633369429792,96,0,0,0,0.43462618449933677
63.98531330471643,15,0.7317196171082654,79,0,0,0,0.4241647255620319
169.7653086277074,6,0.831332983608313,21,1,0,0,0.5130452633719237
202.73145989925214,3,0.646260944632236,3,1,0,0,0.5434437935800449
301.27333222066,11,0.5639072208060012,8,0,0,0,0.4747241661122045
130.84073087212462,16,0.37376925481270185,70,0,0,0,0.41247100750912064
72.80258995376411,0,0.13787821923194754,93,0,0,0,0.49046354438567896
516.5600504775978,16,0.958577681644864,83,0,0,0,0.554550660526091
170.03677172999056,1,0.4618422923253076,17,0,0,0,0.47062174617610086
64.34349067652589,5,0.5662122444973933,10,0,0,0,0.4562952275550451
129.9515005754726,11,0.7510731394364172,97,0,0,0,0.43760074394814236
87.78770344808072,10,0.06841048497982916,13,1,0,0,0.5307668421421008
313.6433091260593,20,0.8550110090037315,91,0,0,0,0.47499198963373457
201.3579604951701,10,0.7970257433424074,106,0,0,0,0.46109370130943494
103.56323148025282,17,0.7744285819098411,12,0,0,0,0.4381555911262089
270.6620568002909,7,0.021982706734408386,66,0,0,0,0.4759651157518313
121.94518627046092,6,0.5265188514104142,74,0,0,0,0.4139483765511846
127.64773060795883,13,0.054268370732436844,85,0,0,0,0.45434221965532634
71.05826035988132,15,0.5508725788472912,23,0,0,0,0.4235317612909461
70.56340330324863,11,0.7184483262555225,65,0,0,0,0.41678779568048363
494.25041807029936,8,0.12185025025842289,97,0,0,0,0.5633818286632661
261.9692140142284,19,0.6948831054772886,52,0,0,0,0.4364580171840407
20.092410193836084,22,0.4495328459853072,61,1,0,0,0.5253114998551842
57.27603773308711,20,0.81155293067782,26,0,0,0,0.4455136215664507
46.7505537844568,15,0.533588939380301,15,0,0,0,0.44160413774122104
139.61651210955884,20,0.33612153583464877,22,0,0,0,0.4341196122267928
94.90783883059461,18,0.3319915634237086,89,0,0,0,0.4228778644727779
356.3869687903877,15,0.897486520007584,65,0,0,0,0.4655495091909366
102.36554943056022,8,0.4528715845851323,26,1,0,0,0.49817458915352086
461.4565848708913,12,0.40575389717642096,21,0,1,1,0.6123972730714349
124.86609172173529,4,0.03987362229791558,105,0,0,0,0.4804592715171874
527.8980422195743,21,0.36432460511540166,24,0,0,0,0.5738905796592386
113.50860924109108,18,0.8496270549444248,103,0,0,0,0.44540786220139533
115.28915904907126,9,0.7609876565326091,16,0,1,0,0.5258456058647607
257.9923851817628,6,0.22091320279659976,32,1,1,0,0.6072162228066724
232.55999943326344,8,0.4130566232135032,16,1,0,0,0.5215917707479076
39.40858290191387,13,0.19657967608174887,77,0,1,0,0.5233675344272375
142.18459143958088,14,0.9542168168347068,42,1,0,0,0.5071147113823996
94.18721795620343,12,0.5981178785355357,32,0,0,0,0.41103807728591385
88.92551070603274,9,0.7543547925485486,50,0,1,0,0.5065318895510222
141.6651169979692,13,0.713808649676779,41,0,1,0,0.5056947656239176
105.73202950925699,20,0.8736893633900835,108,0,0,0,0.4563513562481986
153.1420619572433,22,0.9493277785454594,24,1,1,1,0.6381013805261574
54.90829556571116,11,0.03244617377572445,13,2,0,1,0.6198989223018011
30.55005313078251,18,0.9753011798999524,75,1,0,0,0.5442233649325693
264.87121575830474,5,0.8705424631058796,79,0,1,0,0.5456770642782924
293.37283033090193,11,0.3829474086980963,10,0,1,0,0.5756696977114011
253.6073382785998,23,0.8370692425570705,42,0,0,0,0.4724685508159323
136.91079751878297,12,0.7365579823309495,41,0,0,0,0.4108531915495856
99.28941898337611,7,0.7931143766896918,3,0,0,0,0.46066390039609356
79.12287232228532,15,0.22069103283905533,55,0,0,0,0.4164670447816677
66.93382788813973,1,0.6485637019356654,16,0,0,0,0.4759171919317131
124.97342005044317,21,0.02592589429929082,44,1,1,1,0.633628515640634
288.46982340807745,6,0.8482291325528488,81,0,0,0,0.45023299748045165
73.49995474120564,11,0.9510429724757891,89,0,0,0,0.45452687602375824
288.80839463454674,6,0.6621234406352879,30,0,1,0,0.553944340536391
32.29498235481525,18,0.5126696531760021,111,0,0,0,0.4499539004222754
159.1222025479122,13,0.7257310893630712,99,0,0,0,0.42777697047914603
184.17985347993366,8,0.32636128822461696,37,1,0,0,0.49983880955264515
86.4409693699956,17,0.626387795812538,60,0,0,0,0.4118403654756946
51.6089238325644,10,0.7189729393064442,77,0,0,0,0.43274106454261824
241.20143669399314,15,0.14268078148118757,24,1,0,0,0.5146145916605417
137.70730139485346,18,0.14006800549659237,102,0,0,0,0.45328440687077987
633.1042987098631,10,0.7161381777143069,26,0,0,0,0.5785147285857429
291.4709863599324,17,0.43178249416549597,58,0,0,0,0.43464130508390303
293.05180503476686,10,0.8892014984609,9,0,0,0,0.4841335714392995
7.3936017289827625,3,0.3119388821568376,61,0,0,0,0.45778896643896394
74.7838478409198,17,0.042430737248644546,19,0,0,0,0.4624540124589458
45.960387541693834,18,0.6498760292315197,28,0,0,0,0.43194089821076065
15.547708253471729,12,0.6842392266025806,7,0,0,0,0.48210019993840697
129.41430118836058,3,0.5535916089787103,45,1,0,0,0.49559614646956873
237.03159907221425,9,0.683332645694598,86,0,0,0,0.4265939494619494
56.5322008349683,21,0.523754344474395,94,3,0,1,0.6264782334935021
16.78122023457713,4,0.6926328160990456,63,0,0,0,0.4539421424949747
60.989109314147676,2,0.043937406555194514,37,1,0,0,0.5427345859777891
117.50574513455925,15,0.3683973702210215,16,0,1,0,0.5117003682040911
110.75416112688642,7,0.21081691795368462,100,0,0,0,0.4449063990974415
134.42545810459845,23,0.09932613861162731,5,0,0,0,0.4973271395179609
181.42045446720056,6,0.2340926361660719,29,0,0,0,0.4387976333317617
131.8953849365275,18,0.19131061803178817,52,0,0,0,0.42374926574009575
246.28074502864766,13,0.9731313883615972,115,0,0,0,0.502181084809456
57.52334291374109,14,0.2865459177184627,23,0,0,0,0.44229623852255734
107.07815534279399,16,0.2309589701471595,6,0,1,0,0.535211122604522
203.34027556871575,20,0.8348745062689928,36,0,0,0,0.4399375006210759
164.53425368999848,0,0.41911621726883896,57,2,0,1,0.6180771915201835
426.27823478283284,5,0.4214654484493091,33,1,0,0,0.5748261926000702
59.79264824844134,22,0.44359046638015176,49,0,1,0,0.5469610707546972
205.96316443221286,14,0.4165345061206146,41,0,0,0,0.41674246833703216
78.27382296219429,11,0.32656545495884837,80,1,0,0,0.4749835502728876
70.974394471727,20,0.2863394425547898,55,0,0,0,0.4267330058455536
279.6312983891838,19,0.8819596764854412,98,0,0,0,0.469567580377928
130.74873979974515,1,0.1617073461353562,107,0,0,0,0.4849255482012942
162.47112532135762,4,0.18106235292293926,26,0,0,0,0.44563896836789685
83.54714395671301,8,0.5717191004250424,37,0,0,0,0.4156667664348261
87.72734103643768,19,0.34365857966273505,77,0,0,0,0.41953964689806295
29.90320686977674,13,0.4215293648470272,116,0,0,0,0.45564492582577204
153.03847844741205,17,0.806546607890683,17,0,1,0,0.5251599472455111
52.4070472784872,21,0.9036310603771054,96,0,0,0,0.47064731698327245
119.22669129143473,7,0.7905536795565471,32,0,0,0,0.4205845733989574
246.09606138264948,1,0.23492826329075156,28,0,0,0,0.47497750089888136
21.402609872149245,8,0.9799712896090502,93,2,0,1,0.630866166346924
742.8038371207948,6,0.36317650081609587,25,0,0,0,0.6113349180595024
69.69049913639356,17,0.169067061164613,47,0,0,0,0.43238412223330097
121.94230616790007,15,0.49949670546804004,22,0,0,0,0.4159042089246736
162.3235707066217,20,0.7252857696349472,91,1,0,0,0.503456998294784
67.63623649274652,4,0.08327088130807403,61,0,1,0,0.5352028474170054
90.38413082731319,22,0.6342869146210478,44,1,0,0,0.5054079420978903
285.8855475910962,14,0.8580779234265963,102,0,0,0,0.46188923629565265
227.7976071443748,4,0.2617814826920877,20,1,0,0,0.5268996915047219
108.9071953014626,10,0.6931232121767075,109,0,0,0,0.4442201445994683
133.1445491009359,21,0.39990862996044063,50,0,0,0,0.4193333089362178
148.3194504115899,13,0.41413514313958166,88,0,1,0,0.5033666395289168
199.58517634768043,18,0.2808140312089128,47,0,0,0,0.4320498446849233
209.8669138225803,2,0.6243937964398953,47,0,0,0,0.45898606175526874
205.95546204153572,23,0.36099925303015457,72,0,0,0,0.45063712824654867
95.31077290952796,9,0.8309030034615783,51,0,0,0,0.4245592472310723
144.76866293968155,5,0.9629054230495309,55,0,0,0,0.45336605361316346
265.28335368644315,2,0.9350876800409245,78,0,0,0,0.48642849648685993
515.697729716168,1,0.16312837299298855,39,0,0,0,0.5819127426881204
141.72984139807943,12,0.014190299994750522,14,0,0,0,0.47993622899383687
84.9481954191141,17,0.4384683411221577,69,0,1,0,0.5117545628224063
66.50482619758046,1,0.7288837076721867,47,0,0,0,0.4594673836869926
207.09171729737102,14,0.977455268334961,21,0,0,0,0.46295984689564385
28.42085555579235,4,0.7834223015721056,15,0,0,0,0.4854957494078557
208.57377915583527,14,0.5805493218670399,100,1,1,0,0.5876334329935059
211.17282631791215,20,0.026352912229547387,97,0,0,0,0.4966158382327748
87.55462157224486,16,0.8255406915073545,81,0,0,0,0.41986167053964973
159.67333336327684,1,0.1771450339292111,84,0,0,0,0.4643528289386932
111.81111501715817,17,0.05560651418679041,1,0,0,0,0.481848710591711
37.62351683016096,14,0.8503588473542644,80,0,0,0,0.44006219876956204
197.86243615317528,19,0.566250867872007,109,0,0,0,0.44969235071151326
185.34539246718535,22,0.12855159786044934,82,0,0,0,0.47544921544097296
93.45620694039062,2,0.38654266317408115,10,0,0,0,0.4661100880684133
510.43823315876205,4,0.08554166722556333,23,0,0,0,0.583063223495883
133.9935026214995,10,0.638010806927802,18,0,0,0,0.42990539029885905
19.050214301846516,8,0.2824272663426748,113,0,0,0,0.4622043447767416
274.85311546728815,4,0.8660941313653747,58,1,0,0,0.5238578094783287
232.44276117204265,0,0.35779602881969197,73,0,0,0,0.470842040950554
251.77267813362892,13,0.49463386301991774,110,0,0,0,0.44660850870997515
55.164852612077055,4,0.06352339750597513,117,0,0,0,0.4990700300663343
156.54371282805099,7,0.27559261664396983,94,1,1,0,0.5935071151665502
132.2670087469858,20,0.6767672716905974,77,1,0,0,0.49042311649687215
116.16984750174403,13,0.7362627677776401,52,1,0,0,0.4755616519483175
324.8695040569945,15,0.24282185501123366,116,0,0,0,0.5069458723326206
135.40913846959225,5,0.5038200987207079,95,0,0,0,0.42832313441164793
96.15568122749357,7,0.8175311052045051,46,0,0,0,0.42330391319353
95.36766068544725,1,0.3799101608895553,107,0,0,0,0.4759631781269439
51.298313052408695,18,0.13377126735678924,13,0,0,0,0.4661954631224027
145.5602633613457,8,0.43187038961246926,96,1,0,0,0.4930446923714884
341.74813411447747,4,0.6006286654320312,17,0,0,0,0.4855071744516515
102.6642546387558,4,0.0073985281923795165,67,1,0,0,0.5379040574522161
163.06767064115985,18,0.3485675066807289,61,0,0,0,0.422441867275082
114.73279175455103,3,0.6074358208951647,65,2,0,0,0.6090526417154496
124.61369994453948,15,0.9519119500446703,53,0,0,0,0.4357277394748704
239.72716870610145,15,0.4085487324756647,5,0,1,0,0.5532804398954801
50.666576787931284,15,0.1629722654793263,32,0,1,0,0.5223237941593192
31.581998914622677,6,0.5342190979668533,89,0,0,0,0.4330111258039786
275.13755630651826,17,0.2857523610996804,45,0,1,0,0.5318405757174932
85.57928750259742,23,0.21477939931478396,56,0,0,0,0.4602996759165705
97.09380456646079,20,0.590403259028062,5,0,1,0,0.5653453260403795
582.9087159586676,0,0.9158835343364059,101,0,0,0,0.6001367890992333
231.42779499783043,2,0.8352242043392859,87,0,0,0,0.4759599154001717
62.5082983752581,20,0.18229253886909247,76,0,0,0,0.4451621960032542
288.37122232513366,7,0.7658794583498564,34,1,1,1,0.6234661449174134
235.20398728616732,0,0.22986863437336924,61,1,0,0,0.5326788496262822
1.8451386987442557,6,0.2907012606932192,87,0,0,0,0.4518166557792083
149.61776602508468,6,0.9200515068834888,80,0,1,0,0.5336963120251536
53.0863888370796,7,0.9110501507137712,113,0,0,0,0.47934909025140665
124.41285775417484,18,0.16863076454516235,62,1,1,0,0.5983964516879458
516.7725670137396,16,0.06419185592348142,69,0,0,0,0.5763659119070027
246.80709951571066,10,0.29311810323694876,63,0,0,0,0.4328274799517367
270.092863319385,14,0.5817750597777686,44,0,0,0,0.435700815790825
114.91629098161356,8,0.8768916778163262,111,0,0,0,0.4576915826099366
270.94996565867075,16,0.11883738890049111,28,0,0,0,0.4658767328296452
71.83206262139912,10,0.4149585022025196,70,0,1,0,0.5065865395336628
148.19462727166123,5,0.27174978672052563,13,0,0,0,0.44723962567379616
238.96667491406708,8,0.014928967236017665,43,0,0,0,0.48008073762681847
233.91183757640928,17,0.7884462607929984,30,1,0,0,0.5043884645923911
33.70312533471075,19,0.8132842131676772,26,0,0,0,0.4522166820362972
444.24184409930535,1,0.22122906177531643,81,1,1,1,0.660314904534994
60.14721293726125,3,0.151240250040368,63,1,0,0,0.5263331538870595
651.2656115036629,17,0.14456085362219717,73,0,0,0,0.5948535001560437
243.94189562198147,0,0.4639471897642874,57,0,0,0,0.47036961146046213
229.5887963752604,10,0.24649558743576983,64,1,0,0,0.49690007401810765
64.97029076984697,2,0.511355642488501,80,0,1,0,0.5356853295458989
88.62924128787613,7,0.38485173715183973,49,0,0,0,0.41486076470870126
420.7147343692676,4,0.21089030490099125,52,0,1,0,0.5961513617946113
384.85707389517387,19,0.7511917895573142,63,0,1,0,0.5856242896485794
117.47480000927453,20,0.15036389033582276,82,0,0,0,0.4443572428087644
109.74088810053229,21,0.7989023148204372,13,1,1,1,0.6276277903087459
112.31999935786862,21,0.5614463836902922,93,0,0,0,0.43828522131896575
289.7166858356354,4,0.8320371426764441,107,0,0,0,0.49632515210995115
270.73842711921975,10,0.004759040069905018,109,0,0,0,0.5168834438392367
177.5775942344019,11,0.7491885190354829,88,1,1,0,0.5875758501814008
149.29717454531558,21,0.05151559325111532,45,0,0,0,0.46511223719307576
116.41662980740495,8,0.9500987190378207,108,0,1,0,0.5543465098822455
617.7387111011545,20,0.702739488390535,46,0,0,0,0.5662989812008142
37.73257727326673,12,0.320172290621358,77,0,0,0,0.4247804027884361
98.11267077741556,21,0.3198504928457496,89,0,0,0,0.4381206429175467
168.71312060969444,19,0.8614923797186251,41,1,0,0,0.5106401145644559
30.388729193777785,2,0.9028401284526587,46,2,0,1,0.6238015141066416
83.70467342001368,12,0.8915732810387438,1,0,1,0,0.5667004208556519
512.3916480232093,21,0.8087402925663275,73,0,0,0,0.5412297586985605
258.39797058632405,10,0.8190320208363729,68,0,1,0,0.5327383045951952
83.13261853436835,10,0.5727679028775595,92,0,1,0,0.5126852160434573
81.00928592467527,20,0.028231052949068136,12,0,0,0,0.4749066236803327
38.02611415101461,19,0.08677328205899493,88,0,0,0,0.48647187897732913
93.19046562770265,20,0.6495532494062001,110,0,1,0,0.5362111996826238
201.10755390138024,6,0.401165160327027,73,2,0,0,0.5976674978224765
176.92028918172718,16,0.5673096308415861,35,0,0,0,0.41109763609204575
97.30674591657156,15,0.23107762262212872,102,1,0,0,0.4998251769364275
59.35487725300791,13,0.649417173643192,99,0,1,0,0.5169251604051999
115.19134721512508,0,0.24282954419334069,33,0,0,0,0.46498724819095
113.18413536060099,10,0.460812797975354,58,1,0,0,0.47074291162032406
235.65377637084052,12,0.478719899591182,118,0,0,0,0.45962345887628786
158.6087358248201,0,0.1776682298391592,117,1,0,0,0.5652638858341179
143.13049000726002,1,0.8762077263876397,35,1,0,0,0.5234539226514167
307.2940935018297,8,0.52582105627312,46,0,1,0,0.5427360005984867
382.4962780894245,12,0.8667837779383459,84,0,0,0,0.4804424754571483
175.35587083093242,4,0.26253569549592404,66,1,0,0,0.5046021584204943
178.54555799716366,8,0.17233594546814057,44,0,0,0,0.43039632878778933
121.59428269598997,12,0.018016647620129667,26,0,0,0,0.4652605407176227
64.2002290837114,4,0.09386465972650726,42,0,0,0,0.4545420611954237
248.89925189998894,14,0.1474706048866119,77,0,0,0,0.44158467471530716
216.09620866745007,6,0.07885556237796953,30,0,0,0,0.46015580199653355
129.4787765635898,13,0.8968792951421874,116,0,0,0,0.46669079549491277
158.97465013438364,15,0.9114383079417638,32,0,0,0,0.43315883976974834
293.47402791473905,5,0.9373626722750439,36,0,0,0,0.4683645622960788
327.45149659925653,1,0.9598608365756688,19,0,0,0,0.5274563996469617
7.872568253079928,15,0.49183500501993827,22,0,0,0,0.4616938956039144
78.48803405031859,18,0.5300246368249503,65,0,0,0,0.4142073983120544
129.15187776675478,4,0.13083042857355243,57,0,0,0,0.43410794517219126
51.20412565136809,3,0.1370520377520581,11,0,0,0,0.4907563986742656
162.11922665113144,13,0.7727564386560676,26,0,0,0,0.4270141880035581
82.08761738230427,5,0.8557290841417408,48,0,0,0,0.4340292365538512
166.19725309247713,7,0.7847144306310921,19,0,0,0,0.4355947749590312
84.22011183032271,23,0.8345758649949531,83,0,0,0,0.4635609251992234
87.28733262367058,2,0.2765703154282998,12,0,0,0,0.4729691169880334
165.25780160239378,3,0.4660657843187356,67,0,0,0,0.43249998304819026
256.47812558302934,0,0.459199383395387,119,0,0,0,0.5205839523331957
207.25664324365678,1,0.9952834031417301,56,1,0,0,0.5389123365915397
130.00444029355012,12,0.9491780201157658,18,0,0,0,0.4546016359840111
21.059516133688156,8,0.5984861064260061,113,0,0,0,0.4598235150594081
85.51320024763078,11,0.13797313314069337,5,1,0,0,0.5408022802721405
77.78269753127421,9,0.25859603863067715,112,1,1,0,0.5940294255373245
225.44193458838976,9,0.3637615549817358,24,0,0,0,0.43354842365179297
150.28538122387891,17,0.8732116596934296,78,0,0,0,0.4252838633305821
154.49874784686142,11,0.1706324570633776,115,0,0,0,0.45412578209797344
66.8841640139878,21,0.21974691662810508,38,0,0,0,0.44860453650479776
336.37771542070595,15,0.349384691669827,67,0,0,0,0.45239044029893644
153.71597650978103,22,0.9269101886533835,70,1,0,0,0.5277309558824657
63.32865047283565,5,0.5038120907763871,76,0,0,0,0.4266835694010955
67.47815972310002,23,0.6468360365975345,52,0,0,0,0.44249462722954663
170.69077411531651,23,0.38722330507017844,75,1,0,0,0.512439609987814
61.18219903698788,20,0.18852211110846673,39,0,0,0,0.443978244659246
78.65196334455283,23,0.22280053740848016,59,0,0,0,0.4632879263792318
48.869628297305766,9,0.8026712203158792,26,0,1,0,0.5356056984982444
224.14488120141127,14,0.8934820383198383,65,1,0,0,0.5034447490840475
62.49948296401227,8,0.49307565589314495,80,0,0,0,0.415155396908397
374.0913964929059,23,0.3569945274592565,48,0,0,0,0.5026426758785337
186.49981671393166,1,0.8078351365272624,113,0,1,0,0.5804432216605786
48.68535294614047,17,0.6730947750809279,111,1,0,0,0.5132904740920504
205.9087630797865,11,0.04087397748563315,53,0,0,0,0.44899289656785224
336.77644627244797,2,0.3507408988828107,9,1,0,0,0.5685117386708728
125.66976038496014,6,0.6821729782360418,5,0,0,0,0.4454763392583241
363.51505318597333,8,0.5736798202909772,116,0,0,0,0.5111090230441677
189.0628520730911,7,0.9780673088462226,72,0,0,0,0.4622659066413218
82.16114006002533,5,0.8661153782252905,61,0,0,0,0.4297386513191839
517.7007677201161,0,0.05973840573126099,21,0,0,0,0.5985344812351642
36.959614242111826,13,0.7257690156723606,97,0,0,0,0.44321682195304796
102.78706994541548,15,0.3363266123304779,103,0,0,0,0.42459691391848153
130.0067615327927,15,0.6820827030859464,107,0,0,0,0.42858189266793517
461.06058702526116,3,0.6172245860913963,63,0,0,0,0.5186050949731049
227.81897388469991,5,0.5030502591468411,20,0,0,0,0.44617048324899533
201.44687045397265,14,0.852949554339555,58,1,0,0,0.49226972187271634
71.70101948956375,21,0.7086898601431678,117,0,0,0,0.47116402003161456
121.98451126068989,7,0.8895551145020065,45,1,0,0,0.4901638513230977
83.81412488121816,0,0.2816037491030493,22,0,0,0,0.48185636043503016
196.63339140333267,12,0.34812752459460206,77,1,0,0,0.4739633490033778
301.2341294322055,17,0.6219513498104688,103,0,0,0,0.4586155292515321
595.5849146396844,17,0.9664644373617358,75,0,1,1,0.6598018030192705
91.91606259235941,12,0.3715820993371812,82,0,1,0,0.4997793127671184
35.88564675931526,21,0.032293650067491186,63,0,0,0,0.49263226792188414
104.1931915057838,13,0.4458879554219567,30,0,0,0,0.40956466131485997
273.53413793202157,10,0.5439295625290231,63,0,0,0,0.4317659909499617
64.14975779126037,6,0.8009874086995432,97,0,0,0,0.44796408528238524
133.6496306119121,17,0.7286004799966389,44,0,0,0,0.4114128886424268
203.2857672680725,20,0.9646626807183362,67,0,0,0,0.45854979075474805
93.48361864508719,21,0.7826827605564662,58,0,0,0,0.43030391616620645
158.72694128639378,3,0.29862843706788267,65,0,0,0,0.438735344793832
58.658065377656314,16,0.6413803109801697,36,1,0,0,0.4900866095959947
315.5794274074652,18,0.6722411933965523,6,0,0,0,0.4853046396263797
110.63251016032922,13,0.9980205148205229,37,2,0,0,0.6114411349439635
155.3027143485262,9,0.1387379112267776,93,0,0,0,0.4370317639082911
22.123468675615676,5,0.19132550269045678,75,0,1,0,0.5392774289226773
51.34134390073241,17,0.15551364400868894,116,0,0,0,0.4804268333488603
267.2752732319396,3,0.5890601141659638,55,0,0,0,0.454750512446609
92.39107842906057,10,0.1353010722340201,77,0,1,0,0.5058774760307105
61.41308637178334,12,0.6560077089045355,75,0,0,0,0.4167551627931516
32.9431143469435,7,0.8037740508642188,59,0,1,0,0.541975864901387
311.5424341453522,9,0.43279292420686044,38,0,1,0,0.5477769212362489
220.91620104341052,22,0.5606850818894642,115,2,0,1,0.627173883257282
210.7523535740087,10,0.9127220832912908,25,0,0,0,0.4501895765973403
396.7431518281402,2,0.5695659175775012,79,1,0,0,0.5627088941650776
102.8712196041944,14,0.20860555203486741,117,0,0,0,0.45926935227119187
36.33380163158516,7,0.34319379844336184,77,0,1,0,0.522246122751807
139.71026471558199,19,0.5298458033394685,106,0,0,0,0.43193379079426863
447.63254606268606,17,0.15489768548958494,33,0,1,0,0.6034507474222978
141.90499479412682,20,0.6125198353568693,13,1,0,0,0.5114436435543782
295.9015247546478,0,0.9992460918840257,38,1,1,1,0.6581766538525939
37.78685338249874,23,0.6525349649409644,117,0,0,0,0.49730047938055094
70.42188066049557,7,0.3724111440144412,58,0,0,0,0.4155998846535488
256.3540434477484,2,0.3317464916810625,88,0,0,0,0.46732534576464135
152.94290717707088,0,0.9316033226072752,20,0,0,0,0.48901399638350734
123.86825751813836,19,0.8715142905786558,108,1,0,0,0.5198097618655174
293.1264137266137,15,0.4723586201987673,17,0,0,0,0.44988369208447887
253.9783491737005,8,0.3534145645002842,114,0,0,0,0.46647137811246087
156.04626248942873,16,0.7104642835964525,24,1,0,0,0.49264125942028203
8.036123458394467,15,0.3145024755542828,26,0,0,0,0.45556236135926886
135.22733740284156,22,0.11940323225254046,40,0,0,0,0.4584439867000769
184.88336194288593,5,0.31015221230152634,32,0,0,0,0.43736121579420656
22.832704372750978,22,0.4342959821172019,93,0,0,0,0.47187495286773723
180.36721217756295,6,0.25541137598270813,78,1,1,0,0.5893019047432585
302.2411275453721,23,0.21681372583772296,37,0,0,0,0.5019127261098301
135.03161759875056,15,0.006140162664697746,86,1,0,0,0.5279052415118071
55.170784748720905,7,0.6308427814040466,98,0,0,0,0.4340778998633335
9.707035391235308,9,0.6144489423161189,91,0,0,0,0.45207635879792485
182.9854374503828,13,0.18802523777072822,92,1,0,0,0.4952480642571634
26.2756773271923,10,0.9436500718111842,86,1,0,0,0.5276770944123699
209.52097183252374,1,0.4095709018047581,60,0,0,0,0.4469095468401119
433.3747826885769,11,0.025479433576306554,57,0,0,0,0.5348386975665381
73.34476657555157,19,0.21977191726484357,107,2,0,1,0.6197115828581925
112.8570643339623,19,0.6920674842711947,58,0,0,0,0.4130793024485114
449.8534666900506,12,0.20161989881059528,67,0,0,0,0.5163536082198678
147.8624074343585,14,0.05391245887605611,22,0,0,0,0.45558970494761714
93.16105926828689,11,0.6177062213946729,58,0,0,0,0.41396773320940006
273.5195962867167,12,0.518354790594183,112,1,0,0,0.5212196423512712
97.4609626233361,7,0.7612658360984534,85,0,0,0,0.42866882783198174
69.09379023356168,15,0.7726313885441417,80,0,0,0,0.42336630559732913
207.22967216009556,2,0.9599352537877288,73,0,0,0,0.48430274548338254
288.74381258954895,12,0.05701754401853876,77,0,0,0,0.47995706383311865
68.65276609452907,11,0.038989419818228344,74,1,0,0,0.5153300031434888
157.22214377814117,18,0.9871970480276607,49,0,0,0,0.45046288923415234
116.83618472137603,1,0.6448478776969538,85,1,0,0,0.5182478252215357
132.09808724566338,0,0.7153705396675714,49,0,0,0,0.4617148017825349
55.68390648796567,7,0.09648201973516846,42,0,0,0,0.4429573972447839
218.57791954269177,8,0.06981269084833697,40,0,0,0,0.45194898646881393
373.05920682121746,7,0.160253593935771,71,0,0,0,0.48493950892014664
67.25245755204908,20,0.4271956027974696,46,0,0,0,0.42614379325872503
218.45001929566624,16,0.11017618273297569,22,0,1,0,0.5424368248183099
269.1817400025609,8,0.44633374044082796,82,0,0,0,0.4292083473478263
156.35815483791743,5,0.5615359031013367,21,1,0,0,0.49935438113212594
211.92628765580977,14,0.0003329678851079487,51,2,0,1,0.6270048822430752
74.40098062191778,22,0.11424563079197747,114,0,1,0,0.5854260985654356
359.0712587046053,23,0.37519519176787874,14,0,1,1,0.6189761803478369
290.25223183361834,12,0.05332979269680016,74,0,0,0,0.4765021621765792
313.0640737097675,20,0.1335289733121401,97,0,0,0,0.5017311548971042
47.07514007469125,21,0.23179639045595446,9,0,1,0,0.5733822654909867
193.153161461137,11,0.42960141416764697,18,1,0,0,0.5061553493977233
79.29028398957936,12,0.7148371979367092,13,1,0,0,0.5113836959964762
379.7743162929056,6,0.1326886118258459,17,0,1,0,0.5971310528319216
68.54279421991937,22,0.7379585719093322,87,0,0,0,0.4606875691779137
161.1127795203666,17,0.8550607297172208,25,0,0,0,0.4377954608440149
15.80867687016527,13,0.6514787668852333,54,0,0,0,0.44279855728237977
160.493897303702,10,0.043725695427797806,16,0,0,0,0.4645984575330755
47.61571817962376,13,0.44065368692744133,24,0,0,0,0.43472789133803014
200.32208332875584,16,0.6600660016334998,95,1,0,0,0.4901411139385294
119.60743597802289,23,0.9785131346073124,75,0,0,0,0.4839455981888751
99.84743060717005,20,0.9518083880692424,23,1,0,0,0.5314153720367062
386.20889809798246,1,0.39570315443991877,41,0,0,0,0.512300558456103
541.4291815090821,18,0.6159310722250926,103,0,0,0,0.5449443432719571
34.73857143817216,15,0.8908151473615851,86,0,0,0,0.4476562198741066
102.51767230882169,21,0.8310462473761965,33,0,0,0,0.43445399241283805
243.27928851486067,9,0.47942183411274975,105,0,1,0,0.53347249383992
177.17541033496724,21,0.2612413308916234,42,0,0,0,0.446834465987741
233.98329791387437,7,0.13709994679883297,48,0,0,0,0.4406566037908103
126.48808622978424,20,0.4879801550832592,117,1,1,0,0.609075264865491
298.50419903622975,4,0.7228458753432891,18,1,0,0,0.542625019721737
155.93122843728398,6,0.9697697132162659,63,1,0,0,0.5148123503728175
184.86269017994397,12,0.8618149048230889,78,0,0,0,0.43135180169685094
47.67167570769697,15,0.20424095524816166,92,1,0,0,0.5116371834252547
144.20663552097324,4,0.7197781268224699,11,0,0,0,0.44909425743165216
245.1229623307433,15,0.28910125385843044,24,0,0,0,0.43971060790669136
170.05815360073402,14,0.6834725944335964,61,2,0,0,0.602243384985307
149.10750711813643,8,0.6658054604607726,64,0,0,0,0.4116246121350812
193.31717770138025,21,0.27243060292554144,36,0,0,0,0.44907133889233886
155.27294876874006,22,0.23438862021728646,83,0,0,0,0.4554124756939716
129.79531753102486,11,0.10393776258892584,77,0,0,0,0.4445128688514236
250.45598088513063,7,0.0505396368046267,97,0,0,0,0.47712304583053144
122.89644582787855,12,0.858451058856471,53,0,0,0,0.417043956135764
44.800209630510366,4,0.04984939463504168,83,1,0,0,0.5290253182538854
374.6056406249847,13,0.0887411665251141,47,1,1,1,0.6383844522496042
81.37767664520338,15,0.23885203536819988,52,1,0,0,0.4881511709440863
32.92335429824636,10,0.8876583284622761,96,0,0,0,0.46625490541403763
210.7024221293631,19,0.33294036042219133,79,0,0,0,0.4274685431860889
406.8023182187992,11,0.19179955745659216,57,0,0,0,0.4987636521821773
214.28309888117624,14,0.7155554957950951,75,0,0,0,0.41619577655551065
339.338257347306,23,0.3190697548686857,23,0,0,0,0.5072524842308924
61.89241603189254,11,0.33336663807619626,59,0,0,0,0.42231473492584987
45.431859168824545,8,0.738976595938536,69,0,0,0,0.4284217827467183
102.21309053708205,0,0.2516528156083059,56,0,0,0,0.4621457949449165
283.5790620155212,2,0.8967600477056256,86,0,0,0,0.48407077684616845
200.83024557108217,11,0.5614216779983453,42,0,0,0,0.42150251465444344
211.561615167362,19,0.537831711172414,18,0,0,0,0.4383848974671347
149.0406182821491,12,0.2647522350662096,71,0,0,0,0.41506763290915444
103.85381004543103,22,0.8350943401299257,33,1,0,0,0.5186017517176669
154.1627745901879,5,0.5727495508715014,3,0,0,0,0.45637470824033516
119.5503617532481,9,0.15551654790522595,28,0,0,0,0.4358654548249228
98.02844433732687,9,0.2062982372447626,1,0,0,0,0.4739229307921687
180.71662848134162,15,0.4682559088206436,63,0,0,0,0.4114996598152652
110.66885245568274,0,0.7796418224163886,113,0,0,0,0.49892107609874514
165.92082840505623,15,0.9392952736169602,47,2,0,1,0.6154305520488709
18.156331159225644,3,0.6634986303769468,37,0,1,0,0.5582233368052799
155.891180397171,5,0.5061432495582981,86,0,1,0,0.5126431295441511
110.11657924230587,18,0.2507319775120247,48,1,0,0,0.492144831763313
351.6674419790937,1,0.6728679604557496,108,0,0,0,0.5267828554021698
31.355611023389024,17,0.9822397558535073,19,0,0,0,0.4841985445877043
147.33891339217004,9,0.476222475539235,14,0,0,0,0.4365310713683065
247.18806302842944,3,0.1621418788898954,67,0,0,0,0.4567573242610926
123.33696675593357,0,0.10334058145417857,83,0,0,0,0.48568092262808377
107.12990481098089,14,0.26925618259898143,97,0,0,0,0.42642900594443023
246.59931114640432,9,0.5694420190212435,85,0,0,0,0.4271028791615347
197.3207499777053,17,0.9468053010913289,65,0,0,0,0.4536636907178598
208.03690457201975,15,0.2991650830641467,26,0,1,0,0.5242010117900092
98.18959488079156,12,0.30539117137160443,10,0,0,0,0.43849345053497535
88.28366083366036,14,0.4811796591121924,99,1,0,0,0.4833487519177262
166.07061461858643,1,0.9185423350991888,77,0,0,0,0.47369399798978773
260.9279961166174,19,0.4190550505890892,70,0,0,0,0.4382837262039116
39.31076179184081,3,0.22322939186093316,43,0,0,0,0.45290420732489445
126.79834067456318,0,0.16313091498177135,70,0,0,0,0.4694853810388435
91.63179453069716,6,0.45701536927248165,99,0,0,0,0.43207660426090494
138.82482098688666,22,0.8006774357301496,80,1,0,0,0.5161308050778762
231.17898848145927,10,0.2913524047243896,105,0,0,0,0.448660937101006
67.38142740701267,9,0.5125226392306429,72,0,0,0,0.41799677409508346
213.33949493503926,0,0.6030082724225491,59,0,0,0,0.4734450018154873
100.92438260505226,10,0.45047041165789736,3,0,0,0,0.45943721266895426
289.51042884568403,23,0.19169024135328938,5,0,0,0,0.520215179572703
70.93985642509591,9,0.9217456779348554,85,1,0,0,0.501961709824713
258.43519359744147,13,0.565449235234484,95,0,0,0,0.44029954696618717
43.639683476470886,13,0.7291343839138855,78,0,0,0,0.4291794629924884
157.97705756355444,6,0.6360430054379329,101,0,0,0,0.4386695633575765
216.51497385273763,22,0.9980480217275737,83,0,1,0,0.5825955239446614
72.61666374343338,10,0.456310134438656,37,0,0,0,0.4284618164599615
94.1699869591485,21,0.42497237329909343,117,0,0,0,0.4653692755198668
139.9711230437751,3,0.36013986609000626,84,0,0,0,0.4325045210981923
106.82554002981101,23,0.36162845934026266,52,1,0,0,0.5085946933788782
86.97430238125588,1,0.27577021071723673,66,0,0,0,0.4500770019198478
249.19053520591905,6,0.980630125146547,63,0,0,0,0.46926149627022334
309.7033250695887,18,0.8707820343019119,7,0,1,0,0.5901595498165906
297.4628845776683,13,0.3166730049572162,97,0,0,0,0.4513030855542902
191.4838945344926,18,0.3052290446498356,53,0,0,0,0.4218777010795859
210.27016797994327,6,0.1035339871850548,114,0,0,0,0.48595316063117194
62.346428770925925,11,0.8770308605094929,106,0,1,0,0.5405096002113722
130.29053284541294,2,0.3717660508266061,6,0,0,0,0.4640615366943104
148.79357121221148,14,0.5726153921451278,7,0,1,0,0.5438556681496388
170.49741750494508,4,0.9003777288809311,44,0,1,0,0.5426955494364292
168.32651037960193,7,0.4081006484742057,18,0,1,0,0.5225729171281289
140.23858006293403,13,0.8068680434228418,107,0,1,0,0.5257506649390539
189.90499055755174,3,0.4302856262487571,54,0,1,0,0.5244679038248581
162.9098073668249,6,0.7009409390177527,29,0,0,0,0.42822090985196626
162.63711995553166,6,0.4311844071921811,83,0,0,0,0.42182886475144105
76.90964649500995,17,0.3927591345546926,25,0,0,0,0.4239717240585901
49.92837130483913,13,0.990709239561908,63,1,0,0,0.5241311266636618
171.11425482255805,7,0.612349842003575,68,0,0,0,0.41594801775852996
97.57533434409271,11,0.36739118162297923,115,0,1,0,0.5322021498948982
80.02195860456257,9,0.25781947708681785,13,0,0,0,0.4478696749656861
220.4209421744335,13,0.03976637022961638,32,0,0,0,0.46383447324192234
131.368137916141,8,0.706566340248727,27,0,0,0,0.4178262689581463
340.36818049658905,5,0.372157428195262,51,0,0,0,0.47266535188815156
204.31234753483045,4,0.8212541637787648,34,0,0,0,0.44198122918057725
72.855759712797,0,0.3638684606223187,28,0,0,0,0.47001895751572137
222.31708807301635,0,0.37332919242503027,73,1,1,0,0.6098236958897028
183.52188745654485,19,0.7791810064067561,72,0,0,0,0.4300695381448789
70.47789029844427,16,0.4894666567526538,85,0,0,0,0.4129012904058903
88.11633176510925,10,0.8848947706013929,110,0,0,0,0.46192403114128916
215.0616151539967,11,0.590135756704552,30,0,1,0,0.5237049033754743
24.70104298490906,2,0.2406448135143765,93,0,0,0,0.4771614260116137
15.03808511778619,5,0.5682718543000335,9,0,0,0,0.48087016943891825
155.9738451371174,10,0.00400167593470202,13,0,0,0,0.4945189986585275
147.5021698371182,12,0.3123973747187192,82,0,0,0,0.40856964250158545
166.29204150734097,10,0.20795234049781064,64,0,0,0,0.42682869536071744
147.8151565460903,7,0.6541878556029347,38,0,0,0,0.4188992100474041
188.18441283555472,9,0.13603858349980502,119,0,1,0,0.548330639803144
312.55635193273434,1,0.2900974467614731,22,0,0,0,0.4958858339866421
137.9877947123721,23,0.33130855432339534,31,0,0,0,0.44298125386292936
36.15737600315276,13,0.003293228863884834,99,0,1,0,0.5696327564539311
21.401820450027383,15,0.04676656825283365,42,0,0,0,0.46814051839819576
104.62823425114215,16,0.3111261279775227,62,1,0,0,0.4806996985393003
106.82057220058496,10,0.22235645319191222,106,0,0,0,0.44614042462900877
42.64240535632992,1,0.11690673861515555,64,0,0,0,0.47592462386603146
11.608125397330438,23,0.15416165635395795,74,0,0,0,0.5012222586036973
98.54811491642639,22,0.8355369613800863,9,0,0,0,0.4746990282822117
405.42945781058967,4,0.6833195755127026,95,0,0,0,0.5113483263280886
182.72514511277978,15,0.4841175310016498,44,1,1,0,0.5861212826077753
171.46953685974455,15,0.9088747762369326,63,1,0,0,0.5015890844180402
120.50718893225935,1,0.029552790941618556,40,0,0,0,0.48485799097998356
104.48814767834196,15,0.3449349359438195,88,0,0,0,0.41153732612804517
196.0196242688332,4,0.8233837175040588,41,0,0,0,0.4418040726150487
47.71991100969228,7,0.6282889945853214,113,0,0,0,0.45018198027410256
475.84680660865564,19,0.9816874344919869,72,0,0,0,0.5417179528456193
51.221695215958135,13,0.9445149232882093,50,0,0,0,0.4480921985041997
208.62921338693735,9,0.16994249107498371,20,1,0,0,0.5180582654910361
55.764888006509466,22,0.9719869971956716,81,0,1,0,0.5756308566106362
150.58024080023873,1,0.9455347859740725,92,0,0,0,0.4956024152508128
224.4304845289238,2,0.3736109450736824,70,2,1,1,0.6757794583462087
29.22915351158523,17,0.9828802916889527,42,0,0,0,0.4777265684452463
61.555923643114724,20,0.03584415232456073,33,0,0,0,0.46726492904414757
65.28824175994731,1,0.6607505549132981,92,0,0,0,0.4710481199656309
111.60029166495677,20,0.26614780426440876,117,0,1,0,0.546020524274054
164.6345817750534,8,0.12946309659531963,63,0,0,0,0.43216059323031586
410.87171768051803,1,0.5775349249438466,57,2,0,1,0.6557582976887915
87.47022924155159,6,0.3063503081851944,65,0,0,0,0.4194234366462608
393.6936592306906,6,0.666825343811151,105,0,0,0,0.5075720075322895
178.15112468068583,13,0.5399810521144203,52,0,1,0,0.4996556512551857
49.58921415591437,4,0.39258940090865946,99,1,0,0,0.5078244064355717
120.94273570729018,7,0.18182216131489792,88,0,0,0,0.43597281078559635
36.802596274360624,22,0.6012501974721767,6,0,0,0,0.49144891200004737
104.67617897471493,21,0.8292306294755517,7,1,0,0,0.5480840000585167
98.96372084458005,17,0.6000044685092812,9,0,1,0,0.5407008617558761
152.43511624410456,5,0.6105225557736857,101,0,0,0,0.43065334531081323
209.12163859135018,13,0.5118373641477683,61,0,0,0,0.41045819247150334
128.3599880084709,17,0.38824011732829167,80,0,0,0,0.40931539293196445
55.07986321836516,16,0.4574580416335462,34,0,0,0,0.42043480565623953
339.40831344034797,8,0.9895417571200821,35,1,0,0,0.5588933040578775
428.3558654963596,12,0.7496685021052901,99,0,0,0,0.5085954108171525
118.87803405976477,15,0.43055946397999445,20,0,0,0,0.41910073910209633
172.52688213967164,20,0.4572963999545204,58,0,1,0,0.5234266403994852
113.81282802570583,9,0.49963200774974226,87,0,0,0,0.41918527480302414
153.34763914580066,9,0.6593141943788129,60,0,0,0,0.4136576221928937
159.41373725301108,3,0.46595823421551474,106,0,0,0,0.45478553600273547
43.30557539433494,11,0.6861791184392434,54,0,0,0,0.4254550128669575
106.25630913320308,7,0.32918780664784786,35,0,1,0,0.5016483076560663
273.96296024354825,14,0.41063963202112397,47,0,0,0,0.4328813383347707
257.9656432223196,20,0.8640531247038472,46,0,0,0,0.44981578179521925
104.69826909726196,22,0.32890565470154265,87,0,0,0,0.44468433018092074
161.65099113696485,18,0.9644367331750017,4,0,0,0,0.4894213225105565
111.10141072680399,14,0.17250494698489294,10,0,0,0,0.44687927085756524
214.7748461046234,7,0.24167981570717267,107,1,0,0,0.5214701249917623
28.95408773524611,7,0.46367975075490786,75,0,0,0,0.43369343727322823
196.397509317473,18,0.7974087260553696,40,0,0,0,0.429804881053057
354.59965275734237,8,0.7315754776283336,55,0,0,0,0.456902681563414
76.19440032017509,23,0.17446601761438973,119,0,0,0,0.5106592873535889
323.013116608451,16,0.23668502596783692,73,1,0,0,0.5226696675053282
167.62459149422557,7,0.5752629890508375,40,0,0,0,0.4207604439418256
128.11141325872887,11,0.29516474529870296,76,0,0,0,0.42292810559936944
104.05185202539712,14,0.42232532447960347,81,1,0,0,0.4715875234880155
330.60716899723167,3,0.4865941754870289,96,0,0,0,0.49180460621099215
111.38708780610386,5,0.5942460053504046,23,0,0,0,0.43574329886957747
390.16474931407,15,0.25105132443926537,15,0,0,0,0.49001177987841427
360.8942214783602,4,0.16314014355495954,115,0,1,0,0.603401566276271
92.45668828515649,22,0.39856338779402645,92,0,0,0,0.44968818807434924
117.99046564390139,12,0.08202622485560007,116,0,0,0,0.4794970148573794
20.0542927215657,14,0.5267651710909123,102,0,0,0,0.44734666578960924
131.3480828176141,16,0.8396051592349743,5,0,0,0,0.45994017132955695
144.1074804438713,21,0.1189756594327186,40,0,0,0,0.4475750736940107
293.8633580710185,19,0.11273053212952899,18,0,0,0,0.48652329369189656
373.8704041710475,21,0.08021779886735214,117,0,1,1,0.6347893289578483
229.0352719165925,4,0.847861289761902,21,1,1,1,0.6191677910787167
277.75923521119796,18,0.08070489492816302,79,0,0,0,0.48100537387879533
117.91692032005345,6,0.9834620353844027,3,0,0,0,0.4889880314844231
46.04717562451366,2,0.35833129404611797,46,0,0,0,0.4522516613056036
167.39751172079713,12,0.32876215914247686,90,0,1,0,0.49969663267305126
290.5305252096222,13,0.09163175209704921,79,0,0,0,0.4712213632186788
5.67365994912541,15,0.5856412126384168,109,0,0,0,0.4746154201767174
149.30030697075063,12,0.5858822123527917,53,0,0,0,0.40665121933273846
23.528535680013402,1,0.4938058272901428,20,0,0,0,0.4981592181624877
70.93496585018138,13,0.3110201472158838,59,0,0,0,0.4149996351835924
153.7793168853569,19,0.3685808900654213,21,0,0,0,0.4325696703392581
377.9142609105169,6,0.32050339367373804,90,0,0,0,0.48764208641411944
138.2782272712973,4,0.4261464082805019,105,0,0,0,0.44375952628722626
218.7162281323793,13,0.34178810548122596,87,0,0,0,0.41971265402208824
166.20727495345105,8,0.67551731986525,113,1,0,0,0.5144364963368928
74.75121568908443,9,0.29578647234726974,51,0,0,0,0.4203527076771503
190.50532869883335,6,0.35083823149445414,25,1,0,0,0.5033531043873264
44.83434782415091,13,0.4354598847891481,68,0,1,0,0.5143343636433068
136.7731295236237,13,0.003961834270900244,116,0,0,0,0.5140210622386708
326.43335989221873,1,0.49208257422089197,10,1,0,0,0.5771780134348826
156.98834956276139,16,0.2558198031929346,86,0,0,0,0.42245396817125797
166.26001040151579,19,0.056150454024517904,67,0,0,0,0.4624718070964415
104.5533959043033,3,0.9110212987647949,83,1,1,1,0.612403258818141
31.275318239223996,12,0.322418733886932,95,0,0,0,0.43689742635979373
114.34539797682416,17,0.4260852636727043,9,0,0,0,0.43065709417930503
249.05603968101155,2,0.8273431583382418,29,0,0,0,0.46672177902496365
181.87994918948414,18,0.1667889707537198,37,0,0,0,0.4459354535921297
47.43728097625003,4,0.850308809581341,110,0,0,0,0.4781380015113398
22.130564179869495,0,0.2416379480773777,71,0,0,0,0.4855070941507521
73.99321064017299,8,0.5890378916153172,117,0,0,0,0.4520250693358953
115.26150125925291,23,0.6856783801661783,38,0,1,0,0.5413154818981489
121.81013186013007,7,0.9050139458677754,88,0,0,0,0.4439572521999273
123.06373270885607,2,0.6076379946841319,72,1,0,0,0.49865853714165126
137.24952618728676,1,0.4532318012500003,98,1,0,0,0.5214402742382124
186.2373250439472,0,0.5722693523417774,59,0,1,0,0.5501755791436538
98.90167672351063,11,0.20208246274020392,57,0,0,0,0.42175970557506787
60.51663552339613,21,0.6890743341498506,90,0,0,0,0.4413736632812096
201.7606521026243,12,0.18688071205055523,60,0,1,0,0.513017965867102
253.17962508900172,9,0.5572476120782569,28,0,0,0,0.4407674253742155
86.46711651890426,16,0.647603661360489,28,0,0,0,0.4140545329064374
477.9870694064215,10,0.8985831804077546,46,0,0,0,0.5298839288242598
364.5753697566749,4,0.4501898259776145,118,0,0,0,0.5316027036007359
50.77718561759283,8,0.7753332265892126,71,1,0,0,0.4995822869625344
24.08176901881127,12,0.16753048830427653,67,0,0,0,0.4372485244145381
