amount,transaction_hour,merchant_risk,chargeback_count,foreign_txn,cluster
191.49435118953892,20,0.7144484939393951,1,0,3
119.557178417247,22,0.4024307256477919,0,0,0
110.58268674967628,17,0.18798387207603384,0,0,0
110.58418354654405,20,0.5408595788250777,0,0,0
371.97715297845207,15,0.225336911454328,1,0,3
229.33649847713778,10,0.9742875560126001,0,1,2
90.48624013927193,9,0.3903399140119541,0,0,1
197.58515787449707,8,0.9096649716091162,0,0,1
159.91682112517174,11,0.2255539966036243,0,0,1
17.273195479246834,18,0.18920900530577645,0,0,0
53.6993826150165,0,0.6169011290397374,0,0,1
168.49325098785306,17,0.7793790783033206,0,1,2
349.21414939868225,13,0.5667645638523757,0,1,2
111.34817479673168,21,0.22979568360525937,0,1,2
84.64219512434428,20,0.03789436288399606,1,1,2
145.12060331777326,0,0.6182888211910051,1,1,2
80.42275845744781,16,0.1310372253655483,0,1,2
105.41931049113508,10,0.3431763870323312,0,0,1
131.94419831522117,19,0.6757847536712315,0,0,0
51.210984387510685,14,0.09802344058293189,0,0,0
237.60480753705113,3,0.1272514797839558,0,0,1
42.814515702323206,14,0.06166620730740413,0,0,0
37.82347550677387,21,0.9960791289068266,0,0,0
154.7160334310508,21,0.38707676860158124,0,0,0
225.06830463832404,13,0.9057951677346345,0,0,0
151.82684594856565,21,0.2935856384242821,0,0,0
121.74233416676806,0,0.7532025651404958,0,0,1
104.59051479867794,8,0.2190666163123789,0,0,1
91.19278645493203,6,0.49832470964825026,0,0,1
275.023944041556,22,0.8246157392957796,0,0,0
169.68351515119377,10,0.8163343988950826,0,0,1
97.38550509269233,22,0.7942807173626745,0,0,0
74.92852234492457,1,0.8237344130385529,0,0,1
207.00951653662992,1,0.21147228130587925,0,0,1
270.6753338721774,5,0.48221627256038646,0,0,1
254.49678254423108,22,0.4848714745971586,0,0,0
64.08376385690775,18,0.8905024873479125,0,0,0
103.87982410300994,19,0.2968918293994288,1,0,3
89.71479740160788,13,0.9314958933890483,0,0,0
115.06304926287909,2,0.45079573630609904,1,1,2
236.0870818690605,6,0.6697870031774188,0,0,1
328.18099657657683,6,0.26888311227933437,2,0,3
174.27897122467988,3,0.4102981068313073,0,1,2
77.18756984737738,22,0.7098009320691404,0,1,2
129.66735719111233,4,0.5127471418510093,0,0,1
369.00316280588675,16,0.9307080116883338,1,0,3
142.52708812430822,3,0.7371249658974774,1,0,3
104.77477620604617,22,0.5644029255105999,0,0,0
111.90820894410228,12,0.8866697566522082,0,0,0
173.72106912384098,15,0.6655563887887443,0,0,0
66.05053876042102,15,0.6473204734204323,0,0,0
87.93576944986901,1,0.24637133314762727,1,0,3
251.98179148594005,17,0.3948569655282109,0,0,0
170.25020922584514,0,0.6833036526040215,0,1,2
143.6128672383104,17,0.8917917114831578,2,0,3
260.48108517432274,7,0.3155474736449152,0,1,2
73.17486270252202,10,0.2154856219429847,0,0,1
102.27479337847842,23,0.5936959788158558,0,0,0
166.31442438251153,23,0.06719709810271313,1,0,3
162.15316724778904,14,0.7145417014500052,0,0,0
34.067645943873046,15,0.7031385432874808,0,0,0
94.43691308840918,16,0.3549660309861551,1,0,3
117.35986962892851,16,0.8926776533449017,0,0,0
179.56844336254142,11,0.5021811415391275,0,0,1
161.74109132140796,9,0.6457649506929368,0,0,1
125.7914371201047,19,0.20957848193833784,0,0,0
17.12840655248005,5,0.41734033516,0,0,1
130.61369555611685,7,0.8624175402697681,0,0,1
139.65112222281786,12,0.2129395476323428,0,0,0
583.8398231026297,1,0.3905743775924688,0,0,1
114.43678181045065,18,0.31807654442812994,0,0,0
166.9647617971198,21,0.15111018486478012,2,0,3
289.6170207104772,9,0.28971791812753556,1,0,3
227.04581571778886,3,0.23277228357521673,0,0,1
337.02436644891833,11,0.9235936304613274,0,1,2
34.63297755261492,17,0.741078804542796,0,0,0
54.96495153282605,6,0.3161015817828243,0,0,1
82.98136355537815,19,0.7633390532427098,0,0,0
28.745375588180377,23,0.022139953033871396,0,0,0
140.5405834886518,23,0.5265247107711399,0,1,2
59.134216845641355,22,0.2503345637346731,0,0,0
366.0166997345672,3,0.11432207180851417,0,0,1
67.69607043562314,6,0.8837585283384886,0,1,2
102.76025742957117,9,0.1993405342625726,0,0,1
236.23697277634022,14,0.8223910929462823,0,0,0
42.33104455739948,11,0.4132226774917712,0,0,1
26.68665319279929,0,0.01429077004070034,0,0,1
153.325739502209,19,0.7325328293010253,0,0,0
162.01523885998026,17,0.5963597582193679,0,1,2
231.47637118590643,15,0.3441718831678193,0,0,0
194.83017760221983,4,0.28154593392626337,1,0,3
166.41789364562314,18,0.07369125237043472,0,0,0
74.71051335633811,3,0.9414255948352722,0,0,1
158.78759293095553,5,0.4939848846920857,0,0,1
165.9499408128562,16,0.08552451757610802,1,0,3
72.32674342468141,6,0.8686797177444705,0,0,1
433.76604158227417,23,0.2788331728178167,0,0,0
188.50188566144877,22,0.20360271573465483,0,0,0
55.87693963763172,6,0.28093743834221874,0,0,1
232.26223241618095,8,0.5645714586071113,0,0,1
259.63161123231197,12,0.0740564844970365,0,0,1
180.67026790091325,19,0.48175690912267644,0,1,2
109.56158705111442,13,0.8957434451243126,0,0,0
69.6548276836968,15,0.18817159584612386,0,0,0
125.52777570816785,22,0.33118877215224385,0,0,0
171.76207565778415,8,0.39612196505165276,0,0,1
134.68067597533192,14,0.5862207115272452,1,0,3
346.8421773590092,4,0.9192542465263115,0,0,1
208.95302686776446,17,0.3945392082424255,0,0,0
62.95360435023455,20,0.06915284067776362,0,0,0
50.495012386337905,19,0.3479508614309924,0,1,2
189.62808920138332,7,0.1900854125998448,0,0,1
111.56020207754806,14,0.6517744788191033,0,1,2
221.50497169514878,20,0.029262109167332184,1,1,2
188.42445028691938,8,0.2919299710730734,0,0,1
125.95215035410084,18,0.5451735072326199,0,1,2
63.60485448480454,21,0.2773342060495543,0,0,0
30.09597797492176,5,0.5509952833452542,0,1,2
156.68965933582317,3,0.11471232218718319,0,0,1
41.620122689522574,10,0.9428054879896225,0,0,1
61.29633035245577,9,0.2909068073298867,0,0,1
149.84850239893183,2,0.9230008393898834,0,0,1
139.43591004154337,0,0.3258354395041454,0,0,1
46.69775651787856,11,0.7818401911729878,0,1,2
279.3861250818843,22,0.24618735746125298,2,1,3
274.4686744358727,14,0.6697689023896012,1,0,3
193.91313667006915,14,0.32371621382276716,0,0,0
193.74755632783845,20,0.5091591292096588,0,0,0
193.91478313045852,13,0.6738141457636807,0,0,0
258.1247957485651,6,0.5888825052029606,0,0,1
212.5580288662599,16,0.5762805932836943,0,0,0
68.3838248598029,23,0.06568083565761729,0,0,0
110.33987845634562,18,0.24907683217159182,0,0,0
543.722575857959,6,0.5718392898565416,0,0,1
18.51874552570162,2,0.01831720721572505,3,0,3
90.29037675755659,2,0.25064425511597965,0,0,1
280.3850044822637,17,0.22918523943119673,0,0,0
72.26134609886694,19,0.24985611016083442,0,0,0
216.55834306793787,21,0.5356094995666537,1,0,3
138.09557107174842,13,0.5819603540191924,0,0,0
76.72359336237137,2,0.9089979943728113,0,0,1
14.48089736969269,6,0.3860310490262192,0,0,1
153.53220159483743,6,0.9265789171431259,0,0,1
67.08874571862754,4,0.6519543449841703,0,0,1
121.8309900219846,2,0.9126603959005557,0,0,1
192.58407759406208,17,0.8334721016800484,0,0,0
244.22498386776624,14,0.6875824434076875,1,1,2
90.0505884619219,19,0.35610589951895943,0,0,0
76.60012922593342,13,0.2411104476852185,1,0,3
40.90448623426374,3,0.22239143551203222,0,1,2
252.37032579171336,23,0.9521738374562813,0,0,0
494.53807804068873,7,0.9585738431293581,0,0,1
270.9181106559734,20,0.7248313735243089,0,0,0
311.64808421141606,12,0.8837959840764773,0,0,0
72.78672764178526,21,0.9189961630790605,0,0,0
184.62413320445387,7,0.5115561965193122,0,0,1
230.4055599168622,14,0.6290596906251722,0,0,0
53.051087794505705,16,0.4187544979202146,0,0,0
382.9721717012769,4,0.4184907642852631,0,0,1
33.45707468807867,19,0.03842891864461462,0,0,0
344.4525612716627,3,0.4338214604848055,0,0,1
33.22257021575367,10,0.6734898115131833,0,0,1
55.483012795582,17,0.42198216610657113,1,0,3
186.98003945090701,9,0.8724096768769565,0,0,1
140.67317106175568,16,0.33256295240701816,0,0,0
97.36613065416088,14,0.13268204656084948,0,0,0
373.37150443118725,5,0.8115586907290594,0,0,1
41.99781504816463,22,0.673947918328592,0,0,0
118.26337604477277,20,0.2418194823205818,0,0,0
203.79160723991237,15,0.536451256042233,1,0,3
164.51047281640254,14,0.40185233859379244,0,0,0
78.80716569615674,7,0.9388597764356578,0,0,1
81.25684671723494,8,0.607332090920629,0,0,1
241.73599378070182,10,0.1583892611869916,0,0,1
249.49530550926164,1,0.5021484526369852,0,0,1
167.65590662630854,12,0.8625568325238507,0,1,2
64.73375497324184,3,0.6714966700324616,0,0,1
83.4427113529351,8,0.8424520760986562,0,0,1
131.18625507708222,4,0.2503993138656403,0,0,1
145.82164591345781,18,0.8883513770475419,0,0,0
198.1948894782471,21,0.7556113318241721,0,0,0
113.52217781145436,2,0.7289137554380787,0,0,1
238.0409786001777,20,0.3465410697635244,0,0,0
236.23582629396105,2,0.8876580637605281,0,0,1
318.71629464628194,5,0.6379793773932165,0,0,1
135.5143863389566,9,0.8518394768628025,0,0,1
169.69350736213113,4,0.3609714559862718,0,0,1
120.33881652912785,2,0.1456520910643565,0,0,1
65.42357460135992,21,0.3323371802203223,0,0,0
487.20769758681035,23,0.4552643473751825,0,1,2
292.2733382407232,6,0.5334073751454924,0,1,2
232.94743427615066,21,0.5108092157115375,0,0,0
132.0724874153752,17,0.5460545924365644,0,0,0
60.47584833687684,22,0.8417057652229475,0,0,0
261.52751276425624,7,0.1701012461881699,1,1,2
118.71470325622704,0,0.31605129516887087,0,1,2
180.68930541778516,3,0.8886084904354514,0,0,1
83.17523616451786,23,0.5604582045583303,2,0,3
160.26734013159893,6,0.5833898703695721,0,0,1
87.53056500961961,13,0.47806254461395226,0,0,0
90.36156158133622,12,0.5489746349861391,0,1,2
158.76395026001413,9,0.1980797305601012,0,0,1
32.72523800751269,22,0.5468668994181283,0,0,0
34.39752628864965,17,0.9971731279111168,0,0,0
72.04595503223372,0,0.5660475729241843,0,0,1
112.48121236408471,3,0.04440246560603034,0,0,1
242.97543303090296,15,0.7964356443506597,0,0,0
117.48770530680027,15,0.3964754287233876,0,0,0
131.43042993916066,17,0.15367614850156186,0,0,0
105.68756347051351,7,0.8625198062266913,0,1,2
169.51796237909213,9,0.19797325553496758,0,1,2
64.84636469813796,15,0.9207673898585332,0,0,0
122.41311472008663,22,0.4417964904426055,0,0,0
179.27398340580623,23,0.7427908347497,0,0,0
157.8424646586083,10,0.5469958503385205,2,0,3
134.63810397140662,5,0.25662680391522785,0,0,1
135.8807870037053,0,0.6710901744959188,0,0,1
191.6632261449418,11,0.9579125508901479,0,0,1
502.2559357503158,5,0.7696369667914125,0,0,1
68.7469466681735,12,0.6040179965751782,0,0,0
511.4681861428045,16,0.9906281082658567,0,0,0
66.06316890634288,0,0.26532666734268473,3,1,3
12.281079622318485,7,0.06234148790944738,1,0,3
86.07120075625268,21,0.03213086611593108,0,1,2
171.83594086682805,7,0.7106878795587983,0,0,1
436.12774527841634,23,0.8302323647341706,0,0,0
60.40513346817189,10,0.6351005374845267,1,0,3
190.86464764822279,13,0.9050265974431984,0,0,0
38.17919557199514,23,0.6979760473399205,0,0,0
426.03117506401674,9,0.37095464640902054,1,0,3
296.00638488084417,14,0.1812582916298816,0,0,0
90.51006878854486,6,0.9246474785591563,0,0,1
327.73542328626536,6,0.10359714999747949,0,0,1
121.85011018489654,9,0.5429884037464054,0,0,1
306.3856490135739,3,0.3140079252735116,0,0,1
133.875633879388,17,0.2714150075196725,0,1,2
138.24456421422354,9,0.6458348519168964,1,0,3
92.04311034419422,18,0.23123693739103623,0,0,0
208.56068331812503,13,0.9163651067423957,0,0,0
146.14730244530477,12,0.40604390909912413,0,0,0
193.83407558569857,14,0.6773753467296789,0,0,0
29.3642990794378,15,0.7277557173285846,0,0,0
313.61045924756127,1,0.6829416946253303,0,0,1
366.26329274492997,3,0.9034002408930234,1,0,3
145.64052710649347,20,0.2311308636059981,0,0,0
479.49653135239134,17,0.08605454468610119,1,0,3
409.2033325128916,16,0.05546569726504935,0,0,0
211.71134732263968,9,0.8778441504750248,0,0,1
330.5195705629007,20,0.9732870499391821,0,0,0
275.24193986051984,8,0.3025265412047127,0,1,2
21.690376072295443,14,0.6935139235749692,0,0,0
107.39970551567572,11,0.0089127841717489,0,0,1
222.01846188477896,20,0.18863151011598778,0,1,2
382.18058387028356,8,0.6892743824616144,0,1,2
35.5555134651482,13,0.06588713931523282,0,0,0
23.43912575852624,12,0.4685100499198245,0,1,2
127.67827954055177,5,0.6625832643739489,1,0,3
13.50902763167232,18,0.7659581713055174,0,1,2
124.33922753840147,3,0.45381591372437047,0,0,1
174.89236135767487,19,0.630284039496343,0,0,0
57.914063641839306,16,0.5395756295620613,0,0,0
126.96406335753336,18,0.0523057720833211,0,1,2
258.30781409731094,2,0.7428046872598465,0,0,1
85.72432616008683,13,0.17236191588537497,0,0,0
67.06574381605805,16,0.03180553123384133,0,0,0
122.58195124325711,12,0.4511679162883723,1,0,3
52.446936299156725,8,0.8656375872815103,0,0,1
456.59279996257294,0,0.15082943766102863,1,0,3
137.00859844516924,16,0.012857534116974989,0,0,0
73.33612058267215,15,0.10997923576541713,0,0,0
156.67656732493282,17,0.3636591143316067,0,0,0
122.06535846440102,1,0.5801718699913038,0,0,1
111.78899681556459,13,0.19301213398589256,0,1,2
85.7055915758092,21,0.8019640050225706,1,0,3
82.26667279321919,22,0.7532971205490819,1,0,3
30.082815099372407,16,0.6958636165986992,0,0,0
330.18725462182493,2,0.487469808315544,0,0,1
202.18423282812523,1,0.36521695513398533,0,0,1
168.1316925343184,7,0.37558662096481077,0,0,1
120.5536016800838,1,0.5030705349557333,0,0,1
56.991350052869755,1,0.07731468688265453,0,0,1
69.47981855854009,8,0.6823054628670612,0,0,1
33.78220991426792,19,0.35150754400930206,0,0,0
77.08337115157067,20,0.2247587779386886,0,1,2
49.921148297527935,5,0.2783270704986389,1,0,3
394.50772299404065,11,0.18029428528621783,0,0,1
246.68920020686173,8,0.9015680855277886,0,1,2
141.4845834854778,6,0.16903751636255104,0,0,1
62.695533881261284,11,0.8829261188948626,0,0,1
52.33591068086816,4,0.5722433959684513,0,0,1
114.62551442259681,15,0.8674509553888602,0,0,0
253.68674621202962,4,0.47406421690551215,0,0,1
34.77121559971865,11,0.9276337194810736,1,0,3
200.33763087808367,23,0.21149074360835018,0,0,0
76.7920478653481,19,0.5546917528472746,0,0,0
89.08571176529685,8,0.12583869051366914,0,0,1
138.40767032744793,22,0.44722028520236434,0,0,0
64.60910267355071,6,0.5699036966468424,0,0,1
110.14613757167038,18,0.605675222173172,0,0,0
59.84947513938377,19,0.36552879690727913,0,1,2
82.19535254826994,22,0.07633564216645283,0,0,0
227.55550419131094,10,0.6553260713826526,0,0,1
143.85769667657556,20,0.4884318604532778,0,0,0
226.96542607226513,11,0.1368788666372569,0,0,1
75.93865264257819,2,0.9358759694060996,0,1,2
201.37309683893653,16,0.9556686621834433,0,1,2
25.984043798950268,6,0.8566062798313689,0,0,1
138.3614380956141,21,0.8438683005175974,0,0,0
210.75924046779812,9,0.09867127586805613,0,0,1
24.822244439389017,22,0.9934201095825678,0,0,0
76.70674931216722,14,0.4003806798637316,0,0,0
138.28880169774513,1,0.16312111586711353,0,0,1
266.60484928767767,12,0.8121017282172212,0,0,0
82.18633548911649,3,0.22573076846305784,0,1,2
195.87771518504405,17,0.5261753206695915,0,0,0
344.50999171791074,23,0.12801606520343634,0,0,0
202.25446713273294,22,0.4746457232758885,0,0,0
113.4430817542008,0,0.5581414934029423,0,0,1
175.45576510042883,1,0.4459239599513427,0,0,1
80.176275223721,1,0.069486824752653,0,0,1
142.4777192836256,3,0.48493903058276333,0,0,1
117.89267578677428,2,0.4689428434408158,0,0,1
171.3284464832143,16,0.26162027729067383,1,0,3
95.15830372262862,13,0.9216015996574365,0,0,0
178.36216762461788,1,0.4177923326982561,0,1,2
94.40908334540298,15,0.8641157961963851,0,0,0
245.05612581827907,10,0.1096638296334419,1,0,3
102.41667030256545,12,0.31887728420618144,0,0,0
14.177831259241083,0,0.17633085376804003,0,0,1
53.967077726044714,22,0.4084107878481925,0,0,0
135.2446360084217,1,0.1116366871708786,0,1,2
392.2335943008263,1,0.4410348058456205,0,0,1
238.64782814172025,20,0.3538707434482363,0,0,0
10.533574555082446,4,0.2233150472740052,0,0,1
31.50579056856992,3,0.642179411950315,0,0,1
289.77836053059707,11,0.950911488147832,1,0,3
209.94595953264502,2,0.20711347354958687,0,0,1
532.2146240473138,19,0.7117908398984504,2,0,3
91.29527578278788,9,0.742380889256743,0,0,1
63.41269134600939,19,0.4981205164258624,0,0,0
140.86208315152507,17,0.897668346100567,0,1,2
89.83513955399874,20,0.9663900660648401,1,0,3
271.75977463644296,20,0.3622464520538494,0,0,0
87.29103537049835,20,0.6510332980031875,1,0,3
107.35785762130772,9,0.6622126179001122,2,1,3
55.641176278753754,0,0.40363552625250454,0,0,1
227.7911941955429,5,0.3167910744946142,0,1,2
58.96972869860277,10,0.9337441982278135,2,0,3
180.75298740705676,1,0.7899815493126753,0,0,1
436.26999116551934,6,0.11446456597454413,0,0,1
21.081211650291337,19,0.11988407158488701,0,1,2
355.21293450784947,20,0.9225427688528266,0,0,0
164.38893203315894,20,0.08140976502692443,0,0,0
47.60058036170981,20,0.6884213462431659,0,0,0
144.95370966909437,17,0.2267582469444117,0,0,0
223.2139033575908,20,0.035185342741618664,1,1,2
67.2225312474124,18,0.0596375460800902,0,0,0
188.19443145805135,3,0.37352210367956207,0,0,1
374.8445876036084,12,0.07758845168936468,1,0,3
87.19768132779893,17,0.596639199933454,0,0,0
55.01825693718156,19,0.6472545113740756,0,0,0
120.75947758855806,23,0.37346857198304895,0,0,0
139.17178176218516,12,0.7428780757183507,0,0,0
281.27439264854354,18,0.4900425201695773,0,0,0
117.67106701352137,16,0.4302285034020821,0,0,0
93.92610995908902,0,0.40698808879012505,0,1,2
53.74032695196967,5,0.43110648734553736,0,0,1
25.04729792827431,18,0.9678876499344186,0,0,0
39.55363382431507,19,0.6814070600384377,0,1,2
39.31899053577223,0,0.3152098471611,0,0,1
108.2797095805874,7,0.7338598702055653,0,0,1
30.54633714453812,16,0.330267388322916,1,0,3
127.8040278175199,20,0.1257149077846762,0,0,0
429.96352949844754,21,0.4753603574556491,0,0,0
286.8099230438004,14,0.7510238591384141,1,0,3
107.44603990279019,17,0.3776599108873212,0,0,0
614.8116779238314,6,0.8691741420473429,0,0,1
139.54337879780752,15,0.38695270408775984,0,0,0
154.85561308597661,6,0.34983902550673174,0,0,1
118.9726808061264,16,0.9982439138632666,0,0,0
129.97911686727147,3,0.4824720229900654,1,0,3
84.71529486624675,11,0.8052212097135061,1,1,2
108.69504398941805,12,0.8049880560599225,1,0,3
356.792916148131,3,0.9263693370991793,0,0,1
307.87518156808704,20,0.08489505445030365,0,0,0
13.375955522528555,0,0.2712202764268423,1,0,3
34.39552065562202,0,0.767748091546434,0,0,1
68.05404806342356,6,0.5626014923985649,0,0,1
255.1963934203931,8,0.5596149423545339,1,0,3
312.49357909747795,0,0.1662153018702408,0,1,2
222.61820941283187,15,0.2811530141139298,2,0,3
47.41564685998648,17,0.5213340857167345,1,1,2
86.16648803176398,21,0.2771813646746212,0,1,2
190.53103671717957,14,0.21028279269871508,1,0,3
110.02094415492552,5,0.08775605576999612,0,1,2
98.24756648509484,1,0.15572601192334556,0,0,1
99.41953860608359,8,0.768867762491973,0,0,1
292.48582503175453,3,0.7187791805847155,0,0,1
204.44791500378616,12,0.0458336843487116,1,0,3
103.85061414436409,22,0.20328408534411102,0,1,2
169.93216038667939,21,0.5604553467327162,0,0,0
41.36520648169851,10,0.32262784423677315,0,0,1
86.30530887608089,12,0.8232496026795305,0,0,0
273.6684357917954,10,0.7849893076621469,0,0,1
28.524414616001778,18,0.8915805579581095,0,0,0
206.22584211410475,7,0.5629312315051159,1,1,2
13.186448502011936,6,0.3520764798090985,0,1,2
396.49377213627827,15,0.6060646961849178,1,0,3
84.601284629661,2,0.0891366797454578,0,0,1
178.95012780928812,16,0.009586017741467612,0,0,0
145.48208034885891,17,0.017093520120355365,1,0,3
149.46664183738073,14,0.40754293793421614,0,0,0
167.7163438979588,16,0.22807759410306327,0,0,0
23.21987828003642,10,0.1573377058000477,1,0,3
151.77022210025234,4,0.6153260156181705,0,0,1
115.21998575190602,15,0.9950950426131812,0,0,0
84.99536005812928,14,0.17775320361553637,0,0,0
68.02186138430442,9,0.5464214242139388,0,0,1
154.60019415870772,13,0.11972751399989379,1,1,2
55.66372660380205,1,0.934236441072139,0,0,1
270.37012893194776,15,0.29175516857058503,1,0,3
188.34120509240788,18,0.8783398200433784,0,0,0
161.56252208092866,7,0.28307643925037684,1,0,3
262.7547046309521,14,0.8060524801867195,0,0,0
19.25940737963187,9,0.2093813334457727,0,0,1
40.032579289361436,4,0.2927894301534444,0,0,1
194.26118749753465,19,0.19247536540363397,0,0,0
71.54696924410358,15,0.26425987784965566,0,0,0
79.62331080337121,20,0.8348657553333153,1,1,2
34.43113272778436,21,0.6390324975466974,1,0,3
55.80804967933241,11,0.40587966883722404,0,0,1
274.4418920653953,22,0.9715210270821563,0,0,0
191.04819370469542,12,0.46486152712957374,0,0,0
153.34866970976995,8,0.9697599712588514,0,0,1
82.28017794505413,16,0.19658692291086022,0,0,0
146.33559189596488,19,0.9046384271149494,0,0,0
290.7358328317325,11,0.013822204097494684,0,0,1
73.09712164219091,4,0.5453032023657575,2,1,3
129.75228445360818,23,0.4230523942920148,0,0,0
412.58458311051595,11,0.5250878454719793,0,0,1
220.60097753203877,0,0.553444831947699,0,0,1
83.27011148128028,19,0.38903135406771094,0,0,0
208.4159848612583,15,0.9981978468860951,0,0,0
28.025095530286492,11,0.9765071903006258,0,0,0
125.7926776403325,8,0.9617453767045951,0,0,1
208.25774233094558,12,0.9790850473765879,0,0,0
176.58080963861295,16,0.7930123987693986,0,0,0
206.85853651548365,16,0.9885904790263319,2,0,3
239.33614170997492,3,0.8923602252751419,0,0,1
186.6020207330206,13,0.4159326370324211,0,1,2
182.80801826048003,18,0.7847771083834078,0,0,0
155.9540306266896,6,0.9120678451256258,0,0,1
49.947520458505764,2,0.7126060735870925,0,0,1
274.3601891572057,0,0.42278234056560393,0,0,1
129.2896755079464,11,0.06579024201642525,0,0,1
216.83001640938485,14,0.8096969370605877,0,0,0
255.61142714984555,10,0.9527428731264703,0,1,2
86.822452357926,9,0.36246326022992637,0,0,1
93.30481437795312,1,0.1519060509889396,0,0,1
103.88334407470717,3,0.3265038394705557,0,0,1
309.62339148362116,16,0.5826223581782463,0,1,2
60.637381399292266,16,0.31692900328223617,0,0,0
345.563011503334,7,0.6106187301963539,0,0,1
154.6810857038933,22,0.9668522322446306,0,0,0
162.8596320569524,13,0.6707344933076825,1,0,3
247.93511469770414,23,0.3626593662856217,1,0,3
142.01341663914002,3,0.9357529714715349,1,0,3
276.4250846047926,5,0.5656352687011439,0,0,1
86.72598680323772,18,0.12837239853256666,0,1,2
338.28179737569036,23,0.49898100519376154,0,0,0
92.41169783344155,3,0.6536364449100499,0,0,1
346.8129540548954,2,0.8382543658167385,0,0,1
94.47454463898545,19,0.9364767867076473,2,0,3
106.2967942642011,5,0.3174161337163852,0,0,1
54.19035577169866,22,0.1555123640790368,0,0,0
68.71706699318794,6,0.07382864219388241,0,1,2
129.78307890346557,13,0.7383546027082828,1,0,3
159.01525592921064,11,0.795158252715432,0,0,1
263.0196354227243,15,0.40937312692816685,1,0,3
112.43127061558408,19,0.395925407173629,1,0,3
176.85644901155794,7,0.9542370316546319,1,0,3
151.2738636502844,22,0.9166813250803274,0,0,0
190.9344567869587,1,0.23326590191704322,0,0,1
77.71819622280871,12,0.7808076477498073,0,0,0
85.66745779352395,7,0.62270039623294,1,0,3
77.74362837114367,20,0.1542227391196399,1,0,3
297.6927369302855,19,0.3567710470865604,0,0,0
340.4297821185196,15,0.17747294130748248,0,1,2
82.64690340955609,3,0.2951560388218386,0,0,1
84.04549393773335,15,0.6153011757733516,0,1,2
209.96692120449381,19,0.37526547104343966,0,0,0
365.5250469397427,5,0.3940595198358572,0,1,2
418.1087700811704,3,0.5396472926171898,0,0,1
79.53026719254257,15,0.08722413884172275,0,0,0
97.16627150752205,22,0.7387972898494148,0,1,2
165.09017287795376,22,0.40170953341334004,1,0,3
170.94471738570346,20,0.4803970882023202,0,0,0
115.88052867102158,12,0.9742997288546317,0,1,2
66.71203708329973,4,0.344366888318254,0,0,1
129.9411747540587,14,0.6482189359739254,0,0,0
417.8168090541752,7,0.3925043172958107,0,0,1
86.70095768137374,6,0.8942827186836781,0,0,1
157.80727061622787,13,0.8467562669950395,0,1,2
601.6232662175202,6,0.24162427176238432,0,0,1
85.67731551251613,21,0.6917457126109006,0,0,0
216.88583574751908,6,0.06517199589720701,0,0,1
429.4567911045362,22,0.9631853895298901,0,1,2
204.11212219922365,17,0.34899010801415753,1,0,3
283.74690997365286,9,0.831842772584767,0,0,1
237.2918079264234,17,0.31843136607730993,0,0,0
192.88601346170276,13,0.632770741196872,0,1,2
333.0851712686925,9,0.9835907919843317,1,0,3
212.18033621723276,6,0.8767498631316303,0,1,2
116.80749891660354,6,0.1603659099049074,0,1,2
149.06710312587262,6,0.5474884331494713,0,0,1
175.14929021550657,4,0.34853178211469016,0,0,1
96.69555032854439,0,0.4343388516482918,0,0,1
154.05981317887384,13,0.3351831292187686,0,0,0
138.18701196789468,17,0.33595924819551315,0,0,0
211.72656151604792,12,0.5425532437766114,0,0,0
504.77859226482644,7,0.1919640091231526,0,0,1
160.78362507067465,7,0.5373954252333647,0,1,2
371.6171351744271,9,0.2789654371983009,0,0,1
206.48653974677882,16,0.2889829042417996,0,0,0
153.54976731270744,5,0.7387480290356228,0,0,1
92.33640592281071,14,0.02959360355993579,0,0,0
154.40020036008164,14,0.3809457626738071,0,0,0
147.5432696544775,15,0.40753438015364507,0,0,0
73.30871656943299,7,0.48511013971817274,0,1,2
83.53789700334059,18,0.6690110247295387,0,0,0
176.20916126016078,19,0.36968678273708655,0,0,0
369.18242106072256,14,0.21313710430645505,0,1,2
126.65730578117719,2,0.8848728405463087,1,0,3
32.728090004363686,5,0.9810386266812119,0,0,1
53.227545565958025,7,0.020014693172932807,0,0,1
220.68832606563493,15,0.5464668510006979,0,0,0
39.99890218107047,14,0.3417023791091982,0,0,0
245.26269338859424,12,0.27698957538720925,1,0,3
212.39034174767573,19,0.3357063908699355,0,1,2
123.35054472849026,14,0.6388777564262006,0,0,0
73.87945565370228,17,0.1907160102297949,0,0,0
109.93822247295,12,0.9128607116579502,1,0,3
173.09875135294376,23,0.4661145249394758,0,0,0
41.345053968807235,7,0.3255768331493284,0,0,1
344.9372248388453,13,0.765531331547599,0,0,0
171.95453255923667,10,0.01634666523619266,0,0,1
186.2885953321725,5,0.43185286573803683,0,0,1
211.33861428383443,23,0.35530360100122993,0,0,0
323.107413313966,0,0.33820990998973444,0,0,1
154.6772536019774,1,0.3370713620905832,0,0,1
220.78188429255036,12,0.031271377747267404,0,0,0
74.9657832866668,0,0.15211640300883977,0,0,1
419.2299875344833,23,0.1418851593124144,0,0,0
147.0063451418877,23,0.9886105048195221,0,0,0
74.63845019143703,3,0.02216575589061176,0,0,1
92.35663256524283,23,0.16707365635199822,0,0,0
17.908564198965916,22,0.9741745086586968,0,0,0
91.8624578054286,1,0.6282565938100043,1,0,3
6.983940510410473,20,0.4506671206067313,0,0,0
232.0702314404948,19,0.07876093304636989,0,0,0
182.27819956296358,15,0.6696611616328767,1,0,3
56.32379476933578,2,0.13780298768126786,0,0,1
128.46617968477568,16,0.6711861221591816,0,1,2
132.96161067632147,4,0.9791764972000584,1,1,2
45.91222465157404,7,0.5319726586169528,0,0,1
111.78949506247801,11,0.2140846545026608,0,0,1
136.1294114042275,22,0.6252837508795982,1,0,3
109.39954730492902,11,0.5129296877912829,0,0,1
74.5730476864336,0,0.533140263610646,0,1,2
54.3333271290874,0,0.4781069461199968,0,0,1
106.35757156577499,14,0.6737405742435558,0,0,0
82.61441970129678,16,0.571945362407002,0,0,0
201.64296382414597,1,0.9869950774543729,1,0,3
336.36575501630284,16,0.8258634210423188,1,0,3
253.44199591944715,19,0.26469837771100657,0,0,0
139.58723892002897,8,0.7257565219049736,0,0,1
77.05729235130997,11,0.21430034938473452,0,1,2
248.80484609419813,3,0.7823464080813912,0,0,1
210.28021363719287,12,0.14755763997734217,0,1,2
320.92138850726775,3,0.4735538335472381,1,0,3
154.80025646705857,6,0.7906061983060746,0,0,1
404.99148444577344,13,0.2801127023065654,0,0,0
154.83576064659545,8,0.8371191251316631,0,0,1
76.73662274586783,22,0.644150709033972,0,0,0
89.34166503609491,0,0.39752232910721585,0,1,2
194.94908645324617,0,0.42341670930627184,0,1,2
82.42532932677192,19,0.9259915339198553,0,0,0
403.1701974854886,3,0.21779100001237928,1,0,3
183.6640502309104,0,0.6933626151747102,1,0,3
137.29695536861388,21,0.7072942057415355,0,0,0
146.11828500966402,9,0.9224496931836367,0,0,1
108.47894047244918,1,0.7131642687573406,0,0,1
24.5851365628363,20,0.584467418058375,0,0,0
89.39698589808032,23,0.9025225390162929,0,0,0
370.9085326158742,14,0.829132029648398,0,0,0
157.88399933499284,2,0.7167764548342263,0,0,1
273.34981095412763,22,0.032578382392174476,0,0,0
278.647658438007,8,0.3735204182403614,0,1,2
129.3956087041045,16,0.6318896722018543,0,0,0
212.68936122791348,20,0.522250524356765,0,0,0
27.800520749371596,12,0.31931832649784386,1,0,3
351.3558548010096,2,0.1444239155097765,0,0,1
332.6921686380314,3,0.5529965826889216,0,0,1
191.14170743551526,3,0.285917575862213,0,0,1
162.10827887525073,10,0.23300048980899635,0,0,1
130.71149554590878,6,0.39895822705493356,0,0,1
294.82840086774667,10,0.7854914332142686,0,0,1
229.96927686321288,23,0.4878535023663122,0,0,0
99.2943456418885,10,0.21649221049866996,0,0,1
47.903673398323136,9,0.11690314228004839,0,0,1
39.33717239429821,4,0.49898726377479996,0,0,1
292.7469237665703,12,0.7943663984222346,1,0,3
128.54586745839975,11,0.6528180236539404,1,0,3
188.91953116641417,9,0.23214888014324964,0,0,1
141.42588073923514,6,0.4367065856894923,0,0,1
39.87463073617843,18,0.8552303633440688,0,0,0
28.526161130455773,18,0.1776559078528389,0,0,0
93.82523785398114,18,0.532080570682897,0,1,2
100.46898070250192,11,0.35623150876084153,0,0,1
100.4172002075064,19,0.12417975482951937,0,0,0
102.7972863343196,21,0.049903920910898236,0,0,0
483.38582699175043,14,0.5558713846457952,0,0,0
270.5567809883045,4,0.020748873740378926,0,0,1
159.54716165014506,23,0.10344611669293491,0,0,0
126.07425764703095,13,0.3475642811617412,2,0,3
129.5258654462879,11,0.04352018535576274,0,0,1
224.2162700711654,20,0.40044522645188485,0,0,0
125.16949160186137,10,0.130365024176891,0,0,1
252.1279379873064,4,0.34987309070015393,2,0,3
172.41542657415687,15,0.7911596870900682,0,1,2
486.22520670997596,17,0.626364344476658,1,0,3
119.42994303757189,11,0.44540107778750915,0,0,1
283.65793427850645,4,0.09183330785516042,2,0,3
52.1887837443196,15,0.6191496593147331,0,1,2
78.72940152421468,11,0.16370965250905034,0,0,1
444.80084609173616,22,0.07658634386161489,0,1,2
244.89236904542437,1,0.6639960174596078,0,0,1
191.3586716162391,5,0.9120598978210075,0,0,1
567.45766596026,22,0.46059343677052234,1,0,3
127.47058188797396,20,0.04099591060811403,0,0,0
283.204278913207,3,0.880297717418541,0,0,1
297.34244873047044,12,0.06697376612357409,0,0,1
383.18512182170775,9,0.8675132427015871,0,0,1
46.52477426522072,16,0.39181937322293103,0,0,0
126.81824722408075,13,0.3653945386230897,0,0,0
170.25158290295303,23,0.5427973794564518,0,0,0
379.08291651069766,14,0.9570848174442188,1,0,3
185.87341860550865,7,0.8987405450859782,0,0,1
297.77283495553996,22,0.4703300883047672,0,0,0
42.48776090050481,23,0.6958232310238185,0,0,0
104.90181109444183,17,0.5804292523434124,1,0,3
331.8598074222586,2,0.6934615790631674,1,0,3
116.24542349393492,16,0.829327460062097,0,0,0
134.9488113062673,23,0.03449382886859387,0,0,0
375.1158898315383,23,0.3257598539278975,1,0,3
63.59428524589306,6,0.9593291082338672,0,0,1
77.63018052859738,12,0.9493363085249241,0,1,2
38.05116873800034,15,0.011220889977462511,0,0,0
384.9798912472878,4,0.20144012992236626,0,0,1
267.18296925945356,3,0.9937700423443627,2,0,3
262.6044892447568,9,0.4928250758994859,0,0,1
102.5199730836627,12,0.5728660039668526,0,0,0
35.15180141695697,9,0.16642018552245252,0,1,2
25.369065398714355,13,0.8943356087585296,0,1,2
333.48727331816895,21,0.23126429964911288,0,0,0
200.4649996229711,11,0.18964763001953655,0,0,1
228.07764991657461,0,0.22812240332032818,0,0,1
164.5341831174299,20,0.9196217026410087,0,0,0
69.6395261986618,19,0.7028467071768492,0,0,0
106.39534865643049,19,0.7685963944902751,0,0,0
55.07630585941338,6,0.37703635818425274,0,0,1
48.747921434698476,8,0.9091770149305614,0,0,1
252.4421836639314,7,0.7894079523393898,0,0,1
28.01502403393197,12,0.7505973625073212,0,0,0
55.4266901140183,13,0.9709402836729517,0,0,0
111.45290777660657,11,0.36619683079334864,0,0,1
144.51526087874012,7,0.6109736467958812,0,0,1
37.56369641084422,20,0.9099296989772162,0,0,0
184.1953212591983,21,0.7908889431859525,0,0,0
157.82185267322996,17,0.563378958225615,0,0,0
329.67070962666065,15,0.07621368478019885,0,0,0
146.36720803176757,10,0.6527234395556732,1,0,3
197.68424376095896,15,0.5265555568678522,1,0,3
73.1791139481602,13,0.1841804614846264,0,0,0
75.91898640257561,2,0.8822531233425974,0,0,1
41.70932194021965,20,0.34324859489874326,0,0,0
73.81000349796611,1,0.38747989351729695,0,0,1
105.13204600035571,2,0.6724015487964106,0,0,1
308.1742266421172,3,0.48879874204124096,0,1,2
64.32935057021196,21,0.08928107627914939,0,0,0
500.2499780356293,4,0.38744161735523475,0,0,1
210.08507828437106,9,0.09446611793823312,0,0,1
180.799064190158,19,0.1907504031233812,0,0,0
137.90954090825193,1,0.007174438350453838,1,1,2
118.7199968420745,11,0.1813130814846622,0,1,2
83.6460868652815,4,0.3304473539983609,0,0,1
35.99799227939868,4,0.5382184337322946,0,0,1
66.36263050967526,22,0.9192772111827322,0,0,0
384.3732426833834,0,0.5403268672420553,0,0,1
201.15353210239095,3,0.7056035413643416,1,0,3
382.1349619087442,20,0.3576770913057742,0,0,0
81.82861870193257,23,0.7516307935672674,0,0,0
53.590995566774595,11,0.6204687460514774,0,0,1
136.88452787951772,11,0.45979401327486125,0,0,1
68.57272716972149,15,0.19376879489122578,0,0,0
158.96545415182683,23,0.30354090799729894,0,0,0
28.55152195250602,16,0.6209460873757551,0,0,0
15.231894839982779,20,0.42605632436457297,0,0,0
175.81700443359082,9,0.8893865567490519,0,0,1
391.41464500505947,16,0.2348402715355853,0,0,0
181.46033276828646,16,0.07307265225327231,0,0,0
199.70931537091346,17,0.5893485765054844,0,1,2
141.33819263375193,1,0.886050840190076,0,0,1
151.6008755156639,3,0.36473902943978864,0,0,1
34.13656942768877,18,0.6477113348681651,0,1,2
70.88163091247297,10,0.23141262217714864,0,0,1
306.0758542077699,16,0.5584719216726883,0,0,0
103.2518220694037,11,0.7867921008626532,0,0,1
301.9615715827228,1,0.8670315987766839,0,0,1
148.511890445506,5,0.10511912985239669,0,0,1
154.16788075185232,8,0.35637451629324546,0,0,1
103.88821147141093,4,0.6396444419358702,1,0,3
220.6525218293528,19,0.034722868093652215,0,0,0
258.55827740725056,20,0.690615200150827,0,0,0
67.51638109723281,8,0.5280338828038271,0,0,1
37.687779124405914,22,0.2885662792200264,0,0,0
19.392460561623913,7,0.8146544505940505,0,0,1
192.9807880201939,19,0.29005071229577517,0,0,0
177.62670785787458,7,0.9914150462038034,0,0,1
592.1043390712686,21,0.8163701891133404,0,0,0
141.96445187648328,20,0.7079805013830877,0,0,0
123.37861206609445,22,0.061347557962646015,0,0,0
162.9000016182943,5,0.9043103719872735,1,0,3
169.39426860462717,2,0.7900553057375509,1,0,3
116.06756664296563,4,0.22902507929180227,0,1,2
69.52032782529099,8,0.392248181326889,0,0,1
136.2651001875886,6,0.26863155161914287,0,0,1
132.39374316529566,3,0.9844160341810665,0,0,1
130.76522680258248,6,0.8541964448055595,0,0,1
236.88011829018382,4,0.9302253026951025,1,0,3
134.40540790603654,10,0.7887742363754299,0,0,1
38.557194302235935,14,0.4563482410702475,0,0,0
79.77029147593557,1,0.20543424981468505,0,1,2
114.94023945435417,12,0.2080801569097338,2,0,3
139.27010871154653,21,0.151682848366677,0,0,0
195.8628440337978,15,0.546649550303397,0,0,0
140.10368939215192,6,0.9199665228636426,0,0,1
15.680457267182677,7,0.9917980700457663,0,0,1
43.35673200924457,5,0.2872998000367648,1,1,2
205.3869908653142,23,0.6973145402967293,0,0,0
112.48160709285331,6,0.5970980156103778,1,0,3
149.2845706571296,17,0.4889361168763111,0,0,0
101.46138890202081,21,0.6657686438120414,0,0,0
79.48534326816562,21,0.37136301898006896,3,1,3
104.47056529753034,19,0.9444847750934495,0,1,2
150.61441847894645,6,0.705448867706337,0,0,1
133.64817242660112,2,0.7542010919924448,0,0,1
257.411937371796,4,0.24242209500607392,0,0,1
31.257295344145255,0,0.16858200349761943,0,0,1
36.12430112695798,14,0.394340793094323,1,0,3
111.44078778546486,2,0.766672485336154,0,0,1
197.4378876492,7,0.9387959097528575,0,1,2
228.11112088878622,8,0.4273298259740078,0,0,1
82.21487397289718,14,0.774156792497166,1,0,3
4.835106183539664,9,0.47040761946680953,0,0,1
84.5002505528739,1,0.2952282495554638,0,0,1
178.0303282242484,19,0.7392651507258476,1,0,3
131.75838111341304,4,0.7982021339813272,0,0,1
202.55722867900778,18,0.20284079408068023,1,0,3
299.0276351604406,12,0.30516950204533067,0,0,1
117.62150218859722,10,0.49477684347366224,0,0,1
92.59140289149389,0,0.1865218297668767,1,1,2
61.238195892390294,21,0.9288342987537925,0,0,0
35.90754768584521,14,0.5913339125607484,0,0,0
26.47243421443234,17,0.12120327737169267,1,0,3
75.48193396870646,15,0.18402986468246207,0,0,0
272.15257488325346,8,0.9543553453248445,0,0,1
216.31984577003098,0,0.7381685856966183,0,1,2
89.02368262446862,10,0.7344050845049861,0,0,1
503.28823609336376,8,0.07249859400505454,1,0,3
80.0490707073022,22,0.895298837708947,0,0,0
318.02669902726575,10,0.4437353625586046,0,0,1
368.3658140700371,12,0.6597173226399262,0,0,1
186.70439063390745,1,0.959689219114014,0,1,2
74.87273689035297,13,0.10001238035655691,0,0,0
99.05011531742359,5,0.4822764594865787,2,0,3
153.3310048977211,7,0.04961273666193178,0,0,1
36.98521570868817,17,0.49954542332371543,0,0,0
56.05455195659313,15,0.25225941048757106,0,0,0
51.80261484472208,20,0.9110655292738706,0,0,0
196.79320627608706,11,0.39849249427308686,0,1,2
297.1087235000766,10,0.6338724460520792,0,0,1
222.2232597006012,5,0.860287264814549,1,0,3
264.9289848788108,2,0.9836918584171765,0,0,1
69.4501052492782,13,0.503819370328546,0,0,0
102.70658579195862,1,0.4557577028614559,0,0,1
109.06898222035647,10,0.07573964529645871,0,1,2
186.17690907147244,21,0.012738943337215036,0,0,0
77.30251811267999,2,0.6088020924984962,0,1,2
253.95049280785284,17,0.06546435214764601,0,0,0
361.68738068261985,0,0.38037893703847325,0,1,2
192.96023021453072,23,0.003606436106461497,0,0,0
99.08136321041437,0,0.6152274989656707,0,0,1
64.0842616895599,11,0.4254151604404962,0,0,1
51.91827976271982,14,0.12702076978628785,0,1,2
15.90738888618237,4,0.2963676068408221,0,0,1
111.76291671549792,5,0.5696606989719245,0,0,1
106.73884670675162,15,0.656713368009977,1,0,3
243.40926847342837,11,0.4623358796634468,0,0,1
81.72450137892902,11,0.8039591160909458,0,0,1
116.80715534010133,2,0.11244041170298569,0,0,1
164.6992241617587,22,0.08454572261240778,1,0,3
190.74081037380546,1,0.04424426901780831,0,0,1
224.54324505030866,6,0.5358278394494422,0,0,1
152.91660853628517,1,0.7062317042344579,0,1,2
39.23882515135357,20,0.13052139942252972,0,0,0
179.01948270260283,6,0.6389456218553925,0,0,1
76.74098967609461,10,0.4769477661895347,0,1,2
306.4696015087504,10,0.9873445001511152,1,0,3
135.54234055488158,13,0.7174736092664115,0,0,0
159.775897741107,2,0.6574733351916259,1,0,3
622.9512341215386,13,0.5704497348723445,2,0,3
227.25332964511415,10,0.9973661815497038,0,0,1
176.70047312081263,3,0.9804591708545773,0,0,1
119.53877070323138,16,0.5381151254945216,1,0,3
42.64742737039765,15,0.4551833473342617,0,0,0
112.88963034070697,2,0.46211492270175236,1,0,3
63.37015664968089,9,0.42834239032336563,1,0,3
390.8500058407608,20,0.5313983069963222,1,0,3
178.38967765869185,14,0.27358426781437073,0,1,2
299.03824992633633,7,0.9267887831144266,0,1,2
79.75044248866934,17,0.49023008146193525,0,0,0
67.58800064477381,2,0.8420078118386092,0,1,2
212.11988564174973,6,0.47530367466762,0,0,1
61.07299531664783,9,0.7182902739102429,0,0,1
93.063890706662,19,0.33688196447658003,0,0,0
403.0450985635905,8,0.6248068577332605,0,0,1
96.17150833635563,13,0.4983714454509194,1,0,3
33.943247171504005,22,0.36711425653360985,1,0,3
21.626749732080427,13,0.881556261068001,0,0,0
29.684015406138666,10,0.11271168274890897,0,0,1
310.86165916718426,0,0.4869231483191103,0,0,1
84.07320274466137,3,0.19436907326613673,0,0,1
610.4841269058384,5,0.8610550912175915,0,0,1
364.434663881857,21,0.2534693447156634,0,0,0
466.36840781463917,21,0.6334303401118216,0,0,0
269.52829536895683,4,0.16556351508535405,0,0,1
204.36905322072857,2,0.4049136694708366,0,0,1
65.42497526508483,1,0.8993571956493642,0,0,1
132.98512443468357,2,0.16606444440194046,1,0,3
218.96316018505297,8,0.6631958253483397,0,1,2
258.3339588273018,18,0.20451037055595478,1,0,3
46.76353256168561,18,0.4157490525321659,0,0,0
114.31570735695387,16,0.5406168843745993,0,0,0
124.975107485125,17,0.5773064181897478,1,0,3
121.15042849069144,10,0.6025113375531553,0,0,1
53.06230838815737,11,0.6401314153909222,0,0,1
431.1224784033945,2,0.2717686976737975,0,0,1
111.2833607394411,17,0.4013674857171591,0,0,0
56.76316990865976,23,0.037318663575064415,0,0,0
438.04572837721713,5,0.7687569765313751,0,0,1
364.66358003002597,6,0.8370995017889024,0,0,1
148.4197253856834,0,0.19923676348554553,2,1,3
90.76071762920171,5,0.20144396462968184,1,0,3
27.14084098966595,17,0.04203640219042071,0,0,0
193.72293317623706,12,0.9703838227924875,1,0,3
85.53649401111096,21,0.8071865681172291,0,1,2
130.51174688384958,18,0.3607032029060321,0,0,0
412.902879172533,6,0.4819082714698253,0,1,2
80.306810436847,18,0.2919669606508686,0,0,0
187.84453657736657,8,0.5972439683220844,0,1,2
229.13574005318154,2,0.7173084123335083,0,0,1
304.4325339319714,22,0.44736847799187207,1,1,2
123.25464810774136,11,0.8735941932916235,1,0,3
113.38482080251319,19,0.51702586221881,0,0,0
111.28383745491094,23,0.14425326907781078,0,0,0
174.98733228035763,17,0.6222913758376416,0,0,0
354.5473065627043,7,0.46223096590780255,0,0,1
107.24628093830734,8,0.9356718630817258,0,0,1
6.978723263202218,12,0.39189392093591346,0,1,2
247.06383278564616,7,0.40286573915010404,0,0,1
140.37246835084073,21,0.6507733897816103,1,0,3
194.03300215192235,9,0.526986218326428,0,0,1
28.306391990699147,16,0.37444987753843484,0,0,0
85.81706185305708,6,0.9897744156800895,0,0,1
233.33747290539247,16,0.30218550999941685,0,0,0
41.21507259977305,22,0.27752879198502856,0,0,0
187.5404284398417,17,0.8644276285221034,0,0,0
129.686068030864,23,0.003372943550555507,0,0,0
70.94524887024475,1,0.20125316090490764,0,0,1
65.93687682513763,2,0.5904466882619761,0,0,1
53.53110751523808,18,0.16245052784466485,0,1,2
139.80559016072044,0,0.9858039227235882,0,0,1
152.39892219144548,20,0.46419562242163104,0,0,0
98.90563804698579,20,0.5973640749605509,0,0,0
50.42765403488871,9,0.16037346510519312,0,1,2
183.6942442681662,20,0.28937810087192783,0,1,2
250.1757774101048,13,0.6146247826794156,0,0,0
208.04678192846083,12,0.5495533732863976,0,0,0
478.70848439177,8,0.784363945441166,1,0,3
115.32185803888478,5,0.26923317857431617,0,0,1
331.70232193015744,5,0.653542146706534,0,0,1
77.12700778359763,18,0.29097550574886544,1,0,3
66.65381256982667,20,0.5867526197461204,0,0,0
146.40818589030292,9,0.6050309676852086,1,0,3
381.3606758325235,22,0.12183911135448877,0,0,0
105.40893290676918,2,0.5486331106862661,1,0,3
28.28269366975779,17,0.011938299954182496,0,0,0
246.91808285218232,20,0.5012107513746915,0,0,0
125.45482330054543,18,0.697521888608075,0,0,0
166.62968718683956,4,0.07283272898998872,0,0,1
69.78521597526507,10,0.9387108164170271,0,0,1
145.37732474662056,9,0.4587555319894543,1,0,3
33.123871241185945,16,0.9384162756240619,0,0,0
435.47422493254817,3,0.1073984236911325,0,0,1
278.87853916636465,20,0.9499025944195347,0,0,0
140.4649205969697,17,0.10919709942534672,0,0,0
242.22335367885083,17,0.46149579845133604,0,0,0
77.30024880305189,0,0.9379920667268656,0,0,1
270.5033763464188,13,0.23270820038887152,0,0,0
101.66042794713542,7,0.03478498085873405,0,0,1
95.83861225091118,1,0.7931106750282209,0,0,1
57.01584193361698,18,0.5958836376690099,0,0,0
182.04186953175048,14,0.5139211929014407,0,0,0
135.85038285726148,1,0.034343384353218376,1,0,3
338.8340827349931,3,0.6532312688068451,0,0,1
50.95587385834561,0,0.1716233518845648,0,0,1
182.64094917471365,18,0.9311966802046954,0,0,0
297.4051674298492,20,0.685726951075682,0,0,0
154.4337217182703,9,0.7070338880338365,0,0,1
100.08341628964773,0,0.23258027261128045,0,0,1
151.49965651618263,19,0.8807538380567184,0,0,0
320.9591316737527,21,0.537732570783201,0,1,2
320.86963983842764,14,0.8570841778142305,0,0,0
121.50722885680155,3,0.270947474832276,0,0,1
317.1523298113272,6,0.7554617130982461,0,0,1
130.98544785543723,6,0.5745669036600475,0,0,1
240.35931395634972,21,0.048419305810581625,0,0,0
198.1459537636621,17,0.40534232377328694,0,0,0
96.82738495614879,12,0.18391046512346487,0,0,0
58.95504990604508,9,0.3591735878787561,0,0,1
302.68542426471083,23,0.38335163426522245,1,0,3
360.25248888649975,7,0.47492835302838476,1,0,3
179.5280448891956,9,0.6002904427284631,1,0,3
130.8500007374908,13,0.5709776524981992,0,0,0
44.87116276773268,13,0.03899140470499507,0,0,0
297.4568899184037,19,0.7506892184887218,0,0,0
164.78341051930704,21,0.9491838844727682,0,0,0
108.34142573993468,10,0.34868128898496664,0,0,1
245.08287273985894,5,0.17974690133825855,0,0,1
37.03560673774252,20,0.5400015631153853,0,0,0
54.40651534734093,0,0.7049129282441441,2,0,3
74.8706560598677,18,0.6789048945276632,0,0,0
193.76370824213893,6,0.6121095775008583,0,0,1
152.75374173972753,23,0.14623225212820856,1,0,3
210.2172033708306,17,0.8368248944029983,1,0,3
283.9171791778594,2,0.4256215624188153,1,0,3
215.55752369080187,19,0.22146858303187,0,0,0
441.5461639200103,10,0.08626614106309649,0,0,1
283.4696869746209,4,0.41671911497304903,0,0,1
121.28285965831233,18,0.6179730468473074,0,0,0
85.33481292402627,20,0.6653777091515077,1,0,3
124.19996043463699,23,0.9627369113972567,0,0,0
220.8466595330893,23,0.15314808366375743,0,0,0
93.22423371742249,1,0.985773665197552,0,0,1
225.11866209488772,21,0.6546758805722279,0,0,0
207.52108821564315,3,0.45422905770720146,1,0,3
58.17752948660724,9,0.8881942258481593,0,0,1
279.8820838421445,1,0.6944797419533928,0,0,1
174.9776519885535,7,0.34871721485701523,0,0,1
427.5396839736891,0,0.8840856965764616,0,0,1
131.33772481572032,5,0.6666154568195348,0,0,1
104.40824702530014,10,0.6988373557942195,0,1,2
51.431139960558056,9,0.8963898880860262,1,1,2
50.66222353889205,12,0.44841620796905524,1,0,3
257.5326076682209,0,0.6569041059597566,0,0,1
399.52501651233007,1,0.7446890216377804,0,0,1
122.83417286678883,2,0.45394005813078153,1,1,2
116.64647838811712,8,0.08345211573779343,0,0,1
140.69994009184944,4,0.7714397690943607,1,0,3
292.9304182652146,9,0.04781635274336182,0,0,1
58.65925253256406,9,0.7179144017227382,0,0,1
159.4982549430937,11,0.9108752085245531,0,0,1
261.54011916071715,17,0.3469689983700185,0,0,0
192.07076832844476,20,0.10206178513782682,0,0,0
3.6735180887650705,20,0.2328639897908411,0,0,0
216.31263716353388,0,0.5622815641253924,0,0,1
193.40546631402063,2,0.9426597431060864,0,0,1
331.47144044470116,4,0.5122827298861168,0,1,2
378.7859682463204,16,0.11273728819669626,0,0,0
320.46166445704324,7,0.627783173716338,1,0,3
141.27681076689439,16,0.7328449367879414,0,0,0
26.882107294657192,8,0.39328366999279096,0,0,1
115.98039187030602,5,0.7215140643454145,0,0,1
137.88746284051433,16,0.32482281513918976,0,0,0
396.1937079362523,7,0.7890901515964134,0,0,1
70.41225987387197,20,0.341072159570069,0,0,0
38.18864991692556,6,0.25610709160062595,0,0,1
93.72827784910879,6,0.879181405891575,0,0,1
73.84372490398454,14,0.5484734211753962,0,0,0
34.44552662310259,6,0.28515628874168475,0,0,1
124.93308367520183,21,0.9350868896470673,1,0,3
142.03019532843058,7,0.6908511754660492,1,0,3
32.34344023965727,8,0.2207003996555672,0,1,2
103.88011257207049,14,0.6146423545927806,0,0,0
69.76071242790167,1,0.8703588312890246,0,0,1
145.56949527873266,6,0.6961531425400574,1,1,2
156.58650155743948,14,0.24475915076013044,0,0,0
69.77325832140582,17,0.6488483286945148,0,0,0
278.1965273210252,21,0.6191593727202008,0,0,0
135.54652479549537,17,0.8208436635786887,1,0,3
72.73587652477826,9,0.1781325969966998,0,0,1
30.139372505627875,21,0.6996346670013599,0,1,2
162.8686466835337,17,0.027370692133702024,0,0,0
193.0777616512792,0,0.6961753006357676,0,0,1
89.40690839158059,6,0.960437303938557,1,0,3
149.07592846534487,2,0.17438826624961745,2,0,3
378.77402946936024,13,0.3112997728190089,0,1,2
249.0626163475787,11,0.5828715720285512,0,0,1
11.702309916720488,13,0.7323950458572557,0,0,0
71.99738106603266,3,0.34437139040453435,0,0,1
120.23140581540703,12,0.6642589771401376,0,0,0
141.42910241419017,15,0.899278792536333,0,0,0
151.52144048919973,15,0.7265587872242619,0,0,0
184.38317923399967,21,0.7110227176022441,0,0,0
123.40818542027905,4,0.3819706584166159,0,1,2
135.28960427881609,19,0.9114293088382008,0,0,0
257.98603125902656,5,0.27732294196107776,0,0,1
165.2401236560669,5,0.20528035661970068,0,0,1
46.658977028229955,17,0.36422393372650386,1,0,3
144.86254014360188,5,0.650156220738494,1,1,2
120.4937459509845,6,0.8616779861945068,0,0,1
18.11771858712593,23,0.13207878234731707,0,0,0
150.53404771259648,23,0.813802177260163,0,0,0
52.86762452249802,15,0.8128233946689951,0,0,0
260.6121986050404,8,0.5869193565900861,0,0,1
182.4992392834523,12,0.7606479395780257,2,1,3
44.14570928902422,11,0.18188069815158736,0,1,2
252.574595135665,18,0.1695860008207134,0,0,0
335.048742605014,22,0.8628000341287271,0,0,0
109.14004629317995,22,0.4981484372345669,1,0,3
119.93746133108657,0,0.2459372142528491,1,0,3
235.8275524021845,7,0.6887303576063237,0,0,1
318.5061168765608,3,0.891875166934221,2,0,3
24.789531107382885,20,0.6323226459442498,0,0,0
49.417542810663335,21,0.3473450429400172,0,0,0
95.24598120957471,18,0.48323776529301454,0,0,0
103.98287821295442,20,0.7522694609453395,0,0,0
231.1539315401976,4,0.06750122887238752,0,0,1
319.60892440429893,16,0.21716451595644226,0,0,0
335.663514864239,2,0.4625831866494472,0,0,1
24.09148471729516,18,0.6042409640970987,0,0,0
66.22032335850196,0,0.33916559104232447,0,0,1
81.0269618113842,22,0.2983909218698807,1,0,3
65.97879689642552,0,0.04138419569972129,0,1,2
182.10059658418643,22,0.03260177205144754,0,0,0
198.085527770311,19,0.2786948543028256,0,0,0
133.99772299653978,8,0.530506100089543,1,0,3
124.4138763368762,22,0.5563714964454115,0,0,0
98.65337865540063,4,0.49402749286686887,0,0,1
108.35122071231336,6,0.4098806840028343,0,1,2
375.96908652309753,5,0.2522915892613208,0,0,1
219.04467563947134,16,0.4006944315927822,0,0,0
101.74284050888545,21,0.1387599653855135,0,1,2
122.5554134067962,16,0.1152592290260368,0,0,0
185.1246578094498,12,0.2999432568137914,0,1,2
44.131466667875955,11,0.9953487964272196,0,1,2
148.64800877727507,3,0.32649694751639846,0,1,2
210.68338069561986,7,0.9364563903551052,0,0,1
192.03787702389013,4,0.392262145767694,0,0,1
67.39871938549507,4,0.4390099911996094,0,0,1
78.94194887400667,12,0.7970628832022295,1,0,3
15.585619091736644,10,0.0936383274474567,0,1,2
226.4538739597749,7,0.1823133235936395,1,0,3
482.73648783032854,7,0.9738402649752147,0,0,1
59.13659797459333,0,0.5059173399606947,0,0,1
282.4257269671603,12,0.0443096822086303,0,0,1
455.0979555445465,4,0.047380733056050506,0,0,1
90.8187552977413,20,0.9072406837773928,0,1,2
122.6876396112794,7,0.8733650895587176,0,0,1
161.29384908537662,16,0.4583991069451001,0,0,0
187.7042533750198,22,0.16322208594459875,0,0,0
167.74628471941182,22,0.8302846063624797,0,0,0
96.83652900914669,12,0.3246001072796505,0,0,0
208.38286957374166,8,0.41905839866309536,2,0,3
98.68723646465297,1,0.682476379049318,3,0,3
176.19529590633272,18,0.35339835340765446,0,0,0
130.33386041443373,19,0.628669926698293,0,0,0
21.253441089178384,16,0.8852827104425843,0,0,0
310.7413504342775,6,0.7973732687744775,0,0,1
80.79029775417224,2,0.3816110738671604,0,0,1
331.6192128491284,18,0.2879365547037348,0,0,0
274.8456809764984,18,0.285510448739559,0,0,0
157.74383248880628,23,0.34859115037658306,0,0,0
194.72125907921395,8,0.4935169867247723,0,0,1
211.68880622260434,9,0.4165974806939431,0,0,1
113.97313682193794,13,0.13300402098765784,0,0,0
118.31218037872405,17,0.1634558583339083,0,0,0
204.51047196417136,14,0.3429296093981834,0,1,2
131.41042004876186,0,0.5620641000588573,0,0,1
97.09796495660657,5,0.5926639501334947,0,1,2
68.3803538475345,14,0.48620706489663,0,0,0
179.94674789618563,5,0.7387758812075146,0,0,1
78.51528407413814,17,0.7372487887567366,0,0,0
243.7055835207461,0,0.42762747168738857,0,0,1
257.98417282603504,23,0.12444081076094426,0,0,0
193.65475149735227,2,0.5301747697671232,0,0,1
223.1162344374659,16,0.3814690639938326,0,0,0
194.06471144844238,15,0.13792298976370332,0,0,0
234.2603152229318,7,0.9818172099648392,0,0,1
227.39331253181535,16,0.3697553892801022,0,0,0
173.02413294908496,7,0.6257978396212309,0,1,2
277.2099977638402,16,0.4901288613365966,0,1,2
117.19098688363006,8,0.1428282792167661,0,0,1
70.2482799262976,11,0.05554362337257057,0,0,1
67.09533297905138,18,0.6257694150819589,1,1,2
103.98924468391814,3,0.24702187034788559,0,0,1
17.798439622374246,20,0.24365399961371503,0,1,2
156.59766233112907,21,0.9569761897103106,0,0,0
213.66696849125668,10,0.4617733043112914,0,0,1
255.49769740562596,3,0.02942606650068924,0,0,1
26.683945282184848,13,0.3398427151498068,0,0,0
69.05439636692074,13,0.5844915422522267,0,0,0
238.65837331621947,5,0.3285674185171208,0,0,1
114.30017198558879,16,0.02685195403414231,1,0,3
210.31467106843536,1,0.4443112654667354,0,1,2
41.928864633126146,7,0.10590633617477785,0,1,2
329.0136147349392,3,0.6191600246627044,0,0,1
38.69356176844094,9,0.619587100222688,0,0,1
153.23684576912467,6,0.037759139598400715,0,0,1
156.1802048617121,3,0.29066626159937725,0,0,1
88.73013317097723,15,0.41368626373900386,0,0,0
188.8305504814404,13,0.550264097859178,0,0,0
192.64780937807024,15,0.2960634297081951,0,0,0
178.1069768686583,8,0.28774651255139816,0,0,1
87.37304012784796,3,0.9830151562502594,0,0,1
73.6841879937155,23,0.041862795720899904,0,0,0
95.37246299317539,5,0.9890454140911519,0,0,1
65.15414050706846,0,0.04775194107839653,0,1,2
285.85850498112785,6,0.28834142779468586,0,0,1
102.25466729254438,0,0.49369085496935006,0,0,1
150.01218044987874,18,0.1432983430143252,0,0,0
237.99263534598,7,0.13484636251872384,0,0,1
62.331146884201615,2,0.25631271326094585,0,0,1
37.04038874083457,0,0.9735071835735695,0,1,2
65.35695788067471,0,0.38011685887456415,0,0,1
162.33045213919524,6,0.5659948382691918,0,1,2
154.34325287829094,20,0.7042914023816463,0,0,0
177.86267477624074,12,0.7422218355242104,0,0,0
122.95423851992157,0,0.6880409663453548,1,0,3
6.77018109820165,15,0.33692819319172485,0,0,0
119.94030808243838,21,0.11172782735606246,0,0,0
259.95728622943125,21,0.28171647533321087,0,0,0
306.08260231035763,13,0.21029522676950663,0,0,0
142.70105381900544,3,0.13627730486931677,0,1,2
154.7678697241578,22,0.024496731751618706,0,0,0
207.5770843006274,22,0.9357258490584142,0,0,0
300.32356301929735,11,0.9210343865453382,0,0,1
133.38786812299477,11,0.050417005630169265,0,0,1
205.56309323320662,16,0.1730845728204018,0,0,0
84.17358723575168,20,0.13950047146279365,0,1,2
42.82087121870961,14,0.28122293442151736,0,0,0
91.78657909878788,9,0.20406887047874112,0,0,1
346.63387169167805,2,0.945853537397855,0,0,1
208.471239697758,22,0.08417043656020384,0,0,0
46.910381824334316,19,0.21167082700450324,0,0,0
215.25988870207567,19,0.08072330458291443,0,1,2
50.44287538859805,11,0.9803853486444364,0,0,1
176.10938616067952,0,0.918413509097005,0,0,1
60.18383962477947,0,0.716631589765411,0,0,1
44.35487280845311,9,0.42597303221991334,0,0,1
385.1176613640139,17,0.19017813552399254,0,0,0
102.19205166342195,14,0.22148972502014241,1,0,3
205.83621668919292,1,0.44304000855601144,2,0,3
137.60425494738877,16,0.7682226713364816,1,0,3
54.30112103724409,7,0.2647294959989589,1,0,3
111.08976252796857,21,0.31079191253464666,0,0,0
54.74710854888822,21,0.5999442914044706,0,0,0
569.9566340546719,8,0.2377293622782536,0,0,1
231.89156584920042,20,0.5842186212928036,0,0,0
135.66708589215955,19,0.38713089327228456,0,0,0
198.19781312842423,10,0.03436820590134804,1,0,3
221.70507107626543,5,0.4027012862319639,0,0,1
222.11183826840426,23,0.9195252795191449,0,0,0
215.5984323419067,13,0.2931118791334606,0,0,0
204.27120046155096,0,0.32283238943646897,0,0,1
144.13209037046454,6,0.06594088805928688,0,0,1
365.83160990305765,23,0.6150474485692943,1,0,3
151.08392188962998,8,0.8492423642983389,0,0,1
138.65834990786396,10,0.35292289309310165,0,0,1
152.04919958184772,23,0.24024555751998844,0,0,0
160.14905020570072,22,0.9566118541638586,0,0,0
26.919831796202516,15,0.7450726145914884,0,0,0
64.76553083773793,18,0.5671635592832646,0,0,0
122.95100886610227,1,0.3055311663448841,0,0,1
25.444644540540846,14,0.22079801797640086,0,1,2
135.50213469143932,2,0.7157440390004672,1,0,3
158.6074785336857,3,0.5217888171373442,0,0,1
40.93828222652684,19,0.5205998168029811,0,1,2
79.26909145122538,21,0.0737098186722438,0,0,0
314.33563387020894,6,0.5121944767596059,0,0,1
199.6233584196783,11,0.8227440310394937,1,0,3
191.6926227867984,3,0.946799277795759,0,1,2
289.15410909154264,9,0.10668239748173514,0,0,1
65.89780500744553,5,0.6311652106990708,1,0,3
41.05999950196524,21,0.5683472507982469,0,0,0
263.5092510489605,13,0.8903124909481418,0,0,0
125.64196800674681,2,0.7512440301848715,0,0,1
64.34232166662639,16,0.9652618691653132,0,0,0
26.680370717771215,10,0.9600325375819962,0,0,1
153.33783779156408,9,0.2256850933452208,0,0,1
114.65349665297873,20,0.7253508719004221,0,1,2
99.71883810695465,9,0.5305230913648944,0,0,1
10.519763953315369,9,0.21460199521530543,0,0,1
362.68573929373406,2,0.19486908221740074,1,0,3
33.71181527723665,23,0.0810843412662865,0,0,0
107.6461766819226,14,0.795545276418689,0,0,0
93.73299778159947,16,0.32450478062000954,0,0,0
203.82395896886698,17,0.8569688353289665,0,0,0
27.018752627510718,18,0.6083153660232146,0,0,0
186.98899269407076,18,0.6736333548384608,0,0,0
153.90146272034977,11,0.29167374961019665,1,0,3
75.98419010721886,23,0.45729427939568357,0,0,0
182.33286308325077,4,0.41231757808312486,0,0,1
135.32070039036003,23,0.2356886639246012,0,0,0
419.985791749561,15,0.8325121685267926,0,0,0
114.57275356052011,14,0.6220845058066211,0,1,2
56.93886065993867,14,0.03743197745307014,0,0,0
188.31634528030997,5,0.8199170193786884,0,0,1
103.54389763199359,11,0.10603775602859145,0,0,1
133.26016338882906,1,0.40369643353255924,1,0,3
41.39862367725965,19,0.5712569016303779,0,0,0
206.0194603898052,8,0.007651245661217998,0,0,1
90.44096386963477,3,0.6529081054429361,0,0,1
162.7213553860217,4,0.659702939560257,0,1,2
489.0069957569457,20,0.6525263171326467,0,1,2
109.4132777239095,7,0.16346793810627713,0,0,1
225.90765325191595,21,0.2557323267735494,1,0,3
115.47871324557588,9,0.24737581953274024,0,0,1
76.88284671993405,6,0.960066983179637,1,0,3
321.64719550079803,21,0.06752818722587728,1,0,3
18.538841192699117,13,0.42876150770350396,0,0,0
266.80502701984625,4,0.8712539058201941,0,0,1
15.813781353577227,15,0.769465994447716,0,0,0
248.3987056839948,14,0.8224421246489267,1,0,3
134.81288866004297,4,0.972293584122333,0,0,1
57.085227922617094,2,0.3872618122731889,0,0,1
95.55812345495012,22,0.30965527438046114,0,0,0
217.51883667319356,9,0.03065949015019731,0,0,1
459.34727106111643,4,0.15001936178986208,0,0,1
28.24411095606729,22,0.5620146545430241,0,0,0
60.38263323639265,14,0.15766059505334007,0,0,0
37.728687889929176,17,0.7363050159809107,1,0,3
114.73931281316185,7,0.037232604915937495,0,0,1
252.96945380169942,20,0.2594880232378819,1,0,3
32.60023956072,1,0.6954531233884886,0,1,2
132.08868525132834,21,0.2555028242390638,0,0,0
247.50690774369878,7,0.728760464224464,0,0,1
94.42735540669112,22,0.9958638754307019,0,0,0
154.9541586220996,7,0.7970839554491036,1,0,3
306.0199661942523,3,0.3418354587610025,0,0,1
50.486299180485965,18,0.9005919006282612,0,0,0
21.08521818694854,22,0.051179735668209436,0,0,0
169.14652034745257,17,0.7250068244473121,1,0,3
172.56110015298603,20,0.023322331562675047,1,0,3
89.0775676421737,22,0.17455549535696502,0,0,0
75.01393234741944,0,0.9875857415385745,0,0,1
136.89177493950237,19,0.360884912494307,0,0,0
49.6160716498013,14,0.8204993781642388,0,0,0
49.692027448960545,17,0.376086712835602,0,0,0
216.5263122819246,21,0.8400284507978156,0,0,0
46.39954284699855,11,0.9654395601267742,0,0,1
22.719834070423897,0,0.4355362434191665,0,0,1
74.88333239393086,6,0.5593491918482794,0,0,1
90.89122822357288,18,0.6286394899635678,0,0,0
186.97452971974414,0,0.9348348021752354,0,0,1
80.65364138186337,23,0.2567440874345579,0,0,0
340.78984775704845,6,0.6112493728337267,0,0,1
142.34049018436684,1,0.3247202282231425,0,0,1
66.06527478505663,6,0.21693318018241947,0,0,1
181.3816057440431,18,0.08492033902321416,0,0,0
336.7952657568319,12,0.6207108637359489,0,0,1
212.4254077247092,23,0.8820854788715684,0,0,0
30.548759864793563,4,0.3513928888445126,0,0,1
97.47859596824853,22,0.5526685361929773,0,1,2
160.8791838540124,18,0.6421337952941157,0,0,0
206.32435845022445,0,0.41465017779520397,0,0,1
115.29371705575373,0,0.9033478503660581,0,0,1
102.88131849706838,17,0.36275516120117657,0,0,0
417.96135405924235,23,0.12501082008984366,0,1,2
214.6129245716253,0,0.14402035805169955,0,0,1
181.78619225265462,4,0.8908576145077127,0,1,2
83.58479805105434,8,0.9880080428479597,0,0,1
48.929543485136705,11,0.28893785057171695,0,0,1
184.0706358951732,8,0.14360272565471144,0,0,1
231.04603414561234,17,0.48221228175620945,1,1,2
132.75621366971652,22,0.7095280635765979,0,1,2
215.01281811320953,10,0.612402908102972,0,1,2
218.84103208636847,0,0.9511081820826126,1,0,3
241.65922319461288,18,0.8177778839716281,1,0,3
29.980247650808913,21,0.8689721650640021,0,0,0
99.75426092677701,9,0.5416671588490702,0,0,1
192.0143328516271,1,0.32727519333145005,0,0,1
138.5402851821274,6,0.7017360104605791,1,0,3
219.31426017493467,19,0.4390530399513951,0,0,0
181.7082751799698,1,0.28775424056232457,0,0,1
11.671180527262903,18,0.1522706856722975,0,1,2
281.7777398248655,5,0.5278742078895624,0,0,1
89.7415083729898,9,0.5942535671999187,0,0,1
62.60242894913526,8,0.568785682654175,0,0,1
275.4951728881832,7,0.11654836343355401,0,0,1
207.74843695047872,10,0.5699873195387432,1,0,3
301.75612944606456,8,0.16841410680514102,0,0,1
162.17614480492068,19,0.663714165451469,0,0,0
98.71539681054475,19,0.4293839966655334,0,0,0
148.6974701583356,8,0.8487885877391554,0,0,1
52.77312216015421,7,0.7782657447937787,1,0,3
36.74221362710955,14,0.7243820515166337,0,0,0
78.3306814342537,1,0.7007370993343023,0,0,1
362.74491260487923,23,0.560488039478102,0,0,0
85.2985168261969,0,0.06111357612834434,0,0,1
23.310514044026306,8,0.655489623533001,0,0,1
117.87165575866844,8,0.46692217756371523,0,0,1
84.344679093635,12,0.469554713993533,0,0,0
285.235294405623,7,0.3790221954662697,0,1,2
345.8595575180076,20,0.9290709148417106,0,0,0
95.0273681886645,4,0.24945126695243236,0,1,2
162.06201631969117,2,0.31659445340977965,0,1,2
172.0845845666633,20,0.9630407827356227,1,0,3
128.37139712820186,3,0.810153735276698,0,0,1
110.92516556314443,16,0.014086412162869988,0,0,0
58.845844380320536,15,0.9061075998618738,0,0,0
19.10872154385911,15,0.22664729883307033,0,0,0
58.53044012966531,19,0.7059325391660635,2,0,3
124.90021420332967,2,0.5530731073672155,1,1,2
32.66208415499281,5,0.536811883602784,0,0,1
155.90584021813427,0,0.7179213233927192,0,0,1
140.62418129417136,20,0.2071814718944397,0,0,0
84.46705898569982,15,0.15902513076642655,0,1,2
107.19881047570276,14,0.6519126067329519,1,0,3
39.11333122917184,6,0.29057922890466226,0,0,1
238.69759281889378,1,0.9739502076577609,0,0,1
235.91642294770548,9,0.4515118390746734,0,0,1
46.426667821807406,14,0.11159702000696525,1,1,2
47.75377211182138,5,0.6858151661720446,0,0,1
59.24969975259351,1,0.30615929246613127,1,0,3
198.78451750846892,23,0.1485874276214022,0,0,0
171.69327318319617,23,0.42282336288992095,0,1,2
273.38638151732596,16,0.9642222780872781,0,0,0
294.27848924404515,0,0.41143057638713,0,0,1
29.47769009375531,0,0.34733376573106345,0,0,1
193.8096791872386,3,0.4445089620693041,0,0,1
286.42945973402635,19,0.012115705599648363,0,0,0
101.72061372118367,15,0.13310153859861407,0,0,0
130.91563976792403,7,0.8496746181346078,0,0,1
116.12458922073097,0,0.9780344120945137,0,0,1
120.21062089106553,18,0.15794148560368138,1,0,3
238.1368719464096,10,0.5355178183869084,0,0,1
407.948954052595,16,0.9663334338056436,0,0,0
332.95115147937383,9,0.15658137617896384,0,0,1
87.84051353378513,11,0.18630961750245023,0,0,1
162.43950660038462,8,0.9268163539283983,1,0,3
67.66239768423137,6,0.7056876464523825,1,0,3
73.97474222679148,11,0.15196668684216075,0,0,1
126.51483816827265,14,0.39349267111860975,0,0,0
72.23002566495421,7,0.05626994421471054,0,0,1
81.95008071883194,16,0.4326715339176942,0,0,0
159.61880278606537,4,0.777901494487037,0,0,1
191.88520783568063,13,0.5539720545861272,0,1,2
188.2638247601909,1,0.6474421218162031,0,1,2
189.59890332027044,15,0.3268201322002092,1,1,2
42.00513441339887,16,0.161395917744793,1,0,3
69.01701522450576,2,0.01311667577348441,0,1,2
137.29004223276021,22,0.8213123443293454,0,0,0
277.6860190360915,0,0.6366545593457879,0,0,1
556.7996653439668,17,0.22932124128768838,0,0,0
167.23743361375315,17,0.41843396007729483,0,0,0
222.60228489214197,3,0.8014432687281142,1,1,2
37.36076711041542,14,0.5387001860913857,0,0,0
218.46486293653265,18,0.3001598764459783,0,1,2
463.1446764701045,18,0.2671845171706855,1,0,3
68.79284354883153,9,0.2176140244488256,1,1,2
84.24807179996529,4,0.8237298801341698,0,0,1
243.2726727907516,18,0.5818603506846625,1,0,3
135.9726642744211,10,0.7091571657014643,1,0,3
17.104701324595137,6,0.8601204413974134,0,0,1
88.61315184471249,4,0.9868617025302162,1,0,3
344.91141710211735,19,0.24948358653078195,0,0,0
106.54754990133334,11,0.18090248745791293,0,0,1
106.47666137919943,18,0.46199834279394847,0,0,0
232.7541045826664,14,0.0350712794785325,0,0,0
171.6275243904276,11,0.7917178815635283,0,0,1
101.95955986005119,3,0.8837599988343822,0,0,1
79.5706678218492,11,0.6860396987480284,0,0,1
728.7051622891565,17,0.26799502456360935,0,1,2
307.62163886386594,16,0.12315547398879056,0,0,0
189.54890186032998,18,0.38214418791988836,0,0,0
198.2174109856567,15,0.8333356205052533,2,0,3
120.7916419759995,10,0.34782780378611466,0,0,1
170.14428380142604,1,0.03425457362663997,0,0,1
110.98008783483303,15,0.2742803762251319,0,0,0
63.31444555534652,0,0.9899456100757232,0,0,1
175.00171330269416,16,0.6766687556658832,0,1,2
103.50274739165417,17,0.9008548299771278,0,0,0
181.59677681866492,12,0.7748652675011075,1,1,2
206.34198067847822,4,0.5397055153266307,1,0,3
188.47575775078198,23,0.1486888723949803,0,0,0
58.7173411447531,5,0.34864447835571766,0,0,1
94.70621441282434,0,0.5837402252742222,0,0,1
105.11968498133254,9,0.870632348731992,0,0,1
261.6403242287016,4,0.26867504586489965,1,0,3
252.46397134909532,0,0.12122686934022953,0,0,1
72.65501836477297,22,0.5588323175548174,0,0,0
41.01635282355859,10,0.17650122251805567,0,0,1
573.8011551448735,23,0.6103617693219067,0,0,0
183.23428150515747,23,0.263521442483732,1,0,3
35.661904082530036,6,0.23096300430062466,0,0,1
83.09613021457147,17,0.3991807649888911,0,0,0
269.0861512249759,20,0.5931917575579458,1,0,3
486.2418623772052,19,0.545317672949313,0,0,0
434.9441210765308,20,0.24473447723498054,0,0,0
177.75623085861272,9,0.8911166744533762,0,0,1
133.68225808508728,14,0.10988196973520103,0,0,0
53.63942825402161,3,0.0394675630743353,0,0,1
142.3803036393188,15,0.6027062694061975,0,0,0
60.592255000847814,14,0.12340716806547647,0,0,0
95.4701017211657,14,0.5048908142789611,0,0,0
243.09741157226225,11,0.9517732844096326,0,0,1
110.54009855095012,7,0.6985802714527901,1,0,3
104.71592379468308,7,0.6174565803977604,1,0,3
128.21514578556938,17,0.5748052248722807,0,0,0
628.4834517332049,5,0.17953925219959277,2,0,3
48.30685561352594,4,0.43264782462810436,0,0,1
164.46824404545583,1,0.3425235073667625,0,0,1
409.9190815274673,11,0.9530743222220627,0,0,1
127.92195995471191,3,0.242320231370725,0,0,1
303.8304420318142,22,0.4715163713960514,0,0,0
38.223453374216746,12,0.9380793632762501,0,0,0
113.44908628269671,16,0.789180652439315,0,0,0
66.59875603914956,15,0.9645152392844231,0,1,2
126.8795650488652,8,0.608330255146991,1,0,3
128.95927574505382,0,0.33378685474593406,0,0,1
139.41612095175984,14,0.826649775464059,0,1,2
241.55618470946803,11,0.2914562713733706,0,0,1
9.86821947433658,4,0.16477280191188592,0,0,1
79.97666682374957,22,0.7062888140390073,0,0,0
156.3666876401359,23,0.6389556635343594,0,0,0
18.262680769005794,17,0.8789489025953954,1,0,3
208.1242071503041,19,0.9619247578160507,1,0,3
78.68750783332767,1,0.8571975872245541,0,0,1
115.16920572115771,3,0.06002179758827075,0,0,1
249.09815871847223,14,0.6645134329822682,0,0,0
313.098957925339,5,0.7847324128640457,0,0,1
212.57645615138333,21,0.9819287243501765,0,1,2
46.96946758997164,11,0.3746612995126337,0,0,1
205.2307706990042,17,0.16988158727114788,0,0,0
214.95584742378787,19,0.8529330617972212,0,0,0
186.3566506948304,3,0.31746674363255534,0,0,1
347.2893743617377,0,0.5982018957938589,1,1,2
142.17964624321925,14,0.38989476421299984,0,0,0
338.49542393882746,17,0.4023262567586612,0,0,0
337.13470033112566,13,0.7324644791774516,0,0,0
219.18114641375692,2,0.36147512533993864,0,0,1
166.36891517255438,14,0.693075112970487,1,0,3
187.11999227446705,4,0.014328455452302102,0,0,1
397.24196227762974,23,0.324647390003876,0,0,0
277.44440685337906,21,0.31904403135366266,0,1,2
52.5978056307908,2,0.748835285896717,0,0,1
178.79823528543767,21,0.31455711602562786,1,0,3
63.551890222889966,6,0.633327132365083,1,0,3
76.68869195273021,5,0.6885244021078648,0,1,2
98.61138812994349,21,0.6584255441971152,0,0,0
34.47697472603666,0,0.6032936810486645,0,0,1
59.83781942709895,18,0.4136168493493947,0,0,0
359.845501733457,6,0.37330497768381043,1,0,3
76.27901507300946,3,0.5645840583758897,0,0,1
242.49278610224738,11,0.06370310248432631,0,0,1
151.8799034067462,19,0.8758198420515261,2,1,3
199.02385053086593,22,0.8253151430303431,0,0,0
205.01520945996793,17,0.34638471703718965,0,0,0
57.41389615394895,8,0.5668191233856312,0,0,1
241.51679180236127,18,0.9322276981844633,0,0,0
42.251355060148434,21,0.2716367974120967,0,1,2
73.54109650797129,3,0.7424552676948534,1,0,3
202.93075554554787,0,0.08273180732100516,0,0,1
53.940613321043074,8,0.523372147470971,0,0,1
16.0009547354043,14,0.8839691294472977,0,0,0
172.80328001379345,21,0.5517092841490735,1,0,3
28.22352103493174,7,0.6162528268371014,0,0,1
216.493422669068,14,0.9076392933095441,0,1,2
104.50780390632889,14,0.7153606400498028,1,1,2
171.01801135914658,17,0.6958696802242655,0,0,0
168.7237639421321,6,0.5863840220928984,1,0,3
227.76168526297707,21,0.6329886141924184,0,0,0
207.1192807900029,17,0.8037054240166173,0,0,0
53.48271022465723,15,0.9792330832972443,0,0,0
109.68011103985454,1,0.7953253540081879,0,0,1
170.8719824191047,3,0.7075368316269962,0,0,1
342.5298287401119,19,0.13554488361151484,0,0,0
208.45215814559853,15,0.8170803874416932,0,0,0
323.06656917643176,2,0.735994367398703,0,0,1
177.4054625079424,23,0.7704321954012339,0,0,0
280.7292450063575,22,0.23109647824331192,0,0,0
160.77483930855396,1,0.9034436965409277,1,0,3
273.01496172015493,2,0.09728136834686218,0,0,1
100.23294607179497,4,0.25361205569194656,0,0,1
368.7527516788459,1,0.6630234383244017,0,0,1
191.90877566658577,18,0.6737144638310152,0,1,2
34.74008778066284,23,0.31332456630082484,0,0,0
175.02246781588315,19,0.7015197771118148,0,0,0
208.93082587635922,1,0.38793053765487207,0,0,1
247.24868273803207,1,0.00017551585792330293,0,0,1
454.11764762406216,21,0.16260613228738352,0,0,0
87.62393735561378,23,0.8826182752181744,1,0,3
456.0913300904551,22,0.22269401172941883,0,0,0
133.71538500945073,19,0.11291033885887591,0,0,0
70.41133903365875,17,0.6822006059331945,1,0,3
89.22941202484472,19,0.4407064424097361,0,0,0
200.32565726780285,20,0.7965909363976443,0,0,0
61.54539462768308,13,0.8614449345657882,1,0,3
101.62918929256546,14,0.8459888773872315,0,0,0
171.90711825322737,11,0.3130092191968933,1,0,3
366.87306420456,10,0.5055459379681642,2,0,3
242.4082761673428,10,0.6501417346469641,0,0,1
137.87819213046717,6,0.32198308728412395,0,0,1
199.68397960649793,11,0.04109931535301814,0,1,2
159.8421776108244,15,0.4956643822969191,0,0,0
46.28619685836311,4,0.01281833346559369,0,0,1
409.2327470203279,1,0.9506456247259472,0,0,1
370.7110178559593,21,0.7966836460730264,1,1,2
125.84095334188994,15,0.19200977652359452,0,0,0
91.91458067400032,22,0.2875717488919284,0,1,2
47.33463702524054,14,0.9828385480194383,0,0,0
208.5413799537347,10,0.3735485541413044,1,0,3
209.49166774643473,5,0.7837223574338923,0,0,1
66.32104888807979,12,0.44681546841925435,1,0,3
161.22650407038745,18,0.8640959241006102,1,0,3
237.27085199868685,9,0.703753508161509,0,0,1
86.79258988997235,23,0.02291005989115935,0,0,0
114.05425691653014,18,0.2943898859392372,1,0,3
113.18232323332097,4,0.5579923148934525,0,0,1
70.13544513011105,20,0.9261740440697538,1,0,3
115.89680751414178,6,0.10202989464149037,0,0,1
28.82138563230447,10,0.601162537711067,0,0,1
108.5866974374457,13,0.30217673141265755,0,1,2
109.91448640609639,22,0.8893277820194403,0,0,0
127.0555418686,20,0.7651696096585132,1,0,3
189.2324864869514,15,0.36970272200928533,0,0,0
43.674655654937055,17,0.16710316390861368,0,0,0
52.070692319818484,20,0.011497972397297773,0,1,2
68.57121329497161,22,0.6211344506719487,0,0,0
39.27151890446619,22,0.4061238076312438,0,0,0
204.71283719342898,3,0.3147564928607691,1,0,3
83.65128905643303,0,0.9855022916368356,0,0,1
130.1125963634854,21,0.46614213556031514,0,0,0
63.501821518087155,14,0.7498392836454242,0,0,0
99.53308371560013,13,0.17741241725123624,0,0,0
166.91197219116538,18,0.013455257741813775,0,0,0
172.8216932753495,4,0.417562619448016,0,0,1
54.19523897969552,3,0.6656648349426617,0,0,1
125.1810604904017,12,0.5065986961834594,0,0,0
64.47501265921883,17,0.890466257624391,0,0,0
121.63372833667141,11,0.4339793511871648,0,0,1
77.87556301206729,22,0.3110028131530912,0,0,0
426.2772941000134,20,0.9160486762076435,0,0,0
236.3329441046273,14,0.4068022786343809,1,1,2
178.2800704242827,22,0.26964786163961163,0,0,0
106.55462379500649,8,0.0976610768100804,1,0,3
241.05418852055476,3,0.7933097732158209,1,0,3
127.99392735732404,4,0.8250914607978431,1,0,3
398.1296674532931,8,0.03329778356517199,0,0,1
257.71552680481403,12,0.35864559840152477,0,0,0
98.94972265659476,9,0.7498764545979597,0,0,1
368.64601252607736,15,0.9463818474880539,0,1,2
106.99016654539255,12,0.377818283844905,0,1,2
442.52315433914293,3,0.8720534313794935,0,0,1
381.62720531292496,20,0.3937204065321951,0,0,0
166.25509728195306,12,0.17949462724264809,0,0,0
30.027291192225313,20,0.0034461437768696923,0,0,0
156.99830719389996,7,0.3301810231528798,0,1,2
49.08066299414044,12,0.37847505072737153,0,1,2
79.8903888836345,14,0.9451175288873361,0,1,2
85.04409706649605,19,0.20607025242062282,1,1,2
48.68070374256973,19,0.3822307080175047,0,0,0
157.4324003123592,12,0.025154129823113158,0,0,0
72.08195481507721,22,0.7635397350913864,0,1,2
110.91384581076781,4,0.9151412362549867,0,0,1
85.65074522934276,21,0.23782064727649188,0,0,0
189.811561463249,21,0.4289951106401645,2,1,3
180.14295367329356,5,0.12211262136599399,0,0,1
104.00263909382576,4,0.45683543031289076,0,0,1
196.54757572474796,12,0.1333424636440954,0,0,0
304.7993096047289,4,0.5233484944191521,0,0,1
13.074176763979581,12,0.7346220404322331,0,0,0
81.60976799713104,23,0.5533427748141682,0,0,0
58.11411735485617,19,0.24521957838737596,0,0,0
75.5733703182776,22,0.3537959854689051,0,0,0
10.026689589554639,7,0.6385727377056324,1,1,2
12.348515033506676,8,0.5897554177893252,0,0,1
88.09447252555502,20,0.13677478812133348,0,1,2
86.03318783623916,18,0.8449494735661027,0,0,0
334.26143804912454,19,0.4751889122470154,0,0,0
148.46087242508972,14,0.16236922452639302,0,0,0
193.01743700377048,21,0.12282654257472925,0,0,0
1088.818614761231,9,0.9655517746451302,0,0,1
402.5557647345198,10,0.281535111173546,0,0,1
128.68786887177802,4,0.9085935879163759,0,0,1
94.14252881906334,8,0.4105852987689389,0,0,1
82.7155002826133,10,0.3859214304531903,1,0,3
170.34232063660752,18,0.700928969649432,0,0,0
94.80264183711816,1,0.009883287775461436,0,0,1
47.362915137512374,5,0.3380895216303905,0,0,1
85.33428360064102,22,0.3026457121918089,0,1,2
173.8863433411413,20,0.8680980942840464,0,0,0
217.4028221222997,0,0.5291235390207832,0,0,1
429.8852514332493,2,0.3645701572242519,0,0,1
143.7203296601332,2,0.2660793102997181,0,0,1
316.945746656856,13,0.5905098088106291,1,0,3
114.21899861899456,19,0.15167314054336467,2,0,3
126.81326986010846,21,0.2462047685087816,1,0,3
121.6858907794038,4,0.29361216506474974,1,1,2
156.76091397664163,16,0.607908947606941,0,1,2
244.750955308259,14,0.37325495901647543,0,1,2
91.60222013226903,5,0.5057833001200495,2,0,3
60.96574383901276,13,0.6504382637665866,0,1,2
258.33321239031864,13,0.9562716008076872,0,0,0
245.81966657990844,16,0.7648373971027523,0,0,0
350.59392753029437,7,0.4052567805721077,0,0,1
80.17661079826055,7,0.7482753743972568,0,0,1
111.00302533048668,18,0.9496941809192125,1,0,3
265.0143363435225,8,0.4993805456541248,0,0,1
90.72404922978764,10,0.4104969331228897,0,0,1
211.02385312173382,12,0.07801869900073655,0,0,0
114.61016122312236,12,0.8923703706508622,1,0,3
169.68024755268615,23,0.2464342807936556,0,0,0
46.45590781865987,18,0.06395789681913955,1,0,3
142.3287647155212,20,0.5372034865910831,1,1,2
300.6981857230927,18,0.8458996459615251,1,0,3
230.8182648993847,4,0.40663505562305247,0,0,1
57.38042079240849,15,0.7830674701590162,0,0,0
407.46577065742457,8,0.8363960072839958,0,1,2
288.3711466180757,19,0.4544035588198637,0,0,0
48.605260027484164,21,0.5909550659404736,0,0,0
85.82283391152224,2,0.5339122985389401,0,1,2
51.2739464498828,18,0.9391958616345015,0,0,0
173.15401376132908,4,0.7255056850917613,0,0,1
82.67655914701463,7,0.925342810770113,0,0,1
17.30032041900358,13,0.22000997806197187,1,0,3
126.36971436632291,23,0.31023685183267047,0,0,0
251.34462741847773,2,0.07091347318006769,0,0,1
144.55648881262346,23,0.4999079566958077,0,0,0
197.7085978052155,12,0.8739236793859108,0,1,2
155.0526204269214,10,0.3268466971307157,0,0,1
224.1946591791995,7,0.1282821069493315,0,0,1
165.4307938373792,18,0.06844625492905299,0,0,0
121.05730140020263,9,0.44750027252365454,2,0,3
143.21114970084622,17,0.1640217446287633,1,0,3
359.26725762616866,17,0.3461040288851035,0,0,0
205.6887631038856,6,0.8199798080824369,0,0,1
57.203876514952285,15,0.38404738275752437,1,0,3
141.4966405584232,5,0.6098709182563558,0,0,1
170.91054574413025,15,0.5021600558228149,0,0,0
117.93246805438322,15,0.7185332929700363,0,0,0
17.41831188263143,22,0.15616495898756877,0,0,0
62.75170688745896,23,0.9204410364836187,0,0,0
95.01580125813247,0,0.6436327975500353,0,0,1
438.75397807200505,23,0.27095373158010727,0,0,0
190.09396268738539,18,0.12325370813805903,0,0,0
28.870304355231582,2,0.14972556414619032,0,0,1
123.89455140722151,5,0.7826629268961081,0,1,2
322.4825096779948,3,0.588110053312958,0,0,1
81.68561492984739,3,0.38075829071818335,0,0,1
271.8990795836679,3,0.33290084618688,1,0,3
29.92405511631576,9,0.8557580044005302,0,0,1
2.587846030985582,8,0.874762523781461,0,0,1
299.6811183377775,7,0.5812620384192929,0,0,1
90.99069189121168,18,0.5245440656650363,0,0,0
97.09777083457885,16,0.8164480420765715,0,0,0
153.9830426899494,16,0.7493351797943753,2,0,3
185.31776263142865,0,0.40032518332778844,2,0,3
6.092948635750194,19,0.082738684750857,0,0,0
76.24956263767194,13,0.7685001073627779,0,0,0
139.51844555558094,21,0.16870102894024375,0,0,0
185.016138358036,19,0.016376906478478337,0,0,0
56.570900424836886,10,0.8433026752039908,0,1,2
113.11272219001735,2,0.5782538453367186,0,1,2
81.46738181317089,23,0.8916660355357584,1,0,3
157.85678767008233,7,0.48458808319761804,0,0,1
292.441235562105,21,0.926481100711403,0,0,0
101.5329615326683,9,0.35397174797886377,0,0,1
35.917344756963665,16,0.7245220023342929,0,0,0
72.66458599737628,7,0.3009865092617835,0,0,1
404.76901374446254,21,0.0011636643279784309,0,0,0
62.977746355832224,0,0.37974453454895674,1,0,3
43.726271690649696,19,0.7377655131092388,0,0,0
96.50044515791649,20,0.15002417944651392,0,0,0
123.9190736158826,6,0.504802033207393,0,0,1
85.79554977823375,23,0.212321484850715,1,0,3
30.110411561503877,8,0.0746241214191029,0,0,1
169.38159732390625,11,0.6174519819443163,0,0,1
157.97791739844254,21,0.951967622303403,0,0,0
218.4367490467584,8,0.3107042187179171,0,0,1
155.34042304237138,19,0.5806458003599504,0,0,0
382.85648503782164,23,0.9536033677507945,0,0,0
230.4831198476526,2,0.6504833499946875,0,0,1
198.99537120628258,3,0.6731133023099543,0,0,1
299.7289521325997,9,0.1789285115608359,0,0,1
148.36134195352005,3,0.4926096788528267,2,0,3
115.04556514337074,21,0.36708274708724664,0,0,0
167.98091318709467,8,0.47095685239103,0,0,1
16.292272103581876,21,0.8008265764418772,0,0,0
148.71962600024696,0,0.4606989877460983,0,0,1
123.81367690292922,4,0.06285067825783508,0,0,1
181.5352985099134,8,0.905541661150863,0,0,1
272.4551432557144,4,0.5448158874519706,0,0,1
203.13822999188062,5,0.9244943585302919,2,0,3
72.8403353268948,18,0.5723545120276244,0,0,0
242.6513855710601,7,0.06963631597506059,0,0,1
386.5454674176631,9,0.5528693935257712,0,0,1
277.2874492316471,10,0.5757389324926806,2,1,3
39.407698763566586,12,0.2143398793429756,0,1,2
201.61677464400583,19,0.4710290841043767,0,0,0
45.73895903361696,3,0.45944151187365134,0,0,1
106.17658188667082,10,0.6228761490206036,1,0,3
177.67674551699992,11,0.2596140986739204,0,0,1
161.02828752062945,4,0.5817484179481938,0,0,1
273.61804766118263,9,0.2409520426369428,0,0,1
387.7912222191384,23,0.4464452722039066,0,0,0
190.77132650928408,6,0.12270569933730702,0,0,1
99.66915424377046,20,0.037300547861478184,0,0,0
17.377168199229676,8,0.3205873059917339,0,0,1
321.0898911777445,8,0.2745717506497415,0,0,1
124.32797831584791,9,0.4069359120313467,0,0,1
129.4905735120272,9,0.9619826200003397,1,0,3
137.64712980463503,1,0.5222292947703284,0,1,2
184.51928872548362,3,0.5531767061367565,0,1,2
188.45492187345982,7,0.9416010387873742,0,0,1
107.5576596548624,13,0.9211471375918331,0,0,0
123.35854285056071,16,0.8841119539004179,0,0,0
80.26199049127568,12,0.09799474202971303,1,0,3
72.78973342840604,20,0.6342974105203304,0,0,0
72.47643226224642,23,0.8080989804935118,0,0,0
122.22733463425658,17,0.8355746895770949,1,0,3
60.51317789980185,17,0.5779071425018961,0,0,0
2.0688388100361745,12,0.017495547486169105,0,0,0
98.24746124276285,7,0.9737129016417351,1,0,3
42.016410113158074,11,0.4721967027581214,0,1,2
144.9552031775107,22,0.3935958952735982,0,0,0
79.99113177853572,23,0.39494871367726303,0,1,2
186.17902806149203,20,0.4241508800582665,0,0,0
46.1155821641986,0,0.242180718172753,0,1,2
21.90376544946147,19,0.3273336257498298,0,0,0
123.60097677642848,17,0.9853576097747392,0,0,0
94.821358774308,2,0.3681680002560942,0,0,1
38.318514202932946,11,0.526725016473789,0,0,1
230.61292391938647,18,0.8482942659752185,0,1,2
54.29944349332398,12,0.5274278111088635,0,0,0
69.74201568670361,9,0.3244534216181676,0,0,1
261.5587032578355,14,0.5237509769185301,0,0,0
193.99174027222716,19,0.11408631043909745,0,1,2
48.7436699864407,1,0.13000695523276984,0,0,1
102.0044038691264,18,0.6941075322306689,0,0,0
43.990101774542616,2,0.9174606572597457,0,0,1
248.57080783847653,13,0.7256781334885183,0,0,0
248.4544609035836,6,0.0746132406573572,1,0,3
425.61937324573955,7,0.4028956110310057,1,0,3
535.0677719177675,10,0.0025535882680637334,1,0,3
79.17563952865046,21,0.5112067433256329,0,0,0
221.3183645669394,19,0.19320448488185138,0,0,0
18.082223198430867,5,0.8681466487286567,1,0,3
153.38715311703461,10,0.1043350528690824,1,0,3
182.27658421752292,16,0.0014333986470304039,0,0,0
57.18050198436004,9,0.4511460431137604,2,0,3
74.9233785059609,23,0.15543330392573917,0,0,0
249.62058891026484,16,0.7379863822751617,0,0,0
185.57598581177942,20,0.919934731781395,0,0,0
390.28326605916266,1,0.04193801430256716,0,0,1
360.6378164601583,5,0.3955821119160967,0,0,1
24.98750190311455,4,0.9968149760709497,0,0,1
86.17205654841703,3,0.7326719700006685,0,0,1
51.625210982152,1,0.9531876437058071,0,0,1
227.86596547593814,11,0.16408328521615556,0,0,1
164.83850434220807,2,0.22136855949195355,0,0,1
55.11743246257591,5,0.15481124059682594,1,0,3
63.60124481135698,23,0.30236903377593827,0,0,0
308.5132040784807,13,0.7243840683290519,1,1,2
94.66159831998203,7,0.1649466607581882,0,0,1
14.465262131636107,20,0.5242340378832885,1,0,3
50.4971791657309,20,0.26920991911439807,1,0,3
444.1987667353598,13,0.8291957791369153,0,0,0
266.7935934601274,2,0.006592405338939011,0,0,1
41.185180307885894,15,0.2231149585386668,0,0,0
153.33442499240397,14,0.605240757572182,1,0,3
255.55273590285572,6,0.09671050197384257,0,0,1
24.584628502322964,14,0.4663122159459896,0,0,0
275.29285263659045,12,0.43620729648236967,0,1,2
184.30198021174195,5,0.8525230068217636,0,0,1
71.04263628243987,14,0.6253971931668133,0,0,0
205.84450366677473,16,0.6397020621591026,0,0,0
166.55846674468566,3,0.9518076017891659,1,0,3
175.01882105146728,21,0.9823603753233751,0,0,0
149.22020927848956,21,0.6533947321528386,0,1,2
61.468074008667216,13,0.5220014501520542,0,0,0
72.47320613672744,14,0.6079200584648798,0,0,0
110.22231803746362,11,0.38244370505416037,0,0,1
138.1411334825776,18,0.9874566169600774,0,0,0
214.5409544939523,21,0.7050212594968588,0,0,0
451.0990617232909,9,0.29100679437916466,1,0,3
158.69387896116297,5,0.05776629897206842,0,1,2
211.86792010038312,8,0.04472192915196782,1,0,3
246.6530551665471,1,0.20491298052653917,0,1,2
222.54020645512873,3,0.2329130542531116,1,0,3
59.323628429831075,8,0.4150454939539002,1,0,3
328.0309197872599,14,0.21484601163625383,0,0,0
294.3850740355716,12,0.6309104308617446,0,0,0
147.68992289595397,19,0.21125473081058177,1,0,3
62.66937832167707,7,0.18787653894114598,1,0,3
136.45908372048086,18,0.4712369928003699,0,1,2
28.34509876453163,18,0.8886685993238188,0,0,0
356.6788310162518,15,0.4683054873786342,0,0,0
78.44153777363604,10,0.413848744572167,0,1,2
105.74239620840794,9,0.5780949074597088,0,1,2
340.04928556523316,7,0.2572136787516285,1,0,3
313.48052470263764,0,0.35343655449043443,1,0,3
171.37982090654975,9,0.21383525566713057,0,0,1
392.2242041571582,17,0.5718099946076837,0,0,0
57.58138219125475,2,0.6973875615692153,1,0,3
171.4444651083283,10,0.6736986409905719,1,0,3
58.02989826830988,17,0.2548178179647618,2,1,3
282.402179965977,2,0.779648205747967,0,0,1
275.7355994890303,7,0.25595366524993024,0,0,1
410.4800255637207,13,0.15031155126776297,1,0,3
133.30093998896763,5,0.34980874868719436,0,0,1
485.65587865042437,14,0.597744089170883,0,0,0
53.5908401788791,13,0.142001818804398,0,0,0
127.84319118500626,6,0.6480871121084563,0,0,1
55.4372649114043,9,0.863067996253491,0,0,1
154.63282047405303,14,0.29314051025807053,0,0,0
60.06136036871503,9,0.4502066161151195,1,0,3
282.9230302346212,21,0.22831042562517812,0,0,0
188.67559515286035,16,0.3612617290703949,1,0,3
49.35377179328754,18,0.021970570802507416,0,0,0
239.46264886096355,16,0.9537693962128271,0,0,0
374.1563106772932,11,0.4158902132121951,2,0,3
201.84557054607063,14,0.7888701098180803,0,0,0
36.1699225190955,11,0.14264343735650964,0,0,1
118.53204459724407,8,0.8123550441003988,0,1,2
220.35935556032726,4,0.860147310962201,0,0,1
109.80702811483292,3,0.7154771286876792,0,0,1
52.940453134723874,11,0.9032083249834054,0,0,1
304.9821679386543,15,0.16719712946813636,0,0,0
106.06608360110393,8,0.47648182878862,0,0,1
374.3090181672216,2,0.6201095320161573,0,0,1
86.5626554044515,20,0.5961929706974873,0,0,0
101.13273944018636,2,0.8610409345262982,1,0,3
80.92718135389003,17,0.21569136797288568,0,0,0
116.94813318051034,16,0.1756438325388664,0,1,2
186.4712843199934,9,0.25337859485795144,0,0,1
55.585970413659865,1,0.8915500494128707,0,0,1
46.16803075991611,23,0.9410270826575747,0,0,0
23.962776770657847,10,0.5696301042699973,0,0,1
20.62634361018198,23,0.5013719345705198,0,0,0
36.62088499865162,2,0.6053856080126564,0,0,1
86.06158497508949,22,0.6163076498466941,1,0,3
152.54671074010378,22,0.1703047049434958,0,0,0
179.11923293922897,1,0.6864108816231302,0,0,1
147.33293707644773,8,0.45235110234842557,0,0,1
346.3332453008081,18,0.5173819588480452,1,0,3
420.61827768372376,1,0.030316604335155484,0,0,1
106.47220108895803,18,0.7645566325310303,0,0,0
56.46569286134782,1,0.8354279612678818,1,0,3
505.230637813855,14,0.6194215539345466,0,1,2
297.9631175078061,23,0.7487236352966626,0,0,0
283.2681929517936,20,0.5227060031721019,1,0,3
83.15842746706548,2,0.6183533789785556,0,0,1
243.58867177464975,4,0.3945716984632386,0,0,1
148.2172758745599,10,0.7918742650625126,0,0,1
125.83843941336282,23,0.4682709302644926,0,1,2
125.67030329911829,6,0.6802129044188826,0,1,2
192.66352837973113,5,0.6214293786195046,0,1,2
353.83901200706254,13,0.7023145183857498,1,0,3
532.4113513529069,0,0.7852158751252233,0,0,1
95.77655673655849,16,0.5127134815929951,0,1,2
154.55876027562675,16,0.8130659492556687,0,1,2
123.38297164364931,13,0.497257237271609,0,1,2
183.61952239095808,9,0.9566343228639368,0,1,2
111.65082128026219,7,0.7526717486147942,0,0,1
75.06842815982559,7,0.17114164974606416,0,0,1
95.88606300412638,13,0.8295844713634313,1,0,3
84.20563224103779,6,0.5515876608066341,0,0,1
118.717758007336,5,0.9844609579738653,1,0,3
39.431358575780436,3,0.7188190436735273,1,0,3
85.57739144180312,0,0.08439074657019108,0,0,1
182.32732204309886,14,0.3949604276103488,0,0,0
181.35720238254632,14,0.5172754026732665,0,0,0
161.15660331100187,0,0.8390136031598019,0,0,1
333.5366073397228,19,0.7293455343297727,0,0,0
187.55538167871353,2,0.3693600706116389,1,0,3
326.29914691862734,22,0.653432687502629,0,0,0
532.6674348412108,4,0.5769109078983793,1,0,3
247.84240881164268,4,0.12605260895240689,0,0,1
39.62963221871908,3,0.23485869299860052,0,0,1
165.9072834979799,16,0.34112231271431437,0,0,0
148.4304251558504,20,0.19548340636350292,0,0,0
373.9073209226452,19,0.15013384583002554,1,0,3
122.1451481324918,13,0.05819777013028704,0,0,0
66.27886703555988,7,0.8731025656089301,0,0,1
89.83608128005828,1,0.2889434179648537,1,0,3
41.17514287089805,7,0.2903206039335662,0,1,2
477.61392166075035,0,0.20622813743015544,0,0,1
135.28641590646504,3,0.475397371863883,0,0,1
45.2412181802366,18,0.5142419679223724,0,0,0
396.3371390876197,4,0.20828135862508002,0,0,1
440.95138772873827,4,0.6085703378636506,0,0,1
152.26858035801737,20,0.7229999595937491,0,0,0
37.44398737811134,19,0.37384008596545193,0,1,2
91.68199740710135,23,0.5854516968574387,0,0,0
112.00184124407605,18,0.5023019051644463,0,0,0
138.80371989873214,11,0.19554839835610216,0,0,1
51.053209976331786,19,0.7300109887745778,0,0,0
261.96402714160416,0,0.8014530278240474,1,0,3
12.6695012304467,6,0.6487931155871676,0,0,1
291.48620709463455,16,0.3238960277710513,0,1,2
333.88260472553793,1,0.9267924944093012,0,1,2
99.39029357661789,10,0.4553583879951243,0,0,1
126.8136709788919,6,0.26587848538509784,0,1,2
362.03437155466963,16,0.4082346208219565,0,0,0
214.47151961554354,2,0.6920750919082098,1,1,2
102.33060926390358,21,0.8459317856592492,0,0,0
112.48032460764153,5,0.3565754992828726,0,0,1
193.4447716548502,21,0.2326244460093747,0,0,0
449.68923373494937,10,0.6264931318352048,0,0,1
115.298042998966,17,0.9212151001062855,0,1,2
99.78457084459373,17,0.1832933635594216,0,0,0
138.05866272131058,21,0.8030193822993665,0,1,2
138.69123724549212,9,0.47660718148748416,1,0,3
169.54898672085062,4,0.7995125039620917,0,0,1
127.13158875475787,22,0.5055411497732909,0,0,0
303.3393161456511,22,0.3773277743022193,0,0,0
61.733145519665115,20,0.6967410002096508,0,0,0
183.46547639011203,23,0.9006272945948973,0,0,0
188.70982529651167,21,0.32025173037018106,0,0,0
66.89055845419682,14,0.46074813499437184,0,0,0
182.14292203655225,20,0.2294006266965225,0,0,0
192.2882945682274,19,0.18340946361735078,0,0,0
6.027922629207146,22,0.7778901423921751,0,0,0
56.400077743131604,3,0.20066411668844242,0,0,1
382.2953869671669,20,0.7933181713344499,0,1,2
81.82107681509646,20,0.4292170518402645,0,0,0
45.129487961498725,0,0.9950487234077158,0,0,1
19.521943709854543,14,0.19734141819128925,0,0,0
51.56109076850789,16,0.09297799251282601,0,1,2
122.93374335632963,18,0.0754330696034956,0,0,0
41.93868925733927,13,0.8354180047242007,1,0,3
216.46548961981696,18,0.43777631105834336,1,0,3
65.79811929486763,17,0.003124349647371627,2,0,3
170.50563044746013,1,0.874771362503336,0,0,1
346.34766564026734,5,0.8769210069103045,0,0,1
332.00960943206985,12,0.8064166740187909,0,0,0
168.35866151946317,16,0.2483184830248425,1,0,3
48.3271596178475,5,0.3727527200671731,0,0,1
129.66740386575137,20,0.7449262251954837,0,0,0
172.44258090844608,21,0.48935312540758524,0,0,0
597.297454391386,4,0.1538265767235525,1,0,3
19.282062478314124,6,0.2427982645276724,0,0,1
130.02711663425276,0,0.9725895367515573,0,0,1
211.03270942927153,12,0.1510131174271062,1,0,3
146.45302753659405,18,0.7260807566781885,0,0,0
158.84945443567773,21,0.4780183066595389,0,0,0
69.452185408172,0,0.7486016595521597,0,0,1
258.8287517763213,12,0.6611132411443931,0,1,2
138.74034202603144,10,0.43916719055432596,0,0,1
158.4189932284672,6,0.3539108246830671,0,0,1
277.91177313250904,19,0.7543592543561255,0,0,0
104.90896743329778,2,0.32314120625982645,0,1,2
319.91887156314283,0,0.7877714800885685,0,0,1
40.47486782571191,7,0.679843066332452,0,0,1
165.22006846133567,16,0.5776691702331689,0,0,0
65.60654175072088,12,0.36880088490229734,0,0,0
50.747225830362915,13,0.20508135776637493,0,0,0
446.26347119841876,4,0.7104198012406638,0,0,1
42.71524437095228,23,0.09134922717058092,1,1,2
140.82860851114964,21,0.9705422561557597,1,1,2
39.390925199829844,22,0.9787479146154875,0,1,2
306.70367178824733,23,0.13022261595813867,0,0,0
96.45474841586045,5,0.10393532297230224,0,0,1
276.9121684980786,21,0.4127167270830301,0,0,0
205.96501850332453,5,0.9636832722605021,0,0,1
540.8227357466388,20,0.40031089923111296,1,0,3
31.4719345676576,7,0.36380210843233485,0,0,1
55.952326205245484,12,0.7035850589987712,0,1,2
266.7426528721336,17,0.17873123659522705,0,0,0
171.1505670658325,22,0.36332348357375144,0,0,0
111.19254954550956,3,0.2913074462744878,0,0,1
476.85028716359767,16,0.6015346226306262,0,0,0
133.4038670058649,4,0.16275288621416384,0,0,1
67.91982153084699,2,0.5487012556062363,0,0,1
279.20580991493995,3,0.8575465899368448,0,0,1
136.87863605438685,22,0.5141705467076019,0,0,0
145.16978626282918,4,0.6834966170980852,0,0,1
218.45583903179215,13,0.07524801767793288,0,0,0
224.50812576972962,14,0.449005579247043,0,0,0
55.23612722076646,19,0.09489316743585197,1,0,3
106.08643907156076,16,0.5994616757866569,0,0,0
35.86628875368583,5,0.2810543711738185,1,0,3
173.0280271976825,9,0.28726583099174796,0,0,1
441.06105373086336,21,0.07676673714498072,0,0,0
57.44071372029509,22,0.3102378614407344,0,0,0
29.03830636667901,15,0.5066771771070974,0,0,0
78.078001228209,16,0.5846601031717614,0,0,0
110.41715088812305,13,0.0666655512758233,0,0,0
225.9067342175027,19,0.6514591857160702,0,0,0
101.28619629568847,11,0.4888757607534946,0,0,1
175.32126512786434,8,0.5369080079142348,0,1,2
88.31388046143462,14,0.8327966737677948,1,0,3
115.35256253735399,11,0.34222644530486657,0,0,1
65.88855048820162,13,0.1740511113650347,0,0,0
48.19779270912244,21,0.5518101757069541,0,0,0
231.63318002093405,17,0.9450219175352388,0,0,0
93.57947616107153,19,0.5178696191811312,0,1,2
184.74661307420607,5,0.8319121741195065,0,0,1
64.94716008878261,3,0.757032054461033,0,0,1
134.07609720025653,22,0.5183307870098315,0,1,2
13.08624532724573,11,0.6475547776534225,1,0,3
99.49827626293641,12,0.4066801840966585,1,0,3
71.38795778701434,18,0.5306286890971937,0,0,0
298.3492900004558,21,0.5072857552906347,0,0,0
41.04632865260968,12,0.709110362957773,0,0,0
119.18472723658844,11,0.4099813193562827,1,0,3
171.4608843023527,19,0.09976712262214005,0,1,2
270.42007531270633,2,0.7887095228136228,0,0,1
245.24068474606548,2,0.6848530033282075,0,0,1
126.76329140685291,13,0.9501234554573654,1,0,3
141.00224294567576,17,0.4287161758478628,1,0,3
298.16775094689905,18,0.07820565691109471,0,0,0
124.87253154134685,9,0.12161898636324298,0,0,1
152.6534549914067,16,0.7733195432030779,1,1,2
304.8413006191239,14,0.06775728277860193,1,0,3
589.9278826450193,18,0.9078261449292854,0,0,0
162.5913046960216,8,0.28165011129518536,0,0,1
196.3525876070912,3,0.8988790405793248,0,1,2
240.18319937790383,14,0.7735068488009461,0,0,0
302.87031326222046,18,0.87120103629169,0,0,0
275.0651283760707,15,0.21403969176996573,0,0,0
82.57186238761166,7,0.5956934958135682,0,0,1
170.71941245839156,16,0.09358913207242259,1,0,3
276.3732992145437,20,0.20228076753937596,0,0,0
346.6630089660489,0,0.30990222733726847,0,0,1
119.35458193952614,6,0.7408125915100231,0,0,1
167.69358704022724,20,0.02471437938848331,0,0,0
182.1013361324018,17,0.9031172828721364,0,0,0
137.44904302560388,11,0.0708035137129217,0,0,1
164.51253803548124,15,0.37649019534462713,0,0,0
827.0345235136994,0,0.08108962832858413,0,0,1
115.45761019891506,14,0.7689678431033737,1,0,3
122.6496701622489,6,0.14131497340275678,0,0,1
25.621690630761385,16,0.8847569102624576,0,0,0
20.850879478574665,2,0.5302219865915261,0,0,1
191.5153131627245,10,0.9484728194553961,0,1,2
277.14627635370573,5,0.2903609128081953,0,0,1
243.03007175607775,5,0.45431615187839103,1,0,3
64.78472646531463,14,0.6942469623295779,0,0,0
233.17417975076336,6,0.8319133125709606,0,0,1
121.12043201424498,10,0.42135708774560676,0,0,1
98.60508183692374,16,0.8924325383271642,0,1,2
36.94478063988506,22,0.11798720832439524,0,0,0
72.30412754525386,17,0.7086847188100954,0,1,2
194.7421951802569,21,0.3481989822136604,0,0,0
169.39193469539407,23,0.10133548413259696,0,0,0
151.4545455666519,20,0.38666455680200384,0,0,0
11.194807430170925,18,0.8802156244855679,0,0,0
152.62880983908641,7,0.98053387128864,0,0,1
81.5122774360543,23,0.3927998571004826,0,0,0
170.29344698161776,19,0.8864163878063751,0,0,0
309.096026428622,7,0.5096544162418782,0,0,1
92.19169338052644,20,0.7170150376639415,0,0,0
144.30423602624128,10,0.04537142227382318,0,1,2
474.9842135259754,20,0.5573119719840234,0,0,0
164.07916743067432,2,0.07016193621099043,0,0,1
131.04558095528017,22,0.2686179570937993,0,0,0
65.75865430629494,13,0.5668143258686786,0,0,0
237.71640374834303,8,0.8071637664216805,0,1,2
55.83736741227245,0,0.5608936438039106,0,0,1
318.35253162700576,0,0.9361915411152101,1,0,3
214.4397018871142,11,0.8103325075758355,1,1,2
83.99252350016963,10,0.15624014610510262,0,0,1
67.77825311526517,20,0.38895848562793733,0,1,2
69.25585398720999,0,0.6684854273067788,0,0,1
21.313126774557208,19,0.9384060316092901,0,0,0
188.20405131884624,11,0.9877158687446709,0,1,2
13.327008665374827,16,0.7631864379628072,0,0,0
124.64017677452028,14,0.5737693055793639,0,0,0
118.40307365632157,1,0.7566096897379919,0,0,1
102.35841138042198,17,0.2732364194639477,0,0,0
187.27345305096014,15,0.2836030272596327,1,0,3
84.17244092515926,3,0.6543493461623232,0,0,1
152.92126895878172,7,0.8718355763999104,1,1,2
318.3101181776445,1,0.9698094891763537,0,0,1
203.49692157417837,13,0.34133460083121825,0,0,0
95.1140305866896,14,0.7965536231013203,0,0,0
134.14885236037543,8,0.8515308052874937,1,0,3
102.45240491354394,1,0.6231732430313928,0,0,1
117.07084208226408,16,0.3475918822297629,0,0,0
156.45969997861718,9,0.6190885652738011,0,0,1
35.195553715108325,8,0.5844489043115128,0,0,1
26.942333131886524,1,0.6065255057964909,0,0,1
60.74859758154376,23,0.6192602137877214,0,0,0
193.72483539745988,18,0.847058190871695,0,0,0
213.06361198949838,16,0.17008151326733034,0,0,0
235.8260981693759,10,0.3672939476151681,1,1,2
62.99490207657108,16,0.5860017273507114,0,0,0
143.67721160889587,9,0.2833277386116264,0,0,1
97.57535878209731,17,0.9781531220840393,1,0,3
120.95855150570807,22,0.2631502596023292,0,1,2
96.1496740797165,5,0.4696288806423652,0,0,1
163.1246548968808,15,0.8773650457130683,0,0,0
75.40827888696109,17,0.08006366266022624,0,0,0
294.65119540203705,19,0.8206880020942519,0,0,0
296.43737929837425,17,0.57100836897467,0,1,2
189.42383988354754,0,0.03180204081967042,0,0,1
271.5187260932442,2,0.9029128919667692,0,0,1
33.752393786167005,14,0.03919683545574304,0,0,0
306.3564151714499,19,0.5152177962712928,1,1,2
176.52723090353064,9,0.049031246365681125,0,0,1
79.41802413037462,20,0.07120009847449815,0,0,0
72.64060931141684,4,0.8872043142578919,1,0,3
378.06188842859797,14,0.7658255469624435,1,0,3
238.46884230938943,22,0.19694117324489147,0,0,0
118.4393115154715,13,0.6204679732142538,0,0,0
33.33353456907023,14,0.7946795684312156,0,0,0
316.98093487470754,9,0.8895906413668647,0,0,1
48.55977457924154,23,0.4683069268391463,1,0,3
99.034495970495,8,0.8974998774012042,0,0,1
118.30970684496324,11,0.5078500727175616,0,0,1
71.66662285490648,6,0.6882280421776911,1,0,3
114.15444805957775,4,0.9790293594251391,0,0,1
132.60705307430425,23,0.23595178919452675,0,0,0
112.28193408125924,9,0.16852127608247813,0,0,1
169.1311310786767,7,0.3420188249778702,0,1,2
387.41469599205294,21,0.16439902272030937,0,0,0
35.124230068193,19,0.2841628057048742,1,0,3
150.29957428661868,15,0.742985323370604,0,0,0
49.07717303311176,11,0.4775240359212872,0,0,1
31.571415609629234,8,0.37504129449490187,0,0,1
257.4858756628114,9,0.3687240052757931,0,0,1
160.0383884210226,15,0.1945299749000532,0,0,0
29.417574549788146,9,0.44741145428699525,0,0,1
114.07156194832758,8,0.6246355586881762,1,0,3
60.89974858584487,2,0.13915483451822375,0,0,1
117.28037259677313,18,0.9728128614702146,0,0,0
218.4561014780333,10,0.4432811764267336,1,0,3
203.00520682567256,5,0.9479609167513947,0,0,1
96.71939978649336,5,0.13465892662418522,1,0,3
265.8415469678406,14,0.7672159531726802,0,0,0
335.2376163615523,14,0.6176380505435449,0,0,0
221.00534576779407,12,0.8200641195433708,0,0,0
83.7500504947229,21,0.6006779229552052,0,0,0
120.34679941741304,4,0.9628366332428061,2,0,3
379.304228971711,13,0.6269318309298576,0,0,0
102.7631538243552,20,0.7846041253444681,0,0,0
203.46110879047876,1,0.8775817725333673,0,1,2
70.79760845282823,22,0.7145834712104601,0,0,0
267.12628951848967,11,0.5242366565631603,0,0,1
63.721720353373186,19,0.2728170787634203,0,1,2
124.50538225464766,13,0.8544926133956693,0,0,0
198.35935026089618,18,0.4805782526886784,1,0,3
431.44115160404914,23,0.6207082263350591,0,1,2
157.85890751672207,19,0.07922653788091982,2,0,3
108.00411941634076,14,0.4973513231268498,0,1,2
101.52157572344613,19,0.698157644019845,0,0,0
259.13728765810254,23,0.58407190993377,0,1,2
187.02923338510408,16,0.448554856045705,0,0,0
215.40924250172372,13,0.2234273167496692,2,0,3
361.59958826518096,22,0.30967020009015955,0,1,2
139.63576142938084,17,0.7006243581623011,0,0,0
177.59337348899396,21,0.2241906988393989,0,0,0
100.40167363864893,23,0.6217266153088818,0,0,0
68.40079776367213,4,0.5897376125562032,1,0,3
80.69323566287039,21,0.9704174793868637,0,0,0
7.480717228393257,11,0.06078184248466989,0,0,1
196.92406005314385,9,0.10812260729606149,0,0,1
182.62555512350036,7,0.506083465645757,1,0,3
193.94748270946258,5,0.5271098253536346,0,0,1
64.39705166937696,14,0.03992765880517124,1,1,2
81.90566146420278,11,0.8258554208594521,0,0,1
79.63301957830804,5,0.49472349810289573,0,0,1
285.1384173305386,11,0.34664374664052877,0,1,2
153.52787358057674,14,0.31885377061487585,0,0,0
138.49098603544272,11,0.8614071815541813,0,0,1
229.54486535692726,8,0.19673286642818033,0,0,1
79.86460882831048,18,0.16041770543260925,0,0,0
174.4617175753386,20,0.21317852922328318,1,0,3
468.55701194444924,1,0.6250225476519636,1,1,2
315.98512647400605,12,0.8109308556284092,0,0,0
172.5470112362277,12,0.33097869378817957,0,1,2
142.48936861991677,7,0.1734619981148129,0,1,2
192.7495746810992,12,0.20919416762862053,0,0,0
345.6268960284341,3,0.619183778517851,0,0,1
329.3728795260065,5,0.2460352262142299,1,0,3
384.68665565355457,5,0.8772802313513668,0,0,1
160.0240752965861,20,0.10389135441431396,0,0,0
13.182709598167953,11,0.0323685340055202,0,1,2
446.9752145430757,11,0.08837824596090393,0,0,1
68.26545701228754,16,0.8456431203863204,1,0,3
226.92307209650866,6,0.651229519665661,0,0,1
13.562048041793224,14,0.9577446331172503,0,0,0
136.29406814397456,23,0.3362965412697576,0,0,0
102.91345384625636,16,0.21267812800969943,0,1,2
385.2653975534529,9,0.5619752393137492,0,0,1
174.15699752703057,22,0.5378282791267486,0,0,0
135.20277750422878,19,0.5910239881953218,0,0,0
188.34547811260737,5,0.3475338626603488,0,0,1
3.662606454774923,8,0.0058969400367867575,0,0,1
78.28569006701785,14,0.03503165294061683,2,0,3
88.99509081069816,15,0.6638264614225129,1,0,3
210.02214591325998,20,0.5232580481554814,0,0,0
55.28266906726999,7,0.8210112596512735,0,0,1
154.92354937981284,15,0.30040985878679693,1,0,3
125.33286943013076,4,0.8154722372311751,0,0,1
82.01946929180401,17,0.4254914134515433,1,0,3
86.69465762130812,19,0.09669838554633725,0,0,0
124.44067498136195,13,0.9779115625906942,0,0,0
18.949224270012223,1,0.5119359291455199,0,0,1
231.74005096200608,22,0.6294785139623463,0,1,2
67.83399434209416,22,0.6707971864895679,0,1,2
108.2609407757431,2,0.36241225222688067,0,0,1
375.94660596297535,13,0.7475283198621373,0,0,0
234.51890208937854,6,0.8702664653510171,0,1,2
46.27907296653358,14,0.3871869764138588,0,1,2
2.536549606098464,16,0.6570008866315482,1,0,3
194.16662988506113,0,0.7571238239772095,1,0,3
111.7390792533066,8,0.19012589768908128,0,0,1
155.61847466963053,21,0.33259608439596744,0,0,0
229.10580956068142,13,0.10879584638095485,0,0,0
254.6803390492391,15,0.6022084642482034,0,1,2
94.89268891434824,20,0.8009376958208562,0,0,0
122.84457988173276,12,0.6108386565849336,0,0,0
178.21862495691067,5,0.17978383097704398,1,0,3
186.74310680161798,21,0.5463684910261374,1,0,3
154.48590135309485,0,0.8349341485264097,0,0,1
348.5370110684944,20,0.3027247960782191,0,0,0
185.2427885747697,3,0.8326515022526404,1,0,3
226.74656638869777,2,0.784623283769988,0,0,1
164.30572685521014,16,0.02174080783667487,0,0,0
54.89859929677657,1,0.23945481408550195,0,0,1
78.0689476983552,18,0.5429424057977258,0,0,0
44.36377031211236,19,0.7176173700192593,0,0,0
274.49938027790165,22,0.8805305256528292,2,0,3
29.233772746022648,21,0.6410423182678943,0,0,0
118.92059864714605,7,0.3803441712495391,0,0,1
99.23701925547384,14,0.18462720673731536,0,0,0
97.11230393585984,5,0.7600358554624315,0,1,2
104.19435963300081,22,0.20678155932412012,0,0,0
392.7081962976092,19,0.6954305214682498,0,0,0
17.31658949053237,1,0.1812116173712074,0,0,1
319.76780615656213,14,0.09105385030946445,1,0,3
111.48170368982873,19,0.2511002237065345,0,0,0
243.27220789876353,11,0.28492980552511427,0,0,1
141.74618224893524,2,0.64720913449491,0,1,2
49.0107854585432,9,0.1608833677420589,0,0,1
340.4297896971676,13,0.9303069129868882,0,0,0
305.83485964200514,21,0.5543616863422735,0,0,0
52.62940227837288,13,0.49093173081646546,0,0,0
204.77626859353637,2,0.4346945143083677,0,0,1
81.21750675949181,0,0.566601346950191,0,1,2
30.65943169811665,19,0.022446967161782294,0,0,0
67.98676598534469,0,0.9900863745790824,0,0,1
327.2091041737116,1,0.557524376194266,0,0,1
247.39831898736787,18,0.03519500214017779,0,0,0
105.19439410275936,23,0.5899776046995998,0,0,0
328.2456471285888,9,0.4370787582896788,0,0,1
290.17295807691886,3,0.02403769666640887,1,1,2
68.08341857287152,3,0.924428752157473,0,0,1
382.3945658147221,12,0.01056687207381335,0,0,1
98.42842624022364,8,0.5778716768778214,0,1,2
109.80544276674864,6,0.961790747626224,0,0,1
17.89585143739156,15,0.237604496983026,0,0,0
79.90719330258446,17,0.25417907424359665,0,0,0
119.64875734236317,2,0.0004231285601523638,0,0,1
167.7012869523156,19,0.0663511719879809,0,1,2
49.17531422490663,19,0.044888411577088116,1,0,3
70.90392539554884,9,0.8226562836884255,0,0,1
387.9598353184132,23,0.836737569944919,0,1,2
277.24615767693183,21,0.7267000841845227,0,0,0
312.5550536597483,15,0.3527450125170921,0,0,0
127.64088214473354,2,0.8212544498888422,0,0,1
171.37176857055366,10,0.539774520242882,0,0,1
208.00955320873362,9,0.30431027647992326,1,0,3
384.2148863238897,15,0.4372767691143904,0,0,0
29.9406594573205,7,0.06576776983457566,0,1,2
86.92041282905765,8,0.9449086867499137,0,0,1
160.09969184259432,14,0.6191164173518401,1,0,3
142.42602654140114,20,0.7312341449305728,0,0,0
70.11223340775948,2,0.6765833704198766,0,0,1
195.44193142671216,3,0.6677499845209807,0,0,1
89.85472611380987,12,0.01726098549724009,0,0,0
134.66266342940887,11,0.5253712797848467,0,0,1
189.2827749063051,20,0.8217102286255341,0,0,0
93.44509422509677,8,0.04451885141159995,0,1,2
233.27055458166697,13,0.9561656838882706,0,0,0
263.3534619036929,18,0.42415968300598916,0,0,0
72.49023477493294,6,0.2898954920513712,0,0,1
89.3188813762531,15,0.5318213616419428,2,0,3
56.36624140861768,21,0.8012141878430362,0,1,2
132.37631371041925,19,0.4747550617686376,0,0,0
167.61759415699797,4,0.6451056765863918,1,1,2
100.96353029652127,9,0.49991438786685993,0,0,1
164.19663159162218,17,0.6312722566411592,0,0,0
87.35358246699427,10,0.13803091519663657,0,0,1
89.74776565619365,6,0.038663386178099945,1,1,2
174.01238986094046,13,0.13690140569739273,0,0,0
94.76719382191823,19,0.28583814466392876,1,0,3
126.9196930483626,17,0.2533560624481068,0,0,0
178.5310821433313,10,0.6151753496606469,0,0,1
162.44699904800794,21,0.45588942413424094,0,0,0
88.39660928024843,11,0.03881198102684702,0,1,2
281.8028236217861,17,0.034865906317025575,0,0,0
201.45206030906482,1,0.09058800212066576,0,0,1
160.11451245183252,22,0.353081157400866,0,0,0
49.4579485990413,0,0.00618295096372945,0,0,1
145.07828626636493,22,0.4939872654301404,1,0,3
78.544452663471,9,0.3606696643093027,0,1,2
191.14613685226777,20,0.5554413024408263,1,0,3
2.4238269045557925,0,0.7208252280828008,0,0,1
108.57220372919107,5,0.2509728154798544,0,0,1
85.12638650828139,6,0.1570836476289097,0,0,1
233.87469235578067,16,0.27805355596338754,0,0,0
18.73922349907534,8,0.0017631819519055014,0,0,1
138.0870748591982,6,0.12001295552578073,1,0,3
199.71060125072157,16,0.7508303636863344,0,0,0
431.69971193801814,2,0.22280684240028514,0,0,1
89.50941816892217,15,0.9942996338040386,0,0,0
169.72895763246976,4,0.16783152136480917,0,0,1
20.331023035735086,19,0.7887717155654934,0,0,0
132.7598927298951,17,0.7050444718255345,0,0,0
295.8434085860528,0,0.32213214281630764,0,0,1
434.45650099723173,3,0.33073914356596523,1,0,3
181.54743226389576,22,0.5635515809671046,0,0,0
28.001124444061265,10,0.8523740974825584,0,0,1
328.05541429216424,19,0.3861869441194644,0,1,2
28.28844301933941,8,0.06117988091840654,0,0,1
44.85018541385905,7,0.37441917690229676,0,0,1
346.79166250359094,7,0.20731267324274139,1,0,3
125.41580773270294,4,0.9392070170650174,1,0,3
81.2176877468764,11,0.6972743463759475,0,0,1
219.2941695826953,0,0.050832664213348644,0,0,1
151.03160918337497,14,0.29298853726260643,0,0,0
278.0846108810266,17,0.05021596492080693,0,0,0
156.2960361409974,5,0.830016670374786,0,0,1
158.9726672154972,9,0.9062964019071609,0,0,1
271.4118430528318,13,0.11227960583907437,0,0,0
124.08447232570572,20,0.44029004600869615,0,0,0
61.05597698263043,7,0.9318832818364259,1,0,3
228.16426965167818,2,0.14521168671467055,0,0,1
105.41358092865568,21,0.2919035906563149,0,0,0
165.69011114737992,21,0.30427465017265587,2,0,3
15.188261779359898,18,0.030058312201998505,1,0,3
120.14663213408257,11,0.03627323468999066,0,0,1
86.22740992244331,11,0.9527928270829129,0,1,2
14.559655830142335,14,0.571092608986254,0,0,0
123.14426217408186,6,0.30664832142861786,0,0,1
126.42060534054349,3,0.3786746607065845,0,0,1
174.56737758531682,20,0.7148429288450242,0,0,0
292.4947595558137,8,0.36651720355462036,0,0,1
261.2010420305905,21,0.22776040309328827,0,0,0
91.43396083977878,15,0.1018373415997994,0,0,0
153.44533534716751,12,0.7289330117180371,0,0,0
193.06234169262578,3,0.18056501667522473,0,0,1
93.64607013423493,23,0.06964826992629758,0,0,0
31.290342074741968,8,0.426954445496477,1,0,3
112.94094245628344,20,0.03957096181135378,0,0,0
300.8071892833089,17,0.9649980583428868,0,0,0
29.626707988720803,14,0.6272929675748398,0,0,0
55.302101179386646,14,0.1526968104465608,0,0,0
67.08856874330698,5,0.17245408644846083,0,0,1
55.90932477056029,10,0.5698284802728454,0,0,1
219.97685331714277,7,0.3565657573377936,0,0,1
78.27552112434856,20,0.7742667441877137,0,0,0
224.11630316606067,16,0.5458064856189166,0,0,0
137.96736264650374,23,0.4333338755249413,0,0,0
22.0939474210201,16,0.9629802480652716,0,0,0
95.3703123192089,23,0.390729056209689,0,1,2
266.5444822599969,17,0.40061092379734353,0,0,0
149.93432149667774,3,0.665772421060789,0,0,1
101.5073114158136,14,0.8094785841221682,0,0,0
303.24313969364863,1,0.6262149908585453,0,0,1
50.18282451898347,1,0.6986102220544285,0,0,1
80.7996428505646,9,0.37293156856661114,0,0,1
249.64168851251827,2,0.4794968364782597,1,0,3
216.81025432627115,7,0.1970350864679633,0,0,1
46.14970561454256,19,0.6802464906985235,0,0,0
188.39852482512,6,0.22145194042670946,0,0,1
77.15512573369487,11,0.001256795393811183,0,0,1
13.599888584800832,18,0.9337621198067512,1,0,3
103.16979777551751,14,0.3060152412145538,0,0,0
452.759538599799,13,0.1966320424660023,0,0,0
269.7011480430897,15,0.2681467309657759,0,0,0
128.5005038037138,13,0.33044769761864756,0,0,0
27.590979296336794,2,0.4745464264481737,1,0,3
14.222014067071262,17,0.06935167101859663,0,1,2
138.2988336320153,21,0.05267315620545088,0,1,2
179.5888495889547,5,0.2929107655380726,0,0,1
221.77631477702926,16,0.2957661311970958,0,0,0
204.2201485085315,22,0.11764622781423506,1,0,3
216.6472048552663,13,0.40479159432053424,0,0,0
163.98931976475774,13,0.2840286682027823,0,0,0
298.83464522029277,19,0.026055552795070103,0,0,0
86.08077354769387,12,0.8857207804211108,0,0,0
136.70839911167494,2,0.8860190180435904,0,0,1
22.202734471993892,12,0.20918225291347403,1,0,3
84.51569357838865,23,0.16287222816434788,0,0,0
264.66784713990586,1,0.5472927643469817,1,0,3
211.79995053436295,8,0.6307535029814308,0,0,1
7.7664958948208715,12,0.9575425574470728,1,0,3
474.9826748313168,7,0.37734845663981254,0,0,1
150.22871676120707,15,0.6182003428645584,0,0,0
152.37050229014105,23,0.8781810458043096,0,0,0
79.9199722665236,2,0.44995378578085,0,0,1
95.77949174706504,12,0.12234575115732604,0,0,0
148.9695319321738,3,0.3774472858299742,0,0,1
203.37833294350932,17,0.1365669267033004,0,0,0
169.7145957561486,1,0.016639464201950283,0,0,1
85.53459968860969,19,0.7515530563490262,0,0,0
60.26775535312979,21,0.23842370049535555,0,0,0
56.48536523078219,20,0.002007045838974042,0,1,2
278.87988936869834,14,0.872432357535145,0,1,2
256.33007357113956,16,0.4437888384909059,0,0,0
190.26002491987728,9,0.2388598796332252,0,0,1
277.5095089884642,0,0.26278997235541923,1,0,3
120.81870288260271,5,0.24053789330505027,0,0,1
241.31854768711835,2,0.194556161189272,1,0,3
197.363535232532,18,0.8412262245742964,0,0,0
245.83867016975717,6,0.17033163436986953,0,0,1
51.17117380643373,12,0.5618546838793986,0,0,0
162.27222567889805,12,0.07732024467218734,0,0,0
100.28118128576335,16,0.9495213761786002,0,1,2
10.3970211957722,0,0.6033139044459218,0,0,1
309.5595513919051,13,0.9031525112022932,2,0,3
256.82238815644655,2,0.3978777794754952,0,0,1
172.89170976445968,13,0.8106720567624114,0,0,0
63.76070584633902,23,0.8536544794493112,0,1,2
21.007668358172573,0,0.7029492911786699,1,0,3
10.17021515266765,15,0.09294746645370633,1,1,2
83.97969937758964,9,0.01608008640590597,1,0,3
218.8878952462447,12,0.1685596720562218,0,0,0
101.15929888696193,3,0.11809675696667843,0,0,1
191.94549904016313,8,0.7251376641998437,2,1,3
198.83974383169357,13,0.5570068206893427,0,0,0
216.64861059085143,3,0.5259508645456058,1,0,3
16.659927825015455,9,0.25286730032814053,0,0,1
69.14565461371102,7,0.15460753673704164,0,0,1
189.40249891034364,22,0.2065479697688959,0,1,2
355.3451569155593,2,0.40027700741448013,1,0,3
290.8050786505514,22,0.7401432067609529,0,0,0
166.36908196486286,6,0.25451661653646995,0,0,1
311.7827750905938,9,0.6986130012587202,0,0,1
165.43131141415694,2,0.4915118204048434,0,0,1
28.713867429317553,1,0.885440848510793,1,0,3
214.06409517964633,14,0.2329145608890334,2,0,3
297.61869484823256,8,0.4508566826176089,0,0,1
430.0550706020109,14,0.09666476716567107,0,0,0
81.95283635538411,16,0.33515314262232065,0,0,0
46.01117923804975,6,0.506880444032203,0,0,1
241.80928623842465,19,0.7327402143357924,0,1,2
181.29064632383674,17,0.19807712005863176,0,0,0
169.57456351302062,14,0.21809212840646586,0,0,0
314.7333501579782,17,0.6315778405210494,0,0,0
241.15304784943433,23,0.3824577834543116,0,0,0
193.78420807038987,22,0.48209486723234785,0,1,2
91.15022426482327,11,0.8361348687787407,0,0,1
227.72862706636002,22,0.49908330106452514,0,0,0
44.10192443608776,20,0.6524993806091711,0,0,0
165.08277713255842,7,0.6567750416599722,1,0,3
129.8601526783676,1,0.8036119429560182,0,0,1
27.138950787524475,1,0.6381394884910242,0,0,1
181.67357980571794,4,0.06480982565386251,0,0,1
82.10939369810802,0,0.34217298268684015,0,1,2
178.48367678973406,21,0.98931618350921,0,0,0
56.872553475112454,3,0.19651028880791876,0,0,1
242.82798044836494,5,0.5867290784146886,0,0,1
392.4328983273393,22,0.8429406398772615,0,0,0
44.11840203176594,12,0.586558560747354,0,0,0
56.801799670674164,18,0.37227025812667724,0,1,2
36.749281546981166,10,0.08022856271770573,1,0,3
112.42400189047424,12,0.36166490253609496,0,0,0
176.4821263335117,7,0.18206751157428958,0,0,1
218.11395850854757,6,0.96086281628198,0,0,1
162.69054541310902,12,0.7150318415582864,0,1,2
213.45736564689457,0,0.7493831543598622,0,0,1
126.28022451319691,5,0.4359692660003781,0,0,1
81.27560256994896,6,0.10996482813170616,0,0,1
58.16816646721739,15,0.266716486167321,0,0,0
115.78925545357242,14,0.25971110406633013,0,0,0
59.53232924871127,19,0.48677935080154366,0,0,0
172.64270968084475,1,0.46097978669335715,0,0,1
60.4407555192425,22,0.4334082173718403,0,0,0
89.03993911361576,15,0.495977466692741,0,0,0
277.9142996499919,16,0.987023081981475,0,0,0
296.12733425838803,23,0.29835363065288334,0,0,0
289.8717766221514,14,0.6152691603435876,0,0,0
127.92335154492153,2,0.23950774404030484,0,0,1
84.1397732712842,3,0.46660626592618204,0,0,1
192.03617997681,11,0.2000492331463749,0,0,1
61.628124773120845,4,0.5581922352997577,0,0,1
225.65336524086172,16,0.2650117864836675,0,0,0
77.72918280510845,5,0.03678891671883078,1,0,3
111.9822599885249,9,0.81527109147282,0,0,1
229.15984896551907,21,0.1282551121204175,0,0,0
19.827533548669734,17,0.3680387991169056,0,0,0
80.64200817823746,9,0.4771776091112029,1,0,3
175.33995567844914,5,0.43248000042192736,0,0,1
203.24352433074012,23,0.725665763690009,0,0,0
180.38828529537034,5,0.5967765959309443,0,1,2
110.86408056126606,19,0.29537118270748597,0,0,0
245.31960524398517,14,0.05170299984067017,0,0,0
56.3714538172045,3,0.7675951182531763,0,0,1
54.10762837418201,15,0.3525271266784217,0,0,0
174.0973101700482,21,0.8897247409999692,0,0,0
50.53291542327821,23,0.3950567736032504,0,0,0
401.336739833049,7,0.7176586061377073,0,0,1
82.65485218024294,6,0.9395647032346792,1,0,3
242.1764526028267,18,0.6511524506354798,0,0,0
42.41187949590036,16,0.4134889133975048,0,0,0
346.5655637884071,20,0.5673992687859428,0,0,0
134.80000834861661,12,0.5434451885418926,1,0,3
80.73483656644216,14,0.5848200366533628,0,0,0
104.7594368779621,1,0.1468199856413458,0,0,1
69.94856223069701,9,0.69850988240131,0,0,1
111.73693706931267,12,0.14504327166918718,0,0,0
44.97506223282274,17,0.014616884317613987,0,0,0
82.9740715347954,22,0.6247801006840635,0,0,0
238.9846446772538,10,0.1169135721755914,0,0,1
156.15847740521716,12,0.7704116367112732,0,1,2
55.30903648094126,18,0.8659659535008205,0,0,0
114.81960117999365,23,0.9447367902839263,0,1,2
298.41604396430915,23,0.6644769629063916,0,1,2
91.2715390263068,21,0.48201489289230415,0,0,0
50.01270908402958,4,0.3522810807057991,1,0,3
198.0186321041582,2,0.4909250939863308,1,0,3
11.303951300336674,18,0.1903522283603135,0,0,0
106.67377281917739,22,0.34842264778909304,0,0,0
316.1006838098364,12,0.7179305248344978,0,0,0
112.24961528341771,4,0.21742297113421316,0,0,1
255.4829360113547,11,0.264067135673665,0,0,1
49.35494525736307,13,0.7493282557078487,0,0,0
108.81235583367784,5,0.1778359358272208,0,0,1
100.76752692505545,21,0.24588758647337772,0,1,2
190.515310306113,8,0.017547562822650353,0,0,1
140.46310315352974,16,0.7200515995351068,0,0,0
344.5831931620921,7,0.6179035655664339,0,0,1
87.10755971865572,12,0.6943854525115413,0,0,0
139.18655715101102,4,0.21432776195331316,1,0,3
103.84158508524698,21,0.6873763907278714,1,0,3
131.62517146240296,21,0.5963766176932567,0,0,0
122.70030246680888,16,0.3661229792220033,0,0,0
61.08298188957839,2,0.4378258116344047,2,0,3
229.98375457601674,5,0.5679205032734082,0,0,1
75.61514503212604,13,0.4932921760875567,0,0,0
71.05535061591009,14,0.6418280659693711,0,0,0
28.95853049210677,13,0.18097957760599515,0,0,0
85.03014598552001,10,0.5407099549161969,1,0,3
74.76626730000082,10,0.4502794828645408,1,0,3
14.66514015853159,8,0.46102049401399825,0,0,1
111.35915850579963,5,0.4693820505825953,1,0,3
334.3923151151802,14,0.8814719638223172,0,0,0
35.0176587498127,11,0.8186274411366156,0,0,1
129.79669879109463,5,0.6295699611705368,0,0,1
109.26939223312795,0,0.7164869356023688,0,0,1
209.0849141804682,15,0.042802636068106636,0,0,0
219.97861495192603,19,0.7439917193796687,0,0,0
502.692682843203,14,0.4861646884536487,0,0,0
160.39779893382132,1,0.3177475645481276,0,0,1
66.4531272230221,16,0.13977696593814293,0,0,0
83.0356831789645,2,0.0752087903519918,0,0,1
90.33945747060054,2,0.044885685496723116,0,1,2
77.43554392312791,4,0.16179617489024078,0,0,1
389.88773624847784,16,0.030143794797741652,0,0,0
212.6870027577288,22,0.732642242442521,0,0,0
189.33932859346737,16,0.2486141190217397,0,0,0
51.35317860513395,19,0.36874042693200915,0,0,0
218.44339115717565,5,0.8227162138158829,0,0,1
283.2566963155481,0,0.11465749652459067,0,0,1
110.84294367271835,6,0.8355940302362127,0,0,1
82.22166971045456,14,0.6395403505502881,2,0,3
350.2721385417781,6,0.34202951460460307,0,0,1
73.35208806045594,18,0.11780721306768427,1,0,3
66.85276241359746,19,0.09149269734091248,0,0,0
57.31292419213826,21,0.3355143460793206,0,0,0
124.97171089904415,10,0.14034197271804583,1,0,3
160.0485375257748,22,0.2677102964752748,0,0,0
257.6926055582587,13,0.05295580045132453,0,0,0
195.4900779781941,12,0.5950084216966989,1,0,3
193.26718354503694,19,0.1452761169538045,0,0,0
312.6785897490867,8,0.756732313125627,0,0,1
54.83178649062128,8,0.2181749762779721,0,0,1
32.84194026067701,15,0.7979765793381859,0,0,0
202.29420173288477,11,0.18988198622586772,0,0,1
120.4819749840762,9,0.7213665637012986,0,0,1
258.32818500785186,5,0.3330746796251973,0,0,1
129.37187786062384,17,0.5831199948890083,0,0,0
79.85549019109311,1,0.03866181432173843,0,0,1
204.36951428491372,19,0.49524443435425747,0,0,0
141.9051298496627,8,0.14868789470206323,0,0,1
129.45791808900483,18,0.48632022724902646,0,0,0
563.3871038634126,5,0.1413591308861497,0,0,1
296.85374947334117,1,0.43708912013937085,0,0,1
222.78611167905132,14,0.11062082023228836,0,0,0
145.21641592630957,16,0.21995151773429578,0,0,0
136.05810156999283,15,0.5950789355038547,0,0,0
104.37450981059837,20,0.9766606372101422,0,1,2
156.28827141000238,7,0.44918476839197197,1,0,3
88.97913929395827,9,0.6871736926095025,0,1,2
44.37711402966386,9,0.5394246710443752,0,0,1
128.24779579784567,17,0.49835793429443775,0,0,0
165.69611667405917,9,0.06470419683985118,0,0,1
258.74097953491435,8,0.14429740227527943,0,0,1
67.19588552815638,23,0.8830577292325673,1,0,3
136.87660602943293,18,0.4101643150418033,0,0,0
194.4221256687875,0,0.614332476584791,0,0,1
191.37485269720787,3,0.5282332327149584,0,1,2
377.1436283228897,23,0.3788823795512348,0,0,0
106.0031757036142,2,0.3878165426109311,0,0,1
62.26082989789806,9,0.5554650059086728,0,0,1
143.69272635467144,11,0.14114180147574362,0,0,1
110.4220197915833,17,0.38725904025443403,0,0,0
95.57061912557228,22,0.4469755694027391,0,0,0
85.3786567162655,19,0.9851262236761242,1,0,3
166.17697547118036,5,0.3514547692857177,0,1,2
75.74023366131993,20,0.6445788958808689,0,0,0
222.65184928798814,1,0.13741549982646817,0,0,1
215.46803825817324,9,0.06548138183021912,0,0,1
177.0800132529305,1,0.8715420140012303,0,0,1
54.742592906281935,8,0.7307349024056865,0,0,1
160.80287438173596,9,0.317499287594569,0,0,1
270.4127312312946,1,0.504578002897229,0,0,1
233.70321189300307,7,0.13574418445183856,0,0,1
211.74111563541226,23,0.7071602939808602,0,0,0
135.345052527724,16,0.07033059208743897,0,0,0
130.84620382622592,16,0.7570330569412019,1,0,3
300.06929266655266,3,0.5468365102699866,0,1,2
164.28388741985341,17,0.27885053008676475,0,0,0
165.7697026806992,11,0.8625743540614568,0,0,1
668.3267980010281,16,0.9860718703388544,0,0,0
104.19510415972968,8,0.254349101197638,1,0,3
13.002364942190335,18,0.8062461495859325,1,0,3
116.51081980103812,13,0.7501663163764574,0,0,0
121.84028802615435,13,0.7471901211056694,0,0,0
162.5315403948878,16,0.9572356114840272,0,1,2
190.11339159009316,1,0.48661709230199235,1,0,3
16.336311423284705,7,0.6741680405566547,1,1,2
192.85249233493548,4,0.8238773636258041,0,1,2
127.49297765339072,6,0.4795364450430264,0,0,1
107.9962912921913,21,0.4814312028120059,0,0,0
27.0983021007207,15,0.31865475406735133,0,0,0
341.7436296485561,15,0.7808257128271341,0,0,0
94.53629147660585,16,0.6861957796855566,1,0,3
213.69604430613296,21,0.45113989950104993,0,0,0
66.34486927631754,6,0.4193366573987367,0,0,1
167.66145289472882,19,0.07258964316911865,0,0,0
109.34750480334641,7,0.006501146828415516,0,1,2
209.22332396608056,7,0.5288939665318434,1,1,2
106.49912791995047,22,0.4174928523515995,0,0,0
63.67554026731025,10,0.7960367599017643,0,1,2
131.88249278598886,14,0.5426540563071215,1,0,3
126.96714977755173,17,0.9367060433822255,1,0,3
159.83265715267544,5,0.19614079886099856,0,0,1
253.2637372159657,21,0.9901503403850398,0,0,0
51.598738570654135,11,0.29791919431210634,0,0,1
244.6917985573978,14,0.6424239735733059,0,0,0
44.507544299424715,22,0.5018537136166513,0,0,0
203.72839489730015,5,0.3595764012492494,0,0,1
208.12800657656862,17,0.1393091832654466,1,1,2
90.56428810740996,23,0.13483415145221167,1,1,2
69.31846174567764,19,0.7115058273781953,0,0,0
66.18749862347977,8,0.37764138297631134,1,0,3
141.30486117022133,7,0.9612979741329427,0,0,1
217.41455559997598,13,0.32564848650633804,0,0,0
119.23245599317183,18,0.9835237217479629,1,0,3
11.172123016699329,18,0.20542325659526273,0,0,0
85.78516966981059,7,0.10281438623105355,0,1,2
83.3172582332958,1,0.31256973352295714,0,0,1
189.22197843552357,3,0.885584789428589,1,0,3
196.04084779401683,5,0.5218519444952847,0,0,1
149.3078848603828,2,0.13565010593720805,0,0,1
244.99754478360597,2,0.20249904960409504,0,0,1
257.29329259125416,18,0.31126066214956327,0,0,0
89.98301787187081,10,0.5901667378127078,0,0,1
64.91786094252447,9,0.3323789398776207,0,0,1
125.64986726462811,11,0.7470540820893272,0,0,1
149.09175936708453,13,0.6162935561852966,0,0,0
86.3510256190007,17,0.8738237373533401,0,0,0
770.418962645005,23,0.5009618263593643,0,0,0
328.91127543780146,8,0.3311764141010678,0,1,2
79.88078202037435,14,0.9962715678032041,0,0,0
53.60657833198873,23,0.35563332180735574,0,0,0
74.6154027076329,2,0.42860263978051205,1,0,3
260.3489255860719,22,0.8091272253580883,0,0,0
264.55935704877595,10,0.08863623389309261,0,0,1
331.51993306520205,9,0.38649010605851464,0,0,1
63.252839614525925,17,0.08571009343828395,0,0,0
188.70135357967288,3,0.1393058666727579,0,0,1
68.45354732756834,12,0.0046408254980069286,0,0,0
378.214976952573,5,0.009544292582375213,0,0,1
65.1761794271946,20,0.380287889502852,0,0,0
42.89007160625964,12,0.8091638049477762,0,0,0
50.85659646048916,19,0.5870043605916931,0,0,0
132.31914821831185,4,0.6349140441376434,0,0,1
215.32110171646758,19,0.5192492375848865,0,0,0
205.91942686865207,13,0.8197931441705587,0,0,0
52.88276487561683,12,0.8803787251861742,0,0,0
98.37843785547759,13,0.8497407281453753,0,0,0
88.34529762843773,7,0.812132105803039,0,0,1
46.159881734126216,15,0.1827130735632838,0,0,0
86.65125158435039,12,0.5938762253652211,1,0,3
322.38564824888357,23,0.5821631960983702,0,0,0
40.388259288623416,14,0.527944003747641,2,0,3
156.3796523219632,18,0.48081278929676596,0,1,2
327.21684547290624,0,0.08917047718638349,0,1,2
316.37096027027843,21,0.10216323390622195,1,0,3
389.54589505439117,1,0.9022815704406234,0,0,1
167.40860487876176,17,0.6301864391211986,1,0,3
185.08314460085626,18,0.2623172144980064,0,0,0
87.9766968964918,7,0.27930038921345623,0,0,1
39.52605297969649,2,0.6101948316486301,0,0,1
119.07815141965023,22,0.4069349746356621,0,0,0
281.6747515076906,13,0.4413241709850946,0,0,0
10.916169522364353,8,0.06064999053341902,0,0,1
91.26288816656724,7,0.13873918710974475,1,0,3
197.69670577471544,16,0.3933504265636626,0,0,0
133.65869346014793,22,0.6996864199347684,0,0,0
304.9803383518447,22,0.04802538759991315,0,1,2
262.7534317063462,23,0.3345577928310832,0,0,0
34.707886000397934,15,0.6950719519345159,0,0,0
142.07251507350563,9,0.7920507904502913,0,0,1
71.38150201740973,20,0.19022070409531333,0,1,2
70.59456514835799,9,0.7314871318934572,0,0,1
37.53773232741515,23,0.9554116940790295,1,0,3
159.71213133881594,5,0.9068121500964483,0,1,2
309.14852631432086,21,0.7893760773775089,0,0,0
170.01987629515267,16,0.7123266860413382,1,0,3
35.16342663011207,15,0.23513830801977031,0,0,0
128.08254390561547,14,0.6339032270481123,2,0,3
192.33385448846644,21,0.6432739938102959,0,0,0
120.99580657394134,13,0.4068213320926879,1,0,3
167.86630293277608,3,0.4930154617009376,0,0,1
76.4319172806315,3,0.6940284881747067,0,1,2
110.44071826878913,1,0.9521015357104221,0,0,1
105.17559008135734,10,0.2953062084410316,0,0,1
346.69011461841563,3,0.24636315195743952,0,0,1
53.94659912399317,20,0.6018068922988716,0,0,0
13.098990230768585,20,0.13079911144135992,0,0,0
332.38413805550323,15,0.5825328304878139,0,0,0
145.65695371829173,20,0.08885148507143081,0,0,0
43.932047717636856,3,0.4905838796045088,0,1,2
247.53692045471215,0,0.6204143747135337,0,0,1
200.5915212950629,23,0.07010963927284186,0,0,0
383.6793330184611,18,0.2069531519486293,0,0,0
154.23021596773395,1,0.3353742848795249,0,0,1
564.39662815718,8,0.36859869518615895,0,0,1
121.82459031432236,22,0.6761046432541584,0,0,0
200.85325964552766,12,0.5290213405595241,0,0,0
221.12998337937083,17,0.3821084703053269,0,0,0
94.18156853512215,15,0.45067625434165004,0,0,0
91.7732375028619,15,0.01297667065023922,1,0,3
224.24387522450337,9,0.77052527930763,0,0,1
40.28060364491813,8,0.041004688694782465,1,0,3
70.96954734652522,10,0.829317492922566,0,0,1
119.24385914676017,3,0.5409965214147301,0,0,1
375.90202108193614,9,0.527819191224517,0,0,1
224.34887059665303,2,0.7045786277731994,0,0,1
141.40302134352285,5,0.8595595326534653,0,0,1
87.1550553495075,2,0.9426461464796643,0,0,1
475.00875478129507,8,0.5433698872439848,3,0,3
127.44162250768721,2,0.15065823198891826,0,0,1
70.909635814948,17,0.8786309261730072,0,0,0
533.8779594149743,7,0.040672018370114915,0,0,1
42.15596110197669,21,0.8073371707198082,0,0,0
315.5137842101123,7,0.6804216264256481,0,0,1
134.83743697191213,14,0.9047276074229461,1,0,3
223.97691444543642,12,0.8974631502474468,0,0,0
197.03191137742505,6,0.05315408543707967,0,0,1
221.75623403845464,18,0.6094464071756721,0,0,0
565.0055391420876,7,0.12467145516820177,1,0,3
510.2775740110349,9,0.07846861174405473,1,0,3
74.24184482936967,16,0.44827714583073053,1,1,2
191.807638546304,0,0.09759753984874064,1,0,3
23.80110365392283,12,0.7279023831125928,0,0,0
238.44284032765702,12,0.9689407105075997,0,0,0
277.3665339854224,23,0.5695829577830928,1,0,3
13.351528825470814,15,0.2351688695616866,0,0,0
131.07050541625262,8,0.8432063915253954,1,0,3
223.69433958829333,9,0.853103374930026,0,1,2
172.9893939170396,5,0.7327859723643944,0,0,1
43.0212980139641,4,0.6151321848133509,0,0,1
47.80664185879007,1,0.867792454751724,0,0,1
119.53336823288038,10,0.16329168199755906,1,0,3
94.17089041620756,8,0.9316001263440448,1,0,3
101.62002869285892,5,0.9472031492105683,0,0,1
37.2521276596268,7,0.8719923739971334,1,0,3
136.60224075219313,8,0.2506620347114671,0,0,1
377.8131336512086,8,0.8581783863106291,2,0,3
44.87697439874688,7,0.49763821183769175,0,0,1
111.90843275566831,11,0.5949302374008253,0,0,1
206.71189695484355,7,0.8406006225041451,1,0,3
28.570819559136503,2,0.02958284454523752,0,0,1
137.64310238142258,12,0.36294259217564573,0,0,0
271.6965156974858,18,0.8156933772444657,1,0,3
54.790473978077245,1,0.813954783801723,3,0,3
147.87000557579202,16,0.8486879268829328,0,0,0
258.492865879138,15,0.16921590013949128,0,0,0
546.3669068184789,3,0.7058866182279601,0,0,1
142.2542395813375,17,0.14650334050541858,0,0,0
72.37942749047957,13,0.7850980089510253,0,0,0
72.91760095821724,1,0.2451260044545075,0,0,1
35.050583412689605,12,0.737817727586946,0,0,0
398.1289311298266,20,0.4550016185279725,0,0,0
247.86063082877217,19,0.9862634645527724,0,0,0
47.79512544749374,16,0.5798938307492809,0,0,0
68.77906186518294,14,0.6325793642202862,0,1,2
140.48809992937893,19,0.3681635138512874,0,1,2
270.30615935184534,4,0.7345201578474331,0,0,1
192.14861687388222,6,0.494885641104835,1,0,3
179.08836094423393,17,0.018066635095864148,0,1,2
155.2631461441042,23,0.6085815978756451,0,0,0
50.34399872737016,10,0.8304595904293615,1,1,2
141.88404256583425,17,0.23680177006045067,0,0,0
129.2553550200334,4,0.2210637550851846,0,0,1
34.532649789881646,12,0.6088861831192705,0,1,2
391.58227769111875,17,0.817979276425494,0,0,0
81.25034041655209,1,0.24962033784357585,1,0,3
35.534241253438694,19,0.9322626512430391,1,0,3
93.16980910001533,3,0.927387356681549,0,1,2
108.45698445287525,12,0.20053667190793334,0,0,0
126.27014809146637,23,0.2637844120568157,0,1,2
107.01369751942966,15,0.7005988109481615,0,0,0
131.86492142779318,5,0.951733109024426,1,1,2
149.38821576908114,7,0.7098826887763147,0,0,1
143.69423337772352,15,0.444900049820538,0,0,0
178.1343054368871,12,0.1690013464265031,0,0,0
185.88002039534712,22,0.46100984883962115,0,0,0
189.2410990615859,3,0.6067677919705544,0,1,2
223.676484008115,1,0.3309519189566503,0,0,1
73.8486149452497,8,0.5102578212000898,0,0,1
76.19330161664956,17,0.13021412832870594,0,0,0
271.1527528351743,16,0.4521881045125864,1,0,3
95.52307498854846,7,0.090775818929554,0,0,1
120.90466602791085,14,0.049088749948990595,1,0,3
112.6715404041034,8,0.8572399155993272,0,0,1
533.5496120937235,16,0.2050815841460749,0,0,0
63.26302498199486,22,0.5751553291279333,1,0,3
62.19707088155495,1,0.14898275840999242,0,1,2
132.21412649217797,5,0.26252757090929135,1,0,3
115.2047620802636,4,0.36133941976948436,1,0,3
47.35724870718174,16,0.14367643635477023,1,1,2
124.05978767680466,1,0.04596229701111032,2,0,3
134.99527507523715,17,0.877159802018011,0,0,0
87.79400691988818,9,0.01183283587977213,0,0,1
118.3750654816145,9,0.06132098283506782,0,0,1
68.82844439120726,5,0.8050721608281025,0,0,1
47.46694687917697,11,0.28200833677305603,1,0,3
94.9316670232032,16,0.7228203011146973,0,0,0
54.70007506284411,12,0.14622574921791376,0,0,0
39.02190052196666,19,0.23728174859671936,0,0,0
18.916173698617335,15,0.5727765165969935,0,0,0
157.21534739750177,9,0.9886358384892835,0,0,1
92.34554940230416,20,0.07344447015922317,0,0,0
272.24003267887787,1,0.40055459798183224,0,0,1
98.74394323130849,1,0.04308097000592481,1,0,3
156.65688850651324,22,0.1992264426559749,0,0,0
77.88624102130895,6,0.9074710268385046,0,1,2
129.11395032482775,5,0.09646010378976966,0,0,1
19.09782897222554,0,0.8568559213756336,0,1,2
93.78117386123564,11,0.17780323811008125,0,0,1
63.627519974269106,12,0.8617848465377039,0,1,2
253.60661716566116,11,0.5380219631356752,0,0,1
149.3724105161095,18,0.8782066742268435,0,0,0
229.8284179935139,8,0.15170364465152042,0,0,1
292.574788442512,9,0.762036551307826,1,0,3
87.60680306378157,16,0.6806985960805767,0,0,0
144.71089668676228,17,0.5429333873929625,2,0,3
50.08417044610367,7,0.810587344410973,0,0,1
174.1255920985417,6,0.6482760244270397,0,0,1
192.49179050955956,8,0.8770469246077496,0,0,1
165.69818980458302,9,0.38106214678556605,0,0,1
87.52545657578673,11,0.589923178273815,0,0,1
415.6569427281768,14,0.8706008425757117,1,1,2
134.72731093086912,14,0.21481406410413462,0,0,0
50.36345833871469,3,0.48574135661685425,0,1,2
205.4261479292943,3,0.960741821728669,0,0,1
258.7558306452069,22,0.47360180149468445,0,1,2
51.30272586621735,0,0.2528294451955403,0,0,1
108.5177760561791,11,0.35107623874323823,2,0,3
34.80335305920071,1,0.8850841193734466,1,0,3
300.0915095500237,14,0.9548830387675503,0,0,0
123.07434035304115,16,0.9501076426861392,0,0,0
63.880236733596966,6,0.6989423919685712,0,0,1
261.03216927868846,5,0.5096018888246124,0,0,1
131.96395145011212,11,0.18268893490734184,0,0,1
237.12365468192706,18,0.12322101207046454,1,0,3
182.07878603531742,0,0.059766607641346225,0,1,2
56.39322058467186,20,0.017714909508969257,0,0,0
85.0861199128091,13,0.878116722105682,0,0,0
65.45816600361219,3,0.8090863158033444,0,0,1
47.16835348692406,4,0.5678213805004708,1,0,3
26.002708564504488,0,0.9987232545377139,0,1,2
470.3054800533338,0,0.9530520722016411,0,0,1
163.4943194625451,20,0.6551089707147064,0,0,0
181.2633109651603,5,0.46457456704025346,0,0,1
280.92038677711884,4,0.1521707161131296,0,0,1
84.37375488106831,1,0.5155938052543524,0,0,1
37.48222456775974,20,0.15774367288552726,0,0,0
222.97662749428287,4,0.398451304246189,0,0,1
43.8454481145662,8,0.9426481084327509,0,0,1
219.32739463224158,18,0.3419789893356374,0,0,0
31.82648466169047,20,0.15278727364346711,0,0,0
40.815956436750795,14,0.5823966042362146,0,0,0
77.47764832020232,12,0.6023641741274721,1,0,3
213.63991027939934,11,0.19380424246791583,1,0,3
380.1360896004207,4,0.19658658758196024,1,0,3
181.05572472859248,1,0.989549791324827,0,0,1
80.09014176324362,3,0.243281072862212,0,0,1
251.19584318858873,17,0.8381920347835841,0,1,2
30.81720252996828,20,0.4703238255459795,0,0,0
59.20704839271256,9,0.434989238912728,0,0,1
141.72166101506724,12,0.2949624161637524,0,0,0
228.0622615794559,11,0.7738257968923308,0,0,1
112.92243651464102,1,0.8806608784415548,0,0,1
103.57789571243855,14,0.2611274615590803,2,1,3
108.48582961258636,13,0.09509666934911398,0,0,0
279.2273644643435,9,0.13691955288560986,0,0,1
69.30474410094737,21,0.7928035347662441,0,0,0
55.642495858113044,7,0.4358269113196258,1,1,2
107.13141193206656,14,0.13191465841072292,0,0,0
305.6503021548266,12,0.34028820641962454,0,0,1
76.36055388815903,7,0.514235482853053,0,0,1
108.21520302750187,20,0.8520516838450082,0,0,0
30.280365092018478,20,0.641743254225175,0,0,0
111.82861453981211,21,0.17603280108000074,1,1,2
157.74868464572324,13,0.15870271235833644,0,0,0
43.911077335096365,0,0.4123342156333225,0,0,1
279.5801493322117,12,0.07519284770175638,0,1,2
156.25408151217647,7,0.755577195283873,1,1,2
86.68962900996735,17,0.4014538203037721,2,0,3
157.1165849971119,21,0.3430237727813903,0,0,0
188.7303642999736,8,0.5091083323914358,0,0,1
22.056944239949733,12,0.7089568037628478,0,1,2
161.5790589469319,2,0.5693469444930521,0,0,1
298.45104524243,17,0.8024027817219871,0,0,0
68.45560960840692,9,0.6293625638701175,0,0,1
88.23308801877886,4,0.7879702674082638,0,0,1
100.5943768603411,5,0.6967822735646749,1,0,3
229.83614039701038,7,0.1931228402637365,0,0,1
51.42276292972067,23,0.05235445018579876,0,0,0
182.57819317299834,6,0.9033968005033816,0,0,1
102.11674665421839,20,0.9456561653820842,0,0,0
391.8991662805195,17,0.7269322966314722,0,0,0
106.91801344958856,13,0.724205822695949,0,0,0
10.722793710128355,14,0.2701470804941095,0,0,0
207.29970433434198,9,0.5424417088818329,0,0,1
175.99084291133562,20,0.9922396637046083,0,1,2
151.39949171599915,11,0.8561435980700195,0,0,1
292.9969750092206,6,0.30439435255199665,0,0,1
25.829088557955565,6,0.3010458656978904,0,0,1
60.007996518432726,10,0.48357729114805914,0,0,1
128.6123374746233,12,0.4045986661677845,2,0,3
145.4682715085375,14,0.37115304628017465,0,0,0
114.63465013923162,17,0.6269719088061033,0,0,0
30.76713581186366,6,0.011492469633537561,1,0,3
88.9468032800589,5,0.7633396360332768,0,1,2
373.9716917341418,22,0.740052996675785,1,0,3
49.13809316455689,10,0.8303256805947012,0,0,1
126.44573025915932,7,0.8414506733068134,0,0,1
183.06477444175283,19,0.5663996947604685,0,0,0
225.24535550323338,0,0.7800739356232906,1,0,3
206.60256007433674,7,0.4923951254805192,0,0,1
83.67342878250419,7,0.9515298364183005,0,0,1
59.77648414773708,18,0.19069852978743473,0,0,0
393.9509753239009,2,0.9156170920738993,0,0,1
240.61599546589133,4,0.2585303612677231,0,0,1
135.74338043302564,2,0.10272337368685203,0,0,1
327.1983674021172,14,0.4391044474069674,0,0,0
37.71126283712214,13,0.6149172424160594,0,0,0
11.17694097636139,20,0.23098987319995223,0,0,0
144.24114950695017,14,0.5557962411442978,0,0,0
149.3596908846149,23,0.8078933569345047,0,0,0
34.247360493482624,16,0.25708496580372275,0,1,2
234.6733812835301,17,0.580322245914203,0,1,2
17.821446225003964,1,0.3393125961930803,0,0,1
168.1607102804383,11,0.5297684675304802,0,0,1
196.48705819189072,15,0.6669190195749695,0,0,0
142.9644565997523,3,0.3504225718160924,0,0,1
29.461538136448624,1,0.994482882452134,0,1,2
290.908505527044,13,0.5637751984296409,0,0,0
86.01130073577998,10,0.8244615590929387,0,0,1
86.23940631114269,12,0.7251352229107911,0,0,0
72.66526440676361,6,0.8528053137029477,1,0,3
211.60165100085155,9,0.17380095453856792,0,1,2
82.67936032831881,23,0.22255370972767097,1,1,2
44.86774382003932,0,0.4874111778902902,0,0,1
253.6546431575701,20,0.8523286764854423,0,0,0
124.14652006798366,3,0.19760658139085874,1,0,3
259.7171066387517,17,0.9710658321072984,0,0,0
131.2682968042514,5,0.1276023083151414,0,1,2
68.49140919778849,1,0.175077945180508,1,0,3
21.22499938037736,2,0.16723378336607542,0,0,1
144.6986302829602,13,0.5860059530346196,0,0,0
100.76905431725496,7,0.9175410815966359,0,0,1
217.7499982647876,15,0.25511138716643833,1,0,3
79.51602803816628,18,0.5530368534585615,1,0,3
171.84440957767998,17,0.17577251004746075,0,0,0
127.22830618846564,5,0.6311368962077986,0,0,1
63.36431986307729,13,0.12324633617951175,0,0,0
84.89998813267347,2,0.49131076751269787,0,0,1
36.8690699658504,15,0.6551818136768675,0,0,0
412.00776516853523,0,0.5791279167555102,0,1,2
169.18445014376917,11,0.1400004827007425,0,1,2
34.41931076605906,13,0.16137337151482933,0,0,0
398.23388185391474,18,0.6713910048249883,0,0,0
48.509457213640914,21,0.8089092960897761,0,0,0
78.37481528665613,18,0.9080744025295909,0,0,0
106.67649980805065,8,0.8136115153461169,0,1,2
129.5899266339014,6,0.9739238788871947,0,0,1
213.72415862732282,13,0.4082518041651354,0,0,0
15.883160627754961,4,0.3311657542220343,0,0,1
131.15119570820474,17,0.028184052345116895,1,0,3
102.36040000574917,8,0.44989585598809345,0,1,2
146.6371464232642,20,0.6513715524132325,0,0,0
98.36998987281775,6,0.8154086413224756,0,0,1
88.05783945710752,8,0.2674553827743703,0,0,1
116.54913940897187,3,0.5135912763692905,0,0,1
383.8762263890335,16,0.6620095646140466,0,0,0
89.46606433146803,11,0.5516028659840939,0,0,1
282.08921533713374,5,0.27402071740240774,0,0,1
142.06608640612436,17,0.7962824382950623,0,1,2
137.16844160878296,7,0.1733610124719337,0,0,1
147.67554077102685,20,0.904979833786364,1,0,3
182.64540178060605,14,0.9525967490548113,0,0,0
95.22859713040071,2,0.3655732620752621,1,0,3
269.1256865058091,1,0.3761817904859518,0,1,2
182.96665402321108,23,0.7432782589171941,0,0,0
40.21319120130081,22,0.45628859855200066,1,1,2
10.8553588476815,8,0.028610143599235194,0,0,1
376.1389217505502,7,0.919876727675241,1,1,2
151.15609220290324,3,0.4307503419657628,0,0,1
35.47358907876033,1,0.20349510054031128,0,0,1
89.36291628404001,13,0.5556640731487861,0,0,0
240.53692671755334,1,0.21890616259131657,1,0,3
111.22643245687108,1,0.20602199968160784,1,0,3
119.22201028479753,21,0.5457313273906327,0,0,0
210.62099648406328,6,0.39104229218946907,0,0,1
161.8843810362839,11,0.5729932782532223,0,1,2
192.53057419101435,5,0.9968254368112404,0,0,1
209.07442098797685,17,0.8590181543707683,0,1,2
70.17827130761964,3,0.0076707992897887545,1,0,3
76.01548269336956,18,0.05055570953738975,1,0,3
63.00428254051802,12,0.6100794401312446,2,0,3
79.61482011384548,19,0.626256081132298,1,1,2
115.66397320192317,20,0.8781908440759933,0,0,0
122.29165796968974,22,0.6290571745218257,0,0,0
320.57172284609527,1,0.2277145385157423,0,0,1
156.27626870673427,7,0.46851622770365087,0,0,1
117.44206603790491,18,0.8089854006711885,0,1,2
51.32410861951862,8,0.9228249645983715,0,0,1
100.03911086040654,3,0.23691511896670914,0,0,1
394.9436695967122,15,0.5396047350133258,0,0,0
390.8538722061521,18,0.15892755017040272,1,0,3
99.05694125747812,9,0.49699969892756923,0,0,1
24.49872497033533,5,0.09011412074950109,0,0,1
88.70488752756494,15,0.9417280699504742,1,0,3
322.903303753528,9,0.6380564582826155,0,0,1
116.28715436468711,12,0.8542167417136771,0,0,0
210.77110837872203,8,0.9982951741819063,0,0,1
126.87467260301293,6,0.18266599470537825,0,1,2
32.61024753727777,3,0.6941434149596486,0,0,1
130.33858129729475,18,0.8869862935068581,0,0,0
230.47711416232045,3,0.57593816741179,1,0,3
78.67551395474561,18,0.639696378366561,0,0,0
226.31725913260811,18,0.4076710895171374,0,0,0
136.6122854025792,11,0.674760833716514,0,0,1
218.0567505544683,12,0.3955779146961238,0,1,2
163.5768066007614,3,0.47661963815144837,0,0,1
54.52700617108886,9,0.10291174262282488,0,0,1
100.86188070530076,20,0.007808400180381647,0,0,0
98.27172114390262,6,0.05515112413894685,1,0,3
75.54766163503044,4,0.1925216409376017,0,0,1
154.31929070280287,16,0.45660381959506535,0,0,0
441.6348535061837,17,0.020994070851453883,0,0,0
269.362226778154,10,0.1559366391542325,0,0,1
293.9144509309172,14,0.7814446038844386,0,0,0
71.66837081542789,20,0.762166558262047,0,0,0
297.18648948777496,21,0.7897302916754999,0,0,0
364.07419600083267,6,0.9215409431967739,0,0,1
69.64639043165155,17,0.11907100073451915,0,0,0
176.88684879458177,5,0.16313987622788295,0,0,1
180.24789226256388,17,0.3335536146013144,0,0,0
106.75144940458325,15,0.9151411989809096,0,0,0
145.3908898507137,1,0.775477743005945,0,0,1
186.57797665655576,18,0.3241212723323197,1,1,2
112.44174989584536,0,0.08763581778273488,0,0,1
260.75091332082684,10,0.6163800261488341,0,0,1
40.43333462814732,19,0.25681916580565234,0,0,0
97.93119217450567,4,0.5311525659685531,0,0,1
213.70739238695353,15,0.9418033596009769,0,0,0
411.6447014709714,22,0.5726172453143344,1,1,2
271.936818568708,0,0.9238344364233642,0,0,1
143.18796662876503,18,0.3930387859948754,0,0,0
116.6877486773957,13,0.6333513372887707,1,0,3
102.41762631269563,2,0.8938899739469642,0,0,1
102.90587128723816,1,0.5879873116091384,0,0,1
21.060723115014653,23,0.6148986770271042,0,0,0
400.6625601369129,4,0.7163079820812245,0,0,1
123.51245812589008,16,0.8821077571882531,0,1,2
65.89545340748585,17,0.08818006124085298,0,0,0
174.91906908825047,0,0.3368593821760869,0,0,1
70.54598071614029,14,0.3976847260806038,1,0,3
244.08110434537488,21,0.9097096653891777,0,0,0
67.73911270567045,8,0.9560079245162014,0,0,1
220.49703295303084,22,0.12038046466512475,0,0,0
101.23145715216536,4,0.11910767978878078,0,0,1
158.71261842350657,12,0.9348617942523624,0,0,0
232.1608121063752,18,0.2957719013825927,0,0,0
83.49068507565244,23,0.24181441903715273,0,1,2
228.31076435030758,9,0.035622865754098676,0,0,1
22.180052306741946,19,0.27559593477064903,0,0,0
345.7225419700196,20,0.6935264272259882,0,0,0
255.66820624680037,13,0.4260361627395617,1,0,3
120.26333192817569,21,0.5168703516517602,1,0,3
287.0982472309928,20,0.9172955966148854,0,0,0
267.258077996926,11,0.11468978267131646,0,0,1
128.8039799115648,10,0.071240715242599,0,0,1
127.75548918858262,22,0.8519307491238942,0,0,0
58.95488204610054,6,0.7748557974307065,0,0,1
134.0951942924211,16,0.2637341869450325,0,0,0
31.50734228430823,17,0.3242341263740829,1,0,3
218.6090975138851,6,0.31027783577566026,0,0,1
221.88022866919573,23,0.6478087980219113,0,0,0
22.57867707946398,19,0.06121150698897937,1,0,3
323.9901635430305,5,0.4894015852637269,0,0,1
77.47527549417245,10,0.13387296911274515,0,0,1
689.4516559616975,11,0.8197385409262475,0,0,1
152.75832044459275,15,0.38066300430996525,0,1,2
326.0969771435518,18,0.5275721932194593,0,0,0
57.2470148858569,22,0.029317608778785975,0,1,2
101.0542538850853,18,0.058264313541052326,0,0,0
83.13967946990007,10,0.6750548307334661,0,0,1
30.89977771964051,15,0.766770545141332,0,0,0
40.56470076941315,22,0.7100355846022014,0,0,0
116.69963532220206,11,0.7370186364578603,0,0,1
170.60254911388716,7,0.10461985054932899,0,0,1
51.789056077811544,2,0.6934508410975411,0,0,1
96.14959700864506,1,0.18174758268909363,0,0,1
70.23041942233158,5,0.09801543187678541,0,0,1
122.78347988660954,15,0.7571608304548411,0,0,0
207.16388253799624,19,0.8894061171015647,0,0,0
139.45310323610013,23,0.7167099074051587,0,0,0
80.18556530388554,14,0.8055734528147533,0,1,2
261.30206302919055,13,0.9910881551216159,0,0,0
166.63506414260019,1,0.13475591140668453,0,0,1
142.52378545049407,19,0.9651525524330385,0,0,0
52.39698166911075,17,0.6011978054901025,0,0,0
242.83336226703082,13,0.8132531573450205,1,0,3
178.81345333978263,17,0.65016918158767,0,0,0
185.48206858041675,1,0.5700377887853492,0,0,1
108.08502146328799,0,0.7036189940216878,0,0,1
93.35552049760227,19,0.3202586645129828,0,0,0
402.00768842681384,1,0.9242715234919127,0,0,1
92.21295668580574,8,0.1152925720557787,0,0,1
43.1075796087152,8,0.31803118408646214,1,0,3
147.86279720907464,15,0.031162353200503312,0,1,2
127.9838151602952,10,0.2713230476460917,0,0,1
269.3267289794035,22,0.21821307714140437,0,1,2
114.61547589039736,5,0.049630860678631206,0,0,1
202.56477099162908,11,0.4917740638486221,0,0,1
338.7968342644864,2,0.4686360418556098,0,0,1
171.42059881749572,11,0.07774544389866889,0,0,1
54.84823667886127,22,0.2618505314084142,0,0,0
174.91069802930738,0,0.9533221604663561,0,0,1
97.48668702347986,8,0.11073662451042032,0,0,1
155.33488973788232,19,0.30501864885946817,1,0,3
128.71388846633596,21,0.03586239845465855,0,0,0
42.2236149782498,5,0.14888720262376676,0,1,2
114.11767644569764,10,0.6993971074657895,0,0,1
52.058157695330834,2,0.3667165006629388,1,1,2
86.61916896078574,3,0.45207657067912055,0,0,1
242.28915232609933,9,0.15697839513065615,0,0,1
136.39606787012542,18,0.6821401728913017,0,0,0
194.12655099297226,5,0.7515215980912536,0,0,1
144.71504665486398,0,0.18111204951673976,0,0,1
103.03964120546476,7,0.044993463619942164,0,0,1
155.6547082141645,7,0.0809411343090185,0,0,1
26.12872576777864,5,0.6570457572030177,0,0,1
219.13564801010955,16,0.13551060249483893,0,0,0
64.28205492991506,18,0.49391883416883553,0,0,0
185.68447855133434,0,0.15264153092617005,0,0,1
99.84409481807097,14,0.17014804820523977,0,0,0
42.250539158577325,12,0.004360503341518607,1,1,2
74.39738760343991,20,0.3208242558583879,0,0,0
186.36231553808148,2,0.08979726607286032,0,0,1
488.63857974571897,1,0.39396127534042524,0,0,1
122.58770195958155,2,0.5977843096175839,0,0,1
451.33841530594117,8,0.36753194792811694,0,0,1
26.053481635511236,15,0.7050816308353353,0,0,0
106.02598461874777,23,0.7414517680393581,0,0,0
122.6636312566078,12,0.6966063873608118,1,0,3
193.2628040985662,18,0.9367135596314982,0,1,2
76.88343476797621,17,0.23729427699515104,0,0,0
166.2082100272565,20,0.1894564531149766,0,0,0
110.21110730208314,11,0.6097114892418671,0,0,1
295.61019296195053,11,0.5948770094341834,1,0,3
147.96099239786642,0,0.5100983336748071,0,1,2
652.6636468443298,19,0.004353191494264497,1,0,3
110.90132743408205,7,0.5552382299059985,0,0,1
282.810525735146,16,0.932798056872979,0,1,2
344.58268671560586,20,0.3345776891128629,0,0,0
6.819937559366606,19,0.9675991933202505,0,0,0
217.21050950608895,21,0.35675667919769427,1,0,3
107.77291742373993,6,0.13985450251781784,0,0,1
48.15714845738398,8,0.3984034149271385,0,0,1
299.08770603195114,16,0.4946113129235441,0,1,2
80.69911058108266,9,0.6294644101765912,0,0,1
24.388746909442517,3,0.504878162022334,0,1,2
150.61614944822276,21,0.5367186274062181,0,0,0
329.29164640875126,6,0.024067038357605375,0,0,1
48.76930807060627,6,0.2536201691339893,0,0,1
237.3026257176507,7,0.310696657939172,0,0,1
17.5017490738636,23,0.987088537881449,0,0,0
345.063282410446,23,0.29556773848703366,0,0,0
173.8728927676384,7,0.8965788488242853,0,0,1
44.001480066565264,15,0.30473620054107875,0,0,0
222.5200932731475,11,0.09611033104239108,0,1,2
84.58091234690636,14,0.24761739906094438,0,0,0
59.01256324649754,7,0.27282838491429795,0,0,1
83.04949707178926,21,0.9782485938889842,0,0,0
207.10036129777063,8,0.6742915055672372,0,0,1
55.651288770830725,2,0.931680995620966,0,1,2
10.298810538066936,21,0.8349950222048218,0,0,0
86.6654807925049,20,0.5785984906780975,0,0,0
307.3919954501612,15,0.6753879242455633,0,0,0
304.62902537146874,14,0.6248371936960315,0,0,0
82.95069781435258,23,0.6662630261917867,0,0,0
80.48303231943707,3,0.26477366462727625,0,0,1
76.3288190840916,19,0.40812513420793706,0,0,0
73.47533048096099,15,0.5926158115981464,0,0,0
77.87677123626304,9,0.03592846505585712,0,0,1
156.02682627780354,10,0.4828349014016934,0,0,1
312.40433780090547,4,0.8597269333978532,0,0,1
55.56631419119011,10,0.4923677275853299,1,0,3
65.47579534216203,12,0.5523233686554994,0,0,0
169.34504610745418,14,0.20190512051519083,0,0,0
215.51765031085046,5,0.7943433439854379,0,0,1
31.498256373442356,15,0.35887828803752886,0,0,0
391.34975239069183,14,0.9565875534795444,0,0,0
100.28726505692659,10,0.9937148082595793,0,0,1
34.74968401985638,19,0.916000542595843,0,0,0
29.888188743522054,1,0.08487674481614393,0,0,1
27.991240723623715,1,0.33318315549602684,0,0,1
279.1262436535106,11,0.9451376351025174,1,0,3
137.24834321568733,15,0.8045332948444376,0,0,0
280.86922342861135,18,0.9111835893074296,1,0,3
118.24599708370755,1,0.5725531936410988,0,0,1
275.52992896209633,16,0.4803975881875302,0,0,0
115.95708272996109,13,0.10649631700445106,0,0,0
192.68282682260664,23,0.8394715423230991,0,0,0
124.57783834035567,15,0.7451415484204785,0,0,0
110.51241983886024,4,0.0588766030154122,0,1,2
60.70411544338214,9,0.20941458959528536,0,0,1
211.78367336727194,16,0.5572775633150104,0,0,0
48.98830095773076,12,0.6844024020646386,0,0,0
211.53538016044143,15,0.13767026426100648,0,1,2
141.9816242905237,8,0.24482481846232385,0,1,2
215.53129631297287,23,0.193110211709014,0,1,2
151.29673983764448,3,0.2199971526705422,0,1,2
296.27886017852876,23,0.9207131235687668,0,0,0
179.4706845705821,15,0.7158195730387541,1,0,3
144.24755065772575,22,0.7371069804033034,1,0,3
8.695397659265652,10,0.7939953108692825,1,0,3
304.4506882894303,6,0.35657304264406,0,0,1
27.647848587490707,16,0.7671846143991405,0,0,0
38.150256169991145,21,0.9784133943229371,0,0,0
229.92517666429694,12,0.698394245940942,0,0,0
133.4480007835732,3,0.4167531122925391,0,0,1
28.97732358499324,13,0.7163597857109747,0,0,0
80.38679395211727,9,0.9007947002628693,1,1,2
293.63581945434555,9,0.1287615436759736,0,0,1
147.9444706190619,9,0.2652946755847214,0,0,1
135.9723354422967,11,0.9192962153289053,0,0,1
72.17420705704693,1,0.9462329004445271,0,1,2
235.64425086099607,22,0.48413912711794505,1,0,3
121.01590738138357,8,0.3745509634032975,0,0,1
205.75246706633536,4,0.28278180560302923,0,0,1
65.78886967656736,7,0.4987515410909684,0,0,1
490.37776818243844,20,0.9345311515910517,0,0,0
330.41512030611557,13,0.14980962742445547,0,0,0
146.7636506976778,6,0.41983063854722025,0,0,1
171.3715275536541,6,0.9116078569574889,1,0,3
81.04351756149207,8,0.3491192701442519,0,0,1
217.4529138198112,2,0.7680814070435371,0,1,2
11.663289297840038,13,0.389259786241102,0,0,0
387.35000472904767,16,0.8049266783230417,0,0,0
208.5937260219194,17,0.9810023499572086,0,0,0
54.51399966566903,11,0.3878220105752783,0,0,1
381.06487762266676,21,0.8450986545742005,0,0,0
462.8735143945471,13,0.9884168248403008,1,0,3
178.1693107389571,12,0.9838301430112543,0,1,2
66.78911421504955,13,0.433771081533308,0,0,0
137.60484278685382,8,0.48576112054915,0,1,2
196.94258330980716,18,0.303401561643002,0,0,0
167.5464354448331,1,0.31401876372236504,0,1,2
54.52162812800867,10,0.4924706226322353,0,0,1
194.41174530864254,16,0.20051859006430872,0,0,0
291.322319017131,1,0.7111232961549275,0,0,1
42.98132466444419,18,0.5363085347542523,0,0,0
48.1959632319544,6,0.8980678571732823,0,0,1
78.20994543927969,17,0.810582433810541,0,0,0
112.4163869520182,12,0.3224711128461346,0,0,0
239.82955199580076,4,0.5058046230176674,0,0,1
289.1400600144723,17,0.7505149276387741,1,0,3
64.21867218275159,22,0.19320012747839166,0,1,2
155.0297775989895,23,0.03159772981758335,0,0,0
281.2723590297244,23,0.8523045263082838,0,0,0
508.6285819400684,15,0.13755025749294825,0,0,0
154.42793096536667,14,0.8894114309537064,0,1,2
160.7914954324093,7,0.9136080238811446,0,0,1
178.96169899562167,14,0.4607004381371572,0,0,0
103.13407739921885,0,0.8067817123525782,0,0,1
145.7395612141311,16,0.36319124635413835,1,0,3
15.9274384777651,14,0.8582645485117468,0,0,0
81.423959378887,13,0.8246818841667168,0,0,0
192.25598263938312,13,0.0785183897012024,1,0,3
60.87335111220651,9,0.5826017407523671,1,0,3
243.7287453375539,1,0.6399989035967482,0,0,1
23.712721522823728,5,0.0008572906882160503,0,0,1
237.2539244397688,16,0.9799183187292954,0,1,2
236.81042147031732,4,0.4065675749007108,0,0,1
514.5648421330101,4,0.5173432058592131,0,0,1
99.83404852347782,14,0.19480407979302095,0,1,2
133.5376052105966,14,0.6109185775172612,0,0,0
362.5729797811288,19,0.8106198662793589,0,0,0
332.139499859054,10,0.5858923457197281,0,0,1
268.86407810231117,4,0.7880350458020972,0,0,1
171.76988523904927,0,0.7311079607181669,0,1,2
356.0532211039578,10,0.23765781152713805,1,0,3
634.6644311575621,10,0.4358128411091541,0,0,1
205.1350629011942,5,0.1486268844364086,0,0,1
138.49308701290607,22,0.04193587507510199,0,0,0
222.7308668244672,7,0.06306895526413092,1,1,2
152.80907311733446,1,0.9424999298728906,0,0,1
107.08470761324712,14,0.9845374591343785,0,0,0
244.4464917459736,22,0.09497750804983995,0,0,0
88.28074022970742,21,0.3351934351720487,0,0,0
202.16983553820546,8,0.11442068015602269,0,0,1
30.33749979391969,14,0.8342288233689691,0,0,0
398.82058119118886,7,0.4962970916402817,0,0,1
68.51668414606337,15,0.6212617559255493,0,0,0
37.45093868512355,13,0.5399108657350062,0,0,0
324.507818108164,14,0.710253583840716,0,0,0
365.7545242559929,19,0.3191322433170606,0,0,0
169.2148821567593,12,0.1374933545300323,0,0,0
123.74950257038763,8,0.01762000272971398,0,0,1
101.81028637303118,0,0.44569288862593814,1,1,2
162.52994841404637,5,0.9078344287914373,0,0,1
129.21089638465685,7,0.30526653801226666,0,0,1
117.22541508120872,19,0.19595682113562307,1,0,3
62.078741596697775,17,0.9260427462471071,0,0,0
46.67883922075015,17,0.10544863875129418,1,0,3
142.57316412385188,16,0.051801033415810105,0,0,0
158.87919390000323,20,0.8794131749554379,0,0,0
72.07195588429133,15,0.7009093819546891,0,0,0
81.36888321221518,12,0.4220686381374128,0,1,2
158.59703665378987,21,0.752343973008841,0,0,0
60.59176349210986,3,0.7414399520442692,0,0,1
275.98424223592485,3,0.04006056326058294,1,0,3
196.46605611173527,20,0.67624681206184,0,0,0
71.47892123572936,13,0.6408723774527126,0,0,0
189.38190230450408,4,0.9637791364163035,0,0,1
61.96738523905074,15,0.9666226101597636,0,0,0
237.57529120788942,13,0.37779932620204393,0,0,0
64.22563895725581,13,0.5898419118882183,0,0,0
121.85667284470968,13,0.14135737488837874,0,0,0
149.18308287082897,23,0.06645652595713403,1,0,3
362.06238639757896,13,0.43277987225890246,0,0,0
68.0357059066404,18,0.6898820108350104,0,0,0
65.55638672695463,2,0.5677611222977269,1,0,3
32.44384671312054,16,0.42965692218600193,1,0,3
434.4077844886784,13,0.818112546774591,1,0,3
136.9606458428483,9,0.794427472183747,0,0,1
280.5468206018183,12,0.7319420550777613,1,0,3
82.61404556536911,21,0.07703224815376108,1,1,2
89.31220789372743,3,0.7964696278956436,0,0,1
128.64585413235065,10,0.9194213159947,0,0,1
131.62946521170443,14,0.05944208829091646,0,0,0
217.09060533219605,14,0.40167138880853503,0,0,0
140.01560402280904,23,0.9883554897165877,0,0,0
98.50408028986129,1,0.5992388584682836,2,0,3
439.783930410298,10,0.5135774021274628,0,0,1
61.30483859171878,1,0.17744614746874354,0,0,1
68.37029338975084,22,0.56548628333417,0,0,0
62.107611498552885,4,0.43904326046945297,0,0,1
223.0428733234478,12,0.12744305557012303,0,0,0
185.22346044797328,0,0.46433265261803425,0,0,1
117.62073086708482,6,0.16439930517526047,0,0,1
59.218657328854846,6,0.7306636217260566,0,0,1
148.701701854654,9,0.9736483661436229,0,0,1
245.1180676633007,5,0.46957704842569614,0,0,1
372.0232224813947,19,0.6323683319146128,0,1,2
79.60559999596552,11,0.4309755247668423,0,0,1
117.2964119117778,12,0.13845385365700535,0,0,0
183.93128510459746,23,0.9705552864754987,0,0,0
97.68676384710041,10,0.1295786640840797,0,0,1
38.16752039530085,17,0.11162680851354068,0,0,0
117.7645073557391,1,0.4591729416713005,0,0,1
43.33396760217654,15,0.6588872657669321,0,1,2
259.7572108727435,1,0.3549232709728912,0,0,1
104.20964258346417,18,0.19251702219690303,0,0,0
127.1222305396674,5,0.8189633680274763,0,0,1
69.9860482958661,0,0.3631033206095512,0,0,1
130.96682277885023,10,0.1943209733839072,0,0,1
313.7745818138814,17,0.36508487750687013,0,0,0
279.37744859199876,9,0.21455420764279098,0,0,1
50.1988668371268,17,0.5194477378123405,0,0,0
3.585850695439315,0,0.6682893861376992,0,0,1
118.48560721389143,18,0.799557377199186,0,0,0
104.79124635289128,15,0.22756203031986588,0,1,2
99.65086606048362,6,0.16695400570444552,0,0,1
84.04259295225727,14,0.01960342089522016,0,1,2
49.089091503721235,0,0.22808776834724265,0,0,1
537.7480183144171,22,0.02390535249779624,0,0,0
434.14880338088614,20,0.34547420368905934,0,1,2
96.1856878714739,8,0.14569308883003662,0,1,2
147.12575734068997,1,0.5798955982277842,0,1,2
262.9432834058874,16,0.3837267594912731,0,0,0
146.7620148068998,23,0.09358534107075955,0,0,0
89.92295923822363,9,0.3998664630365941,1,0,3
38.885415029498695,5,0.20934811596785163,0,0,1
134.5997645805174,4,0.6801773513401055,1,0,3
43.99617018182293,7,0.3644362447707399,0,0,1
299.51064074262825,7,0.14703000921514608,1,0,3
130.02749414668963,4,0.3496017324042866,0,0,1
194.6725652038296,11,0.22437833393018547,0,0,1
102.26230451570729,6,0.7957790016383861,0,0,1
238.63537291597513,12,0.9833675603649452,0,0,0
78.1578000863345,12,0.02549138902976744,0,0,0
165.7266069934508,16,0.6900201373152819,0,0,0
99.19829207690336,3,0.26395783362348657,0,0,1
111.7144648367177,17,0.06640864386929446,0,1,2
260.59800726540107,9,0.014351309585293515,0,1,2
69.50657645412772,2,0.8810096692124272,0,0,1
174.13154982586323,11,0.35360650207779953,0,0,1
323.7411566334366,0,0.9945438920906041,1,0,3
254.1238055235766,10,0.4423771676302123,0,0,1
80.10848583108799,17,0.1875977517713744,0,0,0
191.63560498487814,12,0.7771435685225458,0,0,0
23.73616562022853,16,0.9264922163672986,0,0,0
266.656279745598,7,0.815621030775491,0,0,1
633.4581663645496,19,0.7451992340275277,0,0,0
167.00388560107515,18,0.3346996945191685,0,0,0
334.5333687916925,16,0.0644903638950427,0,1,2
37.069472684658855,1,0.2012993485600898,0,0,1
54.23013856648295,2,0.44681025424740106,1,0,3
101.95576708616173,2,0.956199870014404,1,0,3
117.68725883867566,5,0.7228541796753541,0,0,1
167.77535679906205,9,0.8282830451682474,1,1,2
80.44141324083598,23,0.277293896906476,0,0,0
148.28303958957667,21,0.6838230274535032,0,1,2
260.2444030402461,17,0.8624381433779964,0,1,2
191.13477390576574,17,0.4794115148965845,0,0,0
99.30226983242733,13,0.42989186023075865,1,0,3
225.56000336337007,15,0.7194045134317787,0,0,0
95.86850544482621,6,0.5599116862447463,0,1,2
142.25515705199186,0,0.9931710831940439,1,1,2
251.16390821922062,16,0.42510280072856166,0,0,0
115.26263998043146,22,0.1759432773249866,0,0,0
43.38096180725256,4,0.47193505278631287,0,0,1
139.27986496600298,0,0.23520499309773135,0,0,1
252.68803693963963,20,0.561253820794501,0,0,0
268.68060284480646,16,0.12579699243794584,1,0,3
52.172605097568585,9,0.949976273549186,0,0,1
219.31242530153983,11,0.859822881540161,0,0,1
109.92055940958244,19,0.1555653971088704,0,0,0
349.4366889301028,1,0.17239292274700968,0,0,1
44.28030854212338,22,0.5124386744880165,1,0,3
216.43425934119387,15,0.7728813870417252,0,0,0
100.62989509878679,14,0.21907933566752946,0,0,0
81.52231729288245,12,0.060971719559531845,1,0,3
258.8979447361822,17,0.5455342765826151,0,1,2
287.00293770709175,19,0.69159711410201,0,0,0
16.3880671215533,21,0.244365491292717,0,0,0
262.0680946843206,13,0.7397677877506381,0,0,0
126.38840526870867,17,0.9506437849446087,0,0,0
136.32739638036048,1,0.13707444268547286,0,0,1
41.91312407700834,1,0.5110290653086953,1,0,3
206.47877448197278,2,0.0568419506815826,0,0,1
546.373679545399,4,0.20666100723071557,1,0,3
85.82521654024433,15,0.08981935346107328,0,0,0
305.5931699596144,21,0.4040066230802025,0,0,0
132.5407927774239,14,0.8208317903747576,0,0,0
88.73597822877194,11,0.5771304505217814,0,1,2
34.17775934710538,8,0.22258483716543076,0,0,1
334.96732335842296,13,0.040110647095723095,0,0,0
145.14320204918224,20,0.5533981952867529,0,0,0
92.59292442310905,15,0.132796714990571,0,0,0
105.69495182259907,10,0.34273402736375724,0,0,1
218.17680710097025,5,0.510192258913606,0,0,1
92.46798026497075,9,0.9037325356861925,0,0,1
58.74671222699405,7,0.08182332708871698,0,1,2
121.93505404122615,15,0.6686075922668305,0,0,0
119.0397845254587,2,0.014081285504878527,0,0,1
117.00027004625235,1,0.6299085523602959,0,0,1
93.4841082537284,15,0.5515324893305936,1,0,3
312.7049458290028,18,0.8118666200900677,0,0,0
675.8402196523539,8,0.5316624728644793,1,0,3
52.29466161092846,15,0.35261659972613746,0,1,2
13.292963544726595,21,0.2427508713282266,0,0,0
110.48056025890492,3,0.08524974178207301,1,0,3
15.519918246003359,9,0.5346126742964312,0,0,1
30.699789767370227,18,0.8883219266485685,0,0,0
87.0908767762852,12,0.5147444939556894,0,0,0
217.07458124630764,17,0.7391028574658923,0,0,0
109.47578985987403,14,0.2984349382175756,1,0,3
8.907475672751774,3,0.44813085987476775,0,0,1
108.3383839817705,8,0.3246032034459314,0,0,1
114.85717927513042,3,0.10926611135489739,1,1,2
116.37725826746387,15,0.41698860328350495,0,0,0
282.0043784093536,20,0.7642872318372164,0,0,0
250.58596507441703,14,0.3949749995445172,0,0,0
140.93556801739166,23,0.6501792222182673,0,0,0
478.78494019976836,1,0.7586154840508602,0,1,2
86.89027105835395,13,0.32273622721632267,0,0,0
120.6887239902122,2,0.7975145596054768,0,0,1
130.82930121226548,21,0.33892571696970963,1,0,3
33.783204896776084,22,0.25610706046045606,0,0,0
132.94082987576465,3,0.22244616775986503,0,0,1
27.30417972695915,0,0.19990414572483928,0,0,1
75.79487794695714,22,0.7371240728133968,0,0,0
145.76714277397377,8,0.8875092610569176,0,0,1
39.75472146722889,16,0.23064847418528922,0,1,2
170.41590647078837,13,0.08524029779615394,1,0,3
65.69444402458969,16,0.3137669762884384,0,0,0
99.01999966689992,0,0.6578472389213587,1,0,3
192.48953388050427,9,0.3685200922260389,0,0,1
125.01734842924726,22,0.5491765392112188,0,1,2
167.55381762927152,15,0.7443049656751953,0,0,0
184.06869177472186,18,0.4084785311550485,0,0,0
123.43548395904207,23,0.9996948313711949,0,0,0
174.64041843664543,2,0.2979492602355025,0,0,1
74.70007191746306,11,0.978248351872617,0,0,1
190.8025189371349,2,0.20302966523311394,0,0,1
111.04577158036285,14,0.11093174326428978,1,0,3
318.18327729044097,16,0.7508306250943679,0,0,0
148.06233985496254,17,0.702309656651198,1,0,3
84.16977053862794,6,0.8111693472424644,0,1,2
193.20525171359463,18,0.3435904217333049,0,0,0
327.53384454446154,6,0.9308076538529837,0,0,1
90.71776203042718,4,0.11948142837307885,0,0,1
78.37365993984248,7,0.030277101331126155,1,0,3
4.535001616599292,20,0.3005638851119715,0,0,0
147.7887738618457,15,0.7973244634002504,0,0,0
102.39846552708835,15,0.6729823072736482,0,0,0
192.63025276862808,18,0.4362087642226231,0,0,0
195.6155896868609,14,0.25625361419433546,1,1,2
35.41708808124258,6,0.059272786767977204,0,0,1
249.8293183142326,4,0.33750557844747253,1,0,3
68.83347084353728,22,0.4600197677547496,1,0,3
91.14242458895775,10,0.6870238380712053,0,0,1
171.12900224425996,9,0.645971954946431,0,0,1
49.021979617200245,20,0.9473449029318779,1,0,3
79.06760732389195,22,0.10039591905286105,0,0,0
44.724304433156796,8,0.3363401228791364,0,0,1
264.91690467816204,0,0.48157808193689833,0,0,1
97.74771461294537,19,0.6706957938539893,1,0,3
40.50266892379878,0,0.49545169144140633,1,0,3
43.45131971708436,7,0.9127582319467387,0,0,1
235.57154394823618,2,0.6086723455998135,0,0,1
63.4204599158561,1,0.039665409691215237,0,0,1
89.41301093791132,3,0.11365596906613429,1,0,3
137.25181974361334,18,0.7534955614805585,0,1,2
103.4014883824878,10,0.7157876963462942,0,0,1
19.579393250978192,4,0.15349700182570514,1,0,3
207.6042569040373,23,0.05890866106566606,0,0,0
109.68483707514949,9,0.5787178554398685,0,0,1
166.14681120670664,23,0.6357388320267334,0,0,0
218.50778146760274,22,0.1352996375128349,0,0,0
14.421388688404107,7,0.4736193210408153,0,0,1
219.93536600832144,12,0.30583152911841294,0,0,0
593.6210457324943,4,0.9313056456368877,0,0,1
179.34399048860382,11,0.2191998033894046,0,0,1
321.58993671645254,12,0.7332607259032996,1,0,3
258.7657751187961,21,0.5181339133443376,0,0,0
214.27569495135148,7,0.011521012026043387,0,0,1
265.12783321971074,14,0.5169985832126177,0,0,0
296.43719449967426,12,0.09947214991950148,1,0,3
304.4935326340684,0,0.6590621958253117,0,0,1
43.33398910461429,21,0.5655235303815722,0,0,0
276.4076038525361,5,0.010427227333474565,0,0,1
108.41873761655623,10,0.2046928295829813,0,0,1
311.95233486305074,12,0.7762250528720227,0,0,0
190.79822311619765,20,0.27577261430202116,0,0,0
42.69952065925534,19,0.49928340116305314,0,1,2
341.225958856666,0,0.31199861440918375,0,0,1
69.13014979114264,10,0.92152685639754,0,0,1
104.15976611722039,10,0.5365770177834341,1,0,3
395.61667872080636,7,0.6961735148560209,0,0,1
148.8016772356449,21,0.08347610469710798,0,0,0
100.51129746250041,2,0.04033598753275214,0,0,1
125.74369285655081,18,0.2592281950671309,0,0,0
98.77100469139924,11,0.3091342922536541,0,0,1
235.25978349249823,5,0.6876805411799018,0,0,1
101.26995394525865,22,0.5691305027124413,0,0,0
129.1094501161791,7,0.37457960693498527,0,0,1
202.5077087514665,4,0.6541174841780109,1,0,3
186.7134629392331,9,0.16356574733628715,1,0,3
74.31459607998146,21,0.0634896948147059,0,0,0
237.26393037214737,15,0.8545050923182005,0,0,0
86.7782742113838,11,0.5639461282688776,1,0,3
53.11449385446014,16,0.6490952736374213,1,1,2
21.930208388178333,5,0.3072422507495741,0,0,1
115.82930696591711,8,0.3719549577376997,2,0,3
27.69011808001505,9,0.08236744715297573,1,0,3
65.44470515549557,19,0.8569881878017734,2,0,3
131.66482554106378,13,0.5924394500789348,1,0,3
292.0508228270703,13,0.08362766317994064,0,0,0
106.4107229863612,16,0.8045295997250006,0,0,0
34.5903153653162,15,0.4441153695169745,0,0,0
122.47372518687499,3,0.7651013501700132,0,1,2
284.32777143780896,1,0.012619862089148004,0,1,2
104.43409285227955,15,0.02873969697212264,0,0,0
326.27552253488216,0,0.17078295878214467,0,0,1
131.08869333106466,2,0.21091655614067983,1,0,3
220.52577779725485,22,0.7639555303101377,0,0,0
157.18418960223732,10,0.7066941640165981,0,0,1
315.6582709809292,15,0.6160881191298282,0,0,0
499.71599642070385,17,0.8848588964833388,0,0,0
90.46310589703204,14,0.24714878365636628,0,0,0
150.41086384114777,8,0.9044049039044483,0,0,1
291.9067705327329,11,0.9094710692651824,0,0,1
161.29357180880896,17,0.43425976018686396,0,1,2
20.65064235564779,4,0.09438620042016888,0,0,1
105.75414768656788,23,0.726559908189525,0,0,0
160.2757577099982,7,0.33692867264707915,0,0,1
375.04856694514496,2,0.7949295174367307,0,0,1
144.31512597534532,1,0.16369028390380314,0,0,1
61.53320456909477,18,0.5395151135743653,0,0,0
163.11120697177506,7,0.5080737303182109,0,0,1
350.0263184369529,1,0.1003144905696135,0,0,1
78.83839633124555,18,0.36333282567265845,0,0,0
87.7370815334557,0,0.08475531344672804,0,0,1
79.8941595510313,21,0.46474030951224743,1,0,3
39.575702899548276,12,0.8429045586137929,0,0,0
139.46153048462048,22,0.2702047633041317,0,1,2
127.2666722458342,19,0.7648619871874375,0,0,0
23.494804664792078,16,0.18342741561245635,0,0,0
65.97095853780255,2,0.6737349274906514,0,0,1
153.6849762878332,8,0.9155373999304496,0,0,1
216.86468329819863,4,0.3239280815657698,0,0,1
259.4910009222426,5,0.9004116380886182,1,0,3
229.3431134230998,3,0.5054209265263945,1,0,3
133.15637464736488,16,0.3168051331656575,0,0,0
33.10582943908091,20,0.8965082351115314,0,0,0
111.39522691222027,20,0.03203726676972818,0,0,0
7.66186798515151,20,0.028018851272810452,1,1,2
154.23643148589264,15,0.5998296042063329,1,0,3
76.51420262742676,15,0.7967507173302343,1,0,3
13.915437977302656,21,0.7515463074381062,1,0,3
175.75207379208103,10,0.07946950335160552,0,0,1
347.2135512023184,1,0.9502511935335578,0,0,1
28.10112123153302,16,0.7030635376375156,0,0,0
186.34795660524716,14,0.949112053727739,0,0,0
96.6919251359987,17,0.3290977589741021,0,0,0
69.07483509532901,9,0.6939391279828174,0,0,1
69.21178269202315,5,0.8599387467334852,0,0,1
96.67281218761315,20,0.3804642231542933,0,0,0
96.38105577209146,15,0.9648599187685701,0,0,0
129.09584703825925,4,0.264992791220541,0,0,1
63.18321406051983,11,0.3156136260212207,0,0,1
75.45619775729766,5,0.9203285766270387,0,0,1
198.97718209012896,13,0.9696597465027033,0,0,0
58.109033455372426,22,0.2851957483051497,1,0,3
161.7062081279815,15,0.13639003964285845,1,0,3
100.82645073937661,6,0.7590554097105976,0,0,1
84.58846239144566,1,0.9296652663004482,0,0,1
422.7453868315567,5,0.6007136437018746,0,0,1
40.51079767227648,8,0.6345189544062467,0,0,1
363.2340414692704,6,0.7629433341723002,0,1,2
239.2195581411231,1,0.15308481884140823,0,0,1
78.2592792915401,18,0.9734688964947393,1,0,3
243.99208421791457,7,0.3643293847285948,1,0,3
3.6330471828632653,10,0.6282404259422626,0,0,1
71.9401275794988,3,0.46861602049999285,0,0,1
58.85604280201755,15,0.46818097976484496,0,0,0
177.27324031919943,17,0.7027443721197214,0,0,0
219.86613605740365,12,0.9946622988722544,0,0,0
175.1917997766197,4,0.6590598504959515,0,0,1
146.58582915154886,1,0.7940591315727352,0,0,1
255.25654383822084,10,0.02761605726227012,0,1,2
230.74819105567843,0,0.8104273690648183,0,0,1
76.62718872858017,12,0.29997588176829715,1,1,2
84.23041258339057,4,0.12670184503466486,0,0,1
221.67507717271468,17,0.11333408544770585,0,0,0
128.12319406319705,13,0.6798748141696267,0,1,2
135.00563745666358,12,0.99761683604055,0,1,2
148.68834469654433,6,0.6661950983728997,0,0,1
21.792149475528262,7,0.2623481500667757,0,1,2
73.65385203955319,17,0.20330597100293968,0,0,0
188.41246265944295,6,0.5259570992680407,0,0,1
73.11545532598066,19,0.0650392993507033,1,0,3
110.24992075211324,16,0.3993308329271872,0,0,0
187.54059763530887,15,0.6662349040057874,0,0,0
265.0941573135217,10,0.9676622758084842,0,0,1
286.9450542303196,18,0.4256534478156052,0,1,2
298.0588252653266,0,0.20022394040730662,2,0,3
118.73419038488207,20,0.8173624033727843,0,1,2
109.20123108620999,7,0.7441995248606165,0,0,1
45.675278993299635,0,0.8597038882047439,0,0,1
348.5485086722389,8,0.21471872754289212,0,0,1
105.52883611045078,18,0.4048321958498351,0,0,0
343.10025834826405,20,0.9815544377230375,0,0,0
164.95792516168223,8,0.1580423197763735,0,0,1
273.56680869393466,20,0.6714508191554378,0,0,0
125.13478595665737,9,0.23718446154726402,0,0,1
201.057131376307,23,0.5001590062825443,0,0,0
279.9495789129995,22,0.800509645795688,1,0,3
88.14080117593592,10,0.488586052555819,0,0,1
299.1332057460625,0,0.8054816933119101,0,0,1
51.916786215245054,19,0.4263349054403459,0,0,0
415.4690922475845,7,0.9993529298700329,0,0,1
149.13211895914546,19,0.4358282342202101,0,1,2
74.67757358100306,11,0.1493794786378264,1,0,3
235.96311452149365,0,0.4018695156492489,1,0,3
170.63551193453705,9,0.7425931846422301,0,0,1
23.20587191039561,3,0.8479377577586286,0,1,2
96.71627775230392,14,0.46010329917626236,0,0,0
54.350663237546335,18,0.5944768410584397,0,0,0
58.96831495262339,5,0.8448900678262903,0,0,1
57.04541994901524,4,0.8135461799983198,0,0,1
194.3355182162614,4,0.6577239053611328,0,0,1
248.65452739224568,17,0.8150271042508549,1,0,3
68.81504045581396,2,0.575910758368637,1,0,3
16.535944878517448,21,0.004648168925280638,0,0,0
480.3387773181803,1,0.0412667844022232,0,0,1
150.33687720962996,3,0.9798083992381831,0,0,1
237.17921346457476,17,0.1449920420027052,0,0,0
114.14678503025691,8,0.40451640882346274,0,0,1
12.27903452633199,18,0.933811275009968,0,1,2
180.7759308473798,9,0.19503948473304944,1,0,3
386.77483120408743,21,0.8437913444665007,0,0,0
78.33439388820142,14,0.8182675681595905,0,1,2
10.411291691767918,0,0.9863296545513397,0,0,1
45.416114846918404,10,0.28168183364816834,0,0,1
245.2155262179685,13,0.31532535538014594,1,0,3
169.67775083749495,9,0.9028780010577865,0,0,1
299.9771467194206,18,0.23407905920227956,0,0,0
134.24306098927994,23,0.5479009569871091,0,0,0
217.2515890179265,20,0.7073449591910562,0,0,0
94.39149876025631,15,0.2718842452628857,0,0,0
48.995109110761916,7,0.9384129454447588,0,1,2
217.67750197699462,1,0.6656975480739203,0,0,1
248.00179790370896,22,0.04713930826982504,0,0,0
79.93545599482255,6,0.13573753126091392,0,0,1
363.8358342045167,18,0.1907815700915636,0,1,2
370.58411222915583,6,0.2449573639934497,1,0,3
57.37828341118,14,0.7306773700294364,0,0,0
59.88949300355394,7,0.0889352447554681,0,0,1
62.52733595486944,13,0.3505946722761345,0,0,0
120.68740166125458,0,0.9113833233280016,0,0,1
98.17909428924628,12,0.556667686337004,0,0,0
38.875085336500554,2,0.2654965638385357,0,0,1
64.19864699893002,20,0.9570562964803099,0,0,0
12.642805716897414,5,0.24431589196868242,0,0,1
15.953000139535424,18,0.9050996212676428,2,0,3
31.404864656528314,14,0.7257696736145556,2,0,3
463.03128599308855,3,0.7405210369587861,0,0,1
426.5775988284287,20,0.7649393184016161,0,0,0
226.65568890025003,2,0.5065693120572092,1,0,3
80.65595626009745,3,0.8145787260026688,1,0,3
30.841219045119097,4,0.8361930977524903,0,0,1
132.06718406409965,17,0.36048672167611706,0,0,0
184.43141259509193,9,0.4003445182163753,0,1,2
69.85643705511342,7,0.8887567185390258,1,0,3
177.30073031036173,11,0.5247292604295243,0,0,1
44.99093714622881,21,0.866943495941869,0,0,0
82.0949902683202,2,0.6267694617578073,0,0,1
108.42206489564347,17,0.5935677567490424,0,0,0
434.96895241715265,22,0.030980953277861878,1,0,3
63.34728706485218,7,0.27789439784074976,0,0,1
183.76675579576204,0,0.5020576469023181,2,0,3
54.79027484509311,13,0.5873171721347009,0,0,0
47.86464038021225,21,0.6304345290007342,0,1,2
69.57915203275371,22,0.716222825011617,0,0,0
135.65385341190387,12,0.6562334322936318,0,0,0
395.872762947405,11,0.8485767073958004,0,0,1
79.13779323414353,2,0.2954703428875134,0,0,1
249.32468619248806,17,0.6415699856658924,1,0,3
449.2725985952869,20,0.051159514196271294,0,0,0
161.64717958951047,12,0.4801900773220279,0,1,2
281.3775195904174,14,0.2680329659518925,0,0,0
66.2124432969585,9,0.38088714829469605,0,0,1
180.20072267933656,0,0.3546627517649591,0,0,1
214.7127493426882,5,0.060430677152637724,0,0,1
36.97960955710536,8,0.4666458007513755,0,0,1
60.38167323895656,9,0.9946292879915534,0,0,1
104.61491470985378,14,0.2989360568364836,0,0,0
71.3279012627548,8,0.7361459716682507,0,0,1
114.74922637359387,22,0.5477883349204357,0,0,0
31.597606332603696,13,0.3252253005314737,1,0,3
420.2580056177128,10,0.08960706039242117,0,0,1
267.35087950389686,6,0.21585790076521238,0,1,2
930.7989247316609,23,0.7818535394902439,0,0,0
41.67966826311711,1,0.2790201774186454,0,0,1
185.39604240557958,13,0.14430248241185317,1,0,3
71.92489950944537,5,0.3312983404606731,0,0,1
47.59195712060738,4,0.5840429522276902,0,0,1
256.972378082225,4,0.7034631642899991,0,0,1
139.0950693278793,18,0.38736483696958,0,0,0
98.89073546803513,18,0.498147157078349,0,0,0
165.29252881657075,5,0.4549166920334615,0,0,1
62.79992952562282,9,0.009003349923426884,1,1,2
60.88437749756669,22,0.39560047485584826,0,0,0
74.25418944333005,13,0.587319810172082,0,0,0
293.19191570449453,16,0.569944716415761,0,0,0
276.9816053429594,2,0.7497675583342468,1,0,3
39.73588541714902,0,0.6703759104353387,0,0,1
408.2411409922911,9,0.27680679711615375,0,0,1
130.10453452379147,2,0.2556436715589626,0,0,1
183.1567877559957,4,0.46414179806343414,0,0,1
72.13247938521786,18,0.7329696677216548,0,1,2
135.523668608812,9,0.09382730657596439,0,0,1
47.31124079488013,15,0.9483265830361624,0,0,0
67.75520329828375,0,0.5431531237064317,0,0,1
242.2835790179138,5,0.3064083949335007,1,0,3
246.27294287597252,8,0.693391230881426,0,0,1
189.38475179992315,4,0.04472581624310179,1,0,3
93.70111031036515,13,0.4843969157830629,0,0,0
39.043698689321026,9,0.485969647463809,0,0,1
317.70343345457275,1,0.16197528490935031,2,0,3
259.1373474612397,4,0.8373878159418832,1,0,3
19.326461198377295,0,0.7968121186802541,0,0,1
249.2628686811699,9,0.152732394453709,0,0,1
98.84161170068273,21,0.3638272935633775,0,0,0
219.84787444523053,8,0.10042955663088793,0,1,2
32.046156478914114,2,0.8486087568391968,0,0,1
75.52560918645523,14,0.32332010374864084,0,0,0
143.33631604627178,3,0.43931630785765274,0,1,2
420.37228824112674,12,0.32387195002056646,1,0,3
143.62135791462495,5,0.310026016464951,0,0,1
285.11227464204643,19,0.747302253748589,0,0,0
158.76913675863963,16,0.7475662341798232,0,1,2
154.5126297761881,22,0.5177881704805695,1,0,3
196.90380873934316,4,0.6576169493263143,0,0,1
127.38928085530767,14,0.5116631973579566,0,0,0
238.19102219875685,7,0.028589209939715032,0,0,1
50.75822460521511,4,0.06600643312993248,0,0,1
128.08060530412598,23,0.3837405695128313,0,0,0
444.33386964240844,12,0.7497463586283942,1,0,3
293.31140623112185,0,0.913226228134345,0,0,1
169.3094488556294,0,0.029708305346752617,0,1,2
265.94043415647366,6,0.368030052686807,0,0,1
368.1105347611179,21,0.2237824361164109,0,0,0
16.279532874620372,4,0.8152052811654619,1,0,3
106.73207454766889,13,0.8459681446546411,0,1,2
75.29492985240961,14,0.20640886769189526,0,0,0
34.61119349826254,20,0.7108272534348722,0,0,0
486.89095727183235,16,0.7317560373014286,0,1,2
203.7586467027708,23,0.17705769678257033,0,0,0
259.4656107023124,17,0.43369591700823573,0,0,0
78.216117594164,6,0.6203378054437996,0,0,1
104.87511700875774,21,0.02606660693259888,0,0,0
132.80661774487018,17,0.40459183304588275,0,0,0
178.90334101388365,18,0.15495823294762068,1,0,3
231.97832629144796,19,0.5418965011208873,0,0,0
221.61293972002125,6,0.8429175834609547,0,0,1
110.62183170692188,7,0.5247539386260373,0,1,2
377.88278244735415,12,0.035983596208683966,0,0,1
327.65666435251455,17,0.02965724559679117,0,1,2
165.74764869179268,23,0.6055031459041493,0,1,2
136.68509480953847,10,0.3279815585256125,0,0,1
103.89260398814103,8,0.5726665034718926,0,0,1
179.6657661883415,22,0.1636371089159876,0,0,0
315.9513998495784,0,0.7768623528361118,0,0,1
139.1159247701712,21,0.8607197057335678,0,0,0
83.70006393318246,7,0.8892256020848937,0,0,1
136.73274552331551,20,0.3040745888313513,0,1,2
168.03799698213052,11,0.6607353676247317,0,0,1
47.50839708027749,1,0.2790423871302602,0,1,2
36.24433546873607,14,0.7627568208115785,0,0,0
85.5997415319308,20,0.12052500222632356,0,1,2
377.3537152206649,23,0.7627648111211612,0,0,0
303.8961653670334,17,0.43972863766353476,0,0,0
27.981477747914735,16,0.8555494904355281,0,0,0
58.35997123418049,14,0.7389308599861465,0,0,0
229.18141128164115,19,0.3765196406964849,0,0,0
94.99195640931676,19,0.9035391853604525,0,0,0
186.8110701898382,8,0.28333713927531035,0,0,1
29.81022254616676,2,0.9669886314359233,0,0,1
134.59416621595415,19,0.7672033839556843,1,0,3
123.96947540477326,18,0.9906748512711893,0,0,0
260.3438343326243,17,0.053904616398477545,0,0,0
178.93203826688134,19,0.2740360458771308,0,0,0
148.65328787055142,7,0.7412642565144733,0,0,1
22.71336244961197,0,0.9222497012503753,0,0,1
453.87215269107196,23,0.02877081711945295,0,0,0
217.61018917734185,23,9.295975584744376e-06,0,0,0
72.53633912742612,14,0.25624262925624774,0,0,0
145.7993734666803,18,0.8527786766315614,0,1,2
97.44372381125788,9,0.767153102143225,0,0,1
113.19088241051843,11,0.340277462168857,0,1,2
300.66690982721553,5,0.002011264345435748,0,0,1
58.09696904818768,12,0.5547057409537272,0,0,0
224.1079176652353,3,0.23795547145095086,0,0,1
309.3993348308408,12,0.7456089284998436,0,0,0
199.76298568557718,16,0.446349664382626,0,0,0
117.81656387186572,0,0.6786019230476671,0,0,1
67.95128959299446,4,0.8523088298882903,0,1,2
76.70300055432166,23,0.5357597995185033,0,0,0
148.1084692621744,16,0.33595554072829237,0,0,0
138.88869286391585,17,0.769543546015249,1,0,3
244.15302773567447,6,0.26518723977117786,0,0,1
32.22510449771312,15,0.8915188161064341,0,0,0
298.08884333947253,7,0.07142764673293578,0,0,1
654.9789051532453,11,0.8354686411085447,0,0,1
126.85751303508191,13,0.09155572727095107,0,0,0
111.87640310055818,18,0.05613698040981574,0,0,0
120.60292852225402,10,0.3632569373481609,0,0,1
144.21796283867252,11,0.956549354474828,0,0,1
104.88133451842087,12,0.9834860541916022,0,0,0
16.706139109997764,7,0.2020705009661593,0,0,1
118.49459976063564,0,0.14863755566206616,0,1,2
150.92676662582346,8,0.3529533315547776,0,0,1
320.3061245281679,1,0.33708684088107377,0,0,1
57.39030133313559,13,0.7595928827379745,1,0,3
408.7354319184066,12,0.44399902074672615,0,0,1
99.06442754013096,15,0.7798835857345133,0,0,0
64.00297113630769,1,0.7487130970250458,0,1,2
217.65053860521408,3,0.5783104301259233,0,0,1
89.82066194258644,11,0.8335120997416551,0,0,1
128.77924660206534,15,0.1956477465527071,0,0,0
135.73132754070272,9,0.1618104956605133,0,0,1
208.84662067438572,2,0.7506502585026682,1,0,3
125.80143032965474,3,0.2447970621552955,1,0,3
115.16676233149973,5,0.0027943838203846605,1,0,3
96.94002682359731,22,0.9119601686445381,0,0,0
194.06016876891866,4,0.6229370580330629,0,0,1
85.89859417467986,17,0.4449376980079407,0,1,2
327.5843566162047,2,0.7257365100090378,1,0,3
136.90432499789165,9,0.33333173311528586,0,0,1
24.176342168363657,10,0.9536660570954177,1,0,3
167.94812167443632,18,0.0686202889474109,0,1,2
188.75166034453423,13,0.640948190662361,0,0,0
330.09560423664243,20,0.7772894828612735,0,0,0
70.73216998054885,10,0.4691259078935094,0,0,1
61.737886290899255,20,0.7549683550660359,1,1,2
213.83875276049423,3,0.9269103978785693,0,0,1
293.9550549532071,23,0.7439939006792845,1,0,3
68.23703922130228,21,0.3093668671363111,1,0,3
163.47247018389126,5,0.5618463747192025,1,0,3
127.50550362168806,16,0.9116035178596232,0,0,0
70.41794259800915,21,0.4490977254824927,0,0,0
121.70843362961139,18,0.6816984949157149,0,0,0
279.75344621322404,12,0.4655147251288725,0,0,0
137.35506560824388,21,0.12134415694036216,0,0,0
116.6844612952962,9,0.0585976358762752,0,0,1
205.8994488738472,10,0.9522739596286872,0,0,1
297.35080020376756,5,0.6125417734210956,0,0,1
56.45102019066716,1,0.10381491312249158,0,0,1
168.51706500036977,0,0.8574385584698381,0,0,1
99.59014719305237,10,0.5226931365108133,0,1,2
137.82711374346826,15,0.7719321122398732,0,1,2
217.5960559326253,2,0.12675619562541507,1,0,3
106.17542944322057,4,0.9069104318295861,0,0,1
125.05290266949675,14,0.5905354396820256,0,1,2
264.1370219689872,14,0.738260680749041,0,0,0
185.43830132547126,3,0.03137968801685298,0,0,1
122.84304885046133,22,0.31530490019900315,0,0,0
148.28281616394148,3,0.2674454143954117,0,0,1
140.16243144494578,7,0.9495949952878708,0,0,1
22.15740950565856,6,0.18533856888033606,0,1,2
150.19462214053084,16,0.7070517267140926,0,0,0
40.46082997513851,14,0.042753537749293025,0,0,0
291.6782086433017,4,0.19768408569423856,0,0,1
39.508570315992955,12,0.3385973542543528,1,1,2
95.56324725125229,3,0.7945058478747417,1,0,3
81.10623795509301,21,0.7899765800618004,1,1,2
367.08363281731584,16,0.9526018617431619,0,0,0
283.40646764778296,21,0.9167675026668848,0,0,0
9.371897770227115,16,0.08151459504501635,0,0,0
132.09334444739056,13,0.8298677221446958,0,1,2
47.84639813470005,13,0.4511735795400168,1,0,3
150.6229276787476,16,0.8658860907297334,0,1,2
214.09399650126946,7,0.08928625153113057,2,0,3
160.2845873989857,1,0.8227691015073356,1,0,3
223.3635437353934,12,0.1596425190007743,0,0,0
108.50811755026754,21,0.3338416300693422,0,0,0
164.10218334368307,15,0.02884840029002167,0,0,0
217.78900645015335,15,0.12372808818713854,0,0,0
92.56511746761748,5,0.44572588541238267,0,0,1
63.16265059442091,21,0.8183383356344703,0,0,0
77.3265689043542,23,0.7736697713650498,0,0,0
121.54738452023523,3,0.23529776177631323,0,0,1
134.8914227189457,2,0.15169044906928097,0,0,1
171.16678262042961,5,0.38926346298177006,0,0,1
70.78005447312901,3,0.8832683472128847,0,1,2
222.25452708834095,17,0.09142507416300316,0,0,0
423.4180413135898,5,0.5429140103443503,1,0,3
81.62590709180557,4,0.0888074794030419,0,0,1
580.8395806324568,8,0.47021212116423894,0,0,1
461.04394115057255,10,0.12679151216098228,1,0,3
134.5641070420969,5,0.08033693499936478,0,0,1
118.70685363992675,15,0.19084933306358476,0,0,0
76.36520320487972,18,0.2552560193687662,0,0,0
245.5003746922515,10,0.2762653791314248,0,0,1
141.59968389139226,20,0.6452679472473328,0,0,0
153.139968872366,14,0.05498187562288126,0,1,2
64.39771712872519,23,0.08080905990536413,0,0,0
250.3372011026126,8,0.1887061614792671,1,0,3
111.3453860601563,23,0.872063069181422,0,0,0
51.37522672292369,18,0.6286049260632328,0,0,0
126.50965068426146,18,0.7303696591879556,0,0,0
68.242467089927,23,0.37036215555765917,0,0,0
330.4179357740174,8,0.21322034907000087,0,0,1
457.10729092014753,22,0.037961360962912805,0,0,0
129.3312780841942,3,0.4885356199718922,0,1,2
278.0640664990252,9,0.5742809642273129,0,0,1
273.37949765015316,8,0.8970027943777118,2,1,3
1.7798024027075343,18,0.882092978748994,1,1,2
77.43120721007877,14,0.42468515847225496,1,0,3
146.36121845360103,18,0.42357792900346214,0,0,0
94.57500097366554,1,0.16112289671583369,0,1,2
72.24697961975826,9,0.25744898784259085,1,0,3
285.9389713176874,18,0.9256635763208915,0,0,0
91.50912636047147,16,0.14103601093520213,1,1,2
171.49828354757886,19,0.9686995467436516,0,0,0
269.1277038382129,23,0.5047385502151964,0,0,0
343.4996141742244,20,0.4566067747668311,2,0,3
51.62269832278453,1,0.1746383806863545,0,0,1
56.01490464643487,18,0.6615412504824808,0,0,0
157.82332498590077,16,0.45984551836224785,0,0,0
16.408939880013158,17,0.37066306791322123,0,0,0
58.60748144842105,16,0.26451621858529195,0,1,2
307.39604741946573,1,0.06648680301487198,0,0,1
210.30223898932093,18,0.5193281165510958,0,0,0
121.54618334061195,0,0.31290833305863675,1,0,3
188.60605551769,10,0.7078652030027721,0,1,2
220.57784590340464,9,0.7235223567491524,0,0,1
35.747008015968255,4,0.3321070115377964,0,0,1
90.15396931360236,15,0.6691206835667609,0,1,2
335.61578696594324,23,0.2586752402794943,0,0,0
159.89814456313593,4,0.7271737262421529,1,1,2
166.9479313162162,23,0.016077145545221994,0,1,2
129.59093336856608,22,0.15160876698531278,0,1,2
22.341099960211658,11,0.2450086619074362,0,0,1
80.4964142039556,3,0.7729354869865064,0,0,1
180.56558198245853,22,0.06637625308440853,1,0,3
91.9433250227317,5,0.18805714371553095,1,0,3
53.41373861476018,18,0.3586241055051941,0,0,0
60.28131647746172,8,0.009174994152910898,1,1,2
340.22751879620205,11,0.7621209753744086,0,0,1
87.8488039015758,14,0.5601051496721345,0,0,0
295.90547723337437,15,0.9006793870200173,0,0,0
167.51577785327208,12,0.031031032544945436,0,0,0
110.86498837544357,20,0.27139068376632025,1,1,2
69.25786273908902,23,0.7312516574367022,0,0,0
214.28996852226282,6,0.6751494194489744,0,0,1
271.83824372294504,22,0.2430574406047079,1,0,3
228.85919191842487,19,0.5956877349680622,0,0,0
39.742138276294625,3,0.7937576531077537,0,0,1
87.64399824315663,10,0.033380703334614736,0,0,1
96.68729025724375,7,0.7176283968694148,0,0,1
17.3813799007973,5,0.25209706511397556,0,0,1
187.25808783809555,9,0.9478512885341324,1,0,3
206.6578740655947,6,0.5382202213611084,1,0,3
201.62425751163443,6,0.033386182631281125,0,1,2
178.68768886192277,3,0.40343061878255526,0,0,1
103.57713431645338,2,0.9663118582194857,1,0,3
66.86240300754324,23,0.7303729932442136,0,0,0
103.2801726860742,6,0.3004790036864622,0,1,2
168.50427900550784,3,0.5752672943138663,0,1,2
314.5462809834062,12,0.5991013556195962,0,0,1
141.55326518866198,19,0.023348160783210226,0,0,0
137.93606566386734,16,0.178833361249222,1,0,3
19.404934515811732,6,0.5517769383122278,0,0,1
176.72470427688506,16,0.402752558490689,1,0,3
329.93252620504404,3,0.19003781452016077,1,0,3
122.30544203114854,10,0.7726687348641699,1,0,3
115.21028518258925,2,0.4889948806787626,0,0,1
98.19034788639145,10,0.30997314236684914,0,1,2
219.40577657740016,2,0.16167734641574594,0,0,1
18.305121777739746,11,0.6111633627916309,0,1,2
296.1027842690304,0,0.6662613026613708,1,0,3
111.24140084536677,3,0.6695972165770953,1,0,3
179.05870954475324,13,0.22028736028870277,0,0,0
231.50688329680153,0,0.5953384072223521,0,0,1
59.604373158717294,13,0.9054064648584275,0,0,0
131.28673187259773,12,0.3531876007629875,0,0,0
109.33594972464738,12,0.2107669326418441,1,1,2
47.15075049284287,23,0.772149516020762,0,0,0
270.37423217503556,14,0.17688294015945139,0,0,0
102.37229773807084,16,0.25374872039489194,0,0,0
45.277878221731946,11,0.10064439431196248,1,1,2
137.47716129683508,21,0.26787431607466927,0,0,0
33.75644494277183,22,0.4103350662149784,0,0,0
91.96822420225828,13,0.06415786194299111,0,0,0
166.05475546719015,11,0.8717089108973005,0,0,1
30.134922903870862,17,0.5136747922166857,0,0,0
209.6796055627741,3,0.5881036318885304,1,0,3
142.97252165232442,13,0.3712857564334544,0,1,2
232.42966901939343,18,0.6698352295539118,0,0,0
230.6427759736397,12,0.43178173585103075,0,0,0
89.337899806237,22,0.761313774539245,0,0,0
91.4024865236558,17,0.8214021435154072,0,0,0
188.69735874613073,10,0.6718491118865227,0,1,2
51.30496533819987,5,0.4913356191742305,0,0,1
51.62992677172511,8,0.7822693506022277,0,0,1
79.23886729924878,11,0.4942853114048491,0,0,1
36.94703375556529,18,0.11150990436956876,0,0,0
44.774657451193384,13,0.1163402232441062,1,0,3
46.25217754932703,14,0.9485831396330012,0,0,0
102.67512616371094,10,0.21356300845787612,1,0,3
98.88793727573527,5,0.8159249910219764,0,1,2
257.18602959708574,13,0.24670540727502854,0,1,2
104.16498061703307,2,0.43078009385681637,0,0,1
123.72695670619504,18,0.6549481120981441,4,0,3
403.7705817455648,19,0.15886717289590413,0,0,0
9.891968857187962,10,0.7372464883638775,0,0,1
154.5498127618077,23,0.6899129725565383,0,0,0
111.37408527880382,16,0.543082889105783,0,0,0
166.24160170099512,16,0.5658897560424324,1,1,2
83.54742779819037,22,0.10577179352159038,0,0,0
103.62996637407176,2,0.4359491504351223,0,0,1
304.7770948330012,13,0.08657139535762459,0,0,0
186.84738340282237,6,0.3078632910335106,0,0,1
107.8519535266299,18,0.9003121410906335,0,0,0
68.2926369770147,2,0.5745334005547921,0,1,2
51.12912862060627,1,0.7427034381526816,1,0,3
88.05288944803456,16,0.5738858673758923,0,1,2
115.62934108215654,8,0.19423675800664908,0,0,1
402.77093094274,21,0.5948083157798915,0,0,0
146.3174224052575,5,0.7553880773055249,0,0,1
75.60493492115634,23,0.1384050028670275,2,0,3
9.959042372964023,20,0.8169067100945848,1,0,3
66.57945788941235,8,0.5553921789782958,1,0,3
88.15269072543657,4,0.0042752021687813,0,1,2
157.04810655440178,1,0.519778486337977,0,0,1
90.86219573330615,21,0.3956714921368296,0,0,0
415.24505418174186,14,0.29644651128998756,0,1,2
109.38479321921574,8,0.7712572199178752,0,0,1
263.1946814240862,18,0.8994998836588509,0,0,0
27.45862520593461,9,0.7626530893451102,0,1,2
125.92447160878139,3,0.8467725815908732,0,1,2
67.20313751291494,9,0.9087809432111732,0,0,1
268.1888957209038,7,0.9126293113764777,0,0,1
95.86088351000156,21,0.11463814299675745,0,1,2
310.54677670287947,12,0.45638548888716146,0,0,1
207.70097204846977,6,0.0002864743929102964,0,0,1
85.821239672104,6,0.5064625847036726,0,0,1
50.23358316194301,3,0.9242439343437908,0,0,1
70.8454641322301,14,0.1991022903981734,0,0,0
103.72903953492775,11,0.6397866287665797,0,0,1
206.7608754581696,15,0.6443790464178937,0,0,0
129.2521097824008,5,0.16035398468777295,0,1,2
233.43624142560617,8,0.23852743931746034,0,0,1
326.84511891935335,2,0.4620217839602411,0,0,1
134.5622620197603,7,0.18820937645434543,0,0,1
55.52450725217283,6,0.5849939785245091,0,0,1
171.87876098931613,3,0.48454173102226905,0,0,1
445.5455444061466,12,0.5191981785123732,0,0,1
242.59686839729687,18,0.13446755282055523,0,1,2
162.53412596521838,6,0.5172518254386435,0,1,2
62.278581543487675,9,0.04947819105413931,1,0,3
112.46774198510721,11,0.8815352980116816,0,0,1
29.418200128814572,2,0.3432496908055924,0,0,1
47.43955446031351,23,0.8563373248357075,0,0,0
174.44796111934193,11,0.7016563687448438,0,1,2
22.87028789556413,18,0.766172589297181,0,0,0
99.63732582818066,14,0.31454449453892275,0,0,0
42.613543679789444,7,0.22774393983405516,1,0,3
49.69616840805657,11,0.40674055384111485,0,0,1
136.4344037198996,19,0.024225862412799337,0,0,0
70.93037627496895,5,0.9187556768683495,0,1,2
34.74337060101509,9,0.38701426596612454,0,0,1
83.31061436170489,1,0.988556604843565,0,0,1
33.50791675016107,23,0.7614494208074128,0,0,0
297.72977600992283,12,0.08051500979931048,0,0,1
214.80034657939433,6,0.6601882778425759,0,0,1
214.13266837029192,7,0.2708391648379551,0,1,2
65.12621012386614,22,0.24371864558138012,0,0,0
178.6023706655119,15,0.25656266990321286,2,0,3
151.6444146000348,10,0.916075048692817,0,0,1
69.53680641775499,3,0.4999801760713749,0,0,1
123.07512972109637,16,0.6694708988116058,0,0,0
27.924281521394562,15,0.2809478257997007,0,0,0
51.49329318308541,18,0.5229544551851182,0,0,0
120.46093883109222,22,0.3501001382111898,0,0,0
87.36289713057077,10,0.32113904039640073,0,0,1
167.4593878572008,6,0.24696884797021224,0,0,1
71.17179484931059,12,0.40900689849340055,0,0,0
98.19814666929717,18,0.6600301106300229,0,0,0
128.35352509384393,16,0.222043776067109,0,0,0
66.10506552750292,21,0.9654439868773501,0,0,0
96.84308732209487,12,0.12461167646366667,0,1,2
150.8635377990161,11,0.4802072077214363,0,0,1
355.011714543827,6,0.0850282163553494,0,0,1
66.45365915218483,0,0.02266532106900998,0,0,1
87.71085225745017,0,0.9226773196983634,0,0,1
240.946591861103,19,0.8103847939506341,0,0,0
282.55831332223414,22,0.6941553731255583,1,0,3
190.87439660186743,13,0.8651908131499447,0,0,0
277.67786140645273,14,0.8028484229697286,0,0,0
63.18924107125304,10,0.6472377209863922,1,1,2
259.94587172644486,23,0.8473423257683692,0,0,0
220.10785756746253,8,0.3908005534601052,0,0,1
49.06430216912098,16,0.5527518332351261,0,1,2
99.36333353970406,3,0.7763106529786457,0,0,1
13.488082584269815,19,0.08479801624634664,0,1,2
142.78078476041748,18,0.8586454671624839,0,0,0
256.7332024837992,6,0.15683045569660503,0,0,1
84.01920290380004,0,0.8645412528975391,0,0,1
54.58301553126161,8,0.311332871632927,0,0,1
51.1386464530934,12,0.32678284596921847,0,0,0
126.893026919413,23,0.07394868986970127,0,0,0
189.66958950399598,1,0.8858996238957495,0,0,1
359.97926894596685,1,0.17451040239086957,0,0,1
12.032030753665603,23,0.6300499020370153,0,1,2
331.20858369482136,14,0.6439675992535223,1,0,3
148.54824531028106,16,0.2811515034146459,0,0,0
248.49113348946963,12,0.9856609574568044,0,0,0
211.22229303099095,6,0.06416621811108492,1,0,3
132.91313471585136,8,0.6078720109915183,0,1,2
129.11728976439267,11,0.4795439274571891,0,0,1
170.9289047520355,2,0.24548410714727464,0,0,1
105.57060169128891,22,0.16355171132294644,2,0,3
112.38068679422086,21,0.7370843581589864,0,0,0
196.27559092555003,14,0.9163148744811864,0,0,0
66.24256728206016,6,0.10754626195472239,0,0,1
264.652210910938,22,0.19398021210600547,0,0,0
249.9145162160201,0,0.9862697472955654,1,0,3
88.08332783689023,13,0.015022674237874623,0,1,2
197.64855895826156,18,0.5082519696529233,0,0,0
180.279059280076,15,0.5161128500818143,1,0,3
80.69180937795133,9,0.26316152514577384,0,1,2
207.93652497830448,0,0.6630288804436608,0,1,2
347.24600227665917,4,0.9449409064270137,0,0,1
270.78368265627404,2,0.45021393095657714,0,0,1
34.3366504982503,16,0.7494195054011905,1,0,3
184.76228498185517,17,0.6460702592714582,0,0,0
241.90760840680727,20,0.47294186354171486,0,0,0
76.33592030267656,18,0.049812299803204674,0,0,0
264.68593171619267,21,0.7417498049572753,0,0,0
69.11865204350866,21,0.36325144712146296,0,0,0
104.7142174890381,17,0.22449468840242093,1,0,3
71.47672437347615,15,0.9482686497881705,0,0,0
61.681017739580895,1,0.773502769547162,0,0,1
170.73303020682852,14,0.9622686816769365,0,0,0
37.602656916711766,12,0.25621693216559005,0,0,0
109.38519355395756,12,0.8357933275778873,0,0,0
170.79529584746356,15,0.6077214042619692,0,0,0
72.34641240853864,7,0.9815036893032196,0,0,1
295.8270037134812,10,0.9463169456136573,1,1,2
116.3425773367493,7,0.9729680449427024,0,0,1
383.97482481172625,21,0.951767618339942,0,0,0
33.407240565490326,9,0.007660866890438989,0,0,1
175.64215161027593,22,0.7410854101506894,1,0,3
151.27846084439662,0,0.27193456120964177,0,0,1
95.79646100723481,11,0.7050270955525281,0,0,1
133.51879292884743,8,0.9806112012539087,0,0,1
194.5549407382311,4,0.03935939069875882,0,1,2
220.8407553344476,8,0.5669878324393505,0,0,1
119.3374665508075,15,0.7349531581167693,0,0,0
177.26835420323155,17,0.2533587822148069,0,0,0
65.9602816802513,7,0.22512193706714245,0,1,2
223.80455843435112,22,0.060345505401880994,0,0,0
334.9448279122732,10,0.0939198571680756,0,0,1
235.7095974673989,19,0.6567499108483615,0,0,0
71.6071880405025,18,0.5052106190319509,0,0,0
56.96099202275275,3,0.030072227481945935,1,0,3
544.5080638173524,19,0.9696617587527658,0,0,0
320.3342086328772,9,0.6560458694888051,0,0,1
221.39861912422577,23,0.5154685690160083,0,0,0
349.64638009650514,12,0.2727242366264233,0,0,1
130.23213730986737,19,0.6580988848075032,1,1,2
218.5947690886326,13,0.36416786288271275,0,0,0
293.74279095670965,20,0.7024941626624895,0,0,0
105.52993492037531,1,0.6825719203067642,0,0,1
184.66593118516985,3,0.09274379512412934,1,0,3
272.17803607776546,6,0.9092607083109917,0,0,1
53.35996263103823,18,0.4869742516016813,0,0,0
97.29921334374737,16,0.3929449389665539,0,0,0
268.0710267122712,15,0.9554621436287786,0,0,0
154.32235504240214,12,0.4382092811112116,0,0,0
139.5937889435372,23,0.7212209169030644,0,0,0
127.44875163041527,23,0.6551364772498361,0,0,0
287.02045424974204,21,0.16514009808305663,1,0,3
58.79488241401201,22,0.991142773743137,0,0,0
92.03210566486993,17,0.46360432229088666,0,0,0
37.27756069053164,20,0.3947825724173085,0,0,0
102.95443654195489,11,0.9196134927532301,0,0,1
148.79984905815257,22,0.5292383365771101,0,0,0
19.463945545157312,0,0.7050769619293124,1,0,3
66.86361137457996,14,0.8462460472620109,1,0,3
154.1497260411691,2,0.23549439572451836,0,0,1
182.59707205702534,5,0.1694665851945295,1,0,3
402.20594358108383,13,0.06850680559100597,0,0,0
202.2544748575665,22,0.8971332992460653,0,0,0
115.77934589405072,5,0.20036709474314873,0,0,1
145.85028872060235,0,0.3077540440643939,0,0,1
149.58990000007287,19,0.2858069260789511,1,0,3
92.1536564571287,5,0.3045879875223949,0,0,1
159.0204283104816,7,0.6680611268287184,0,0,1
88.52923877452446,14,0.9541135587405383,0,0,0
164.84963322816537,13,0.3294534359575404,0,0,0
127.34893637487991,15,0.40764715465869683,0,0,0
111.79247490219973,19,0.7711469841086112,0,1,2
114.32036305992344,22,0.4323379441876859,0,0,0
225.96555338205116,15,0.9260427679260474,0,0,0
211.22973263747045,18,0.5032180507452165,0,0,0
107.32276166138254,23,0.3477348557636154,0,0,0
219.98611578966967,0,0.9715724837342696,0,1,2
125.45638631242055,3,0.42578187606417994,0,0,1
126.94259539663413,23,0.23117487118804259,0,0,0
92.21971677259322,9,0.17770081478953292,0,0,1
374.79880911513806,19,0.9951813258283256,0,0,0
349.1281521287623,17,0.7529876931288492,0,1,2
76.79104322894817,1,0.4086597974551808,0,0,1
102.36262407212914,3,0.82636334285219,0,0,1
174.1049418113624,14,0.546806129514485,0,0,0
197.4189111521253,3,0.31738957363327247,1,1,2
54.38958249512774,15,0.7433858087359594,0,0,0
63.082826943898446,14,0.7458947388831518,0,0,0
197.85676939009448,17,0.500169229184135,0,0,0
34.03031024441743,6,0.045158340355496374,0,1,2
77.35580234129682,14,0.07702248657366761,0,0,0
243.3644019649097,21,0.7887494790012712,0,0,0
235.74475261262842,10,0.8234763759882132,0,1,2
361.3548673198119,18,0.6782897485771823,0,0,0
442.1605441742017,7,0.839068575417683,0,0,1
689.4176339988634,23,0.7194874703576121,0,0,0
99.9947194295363,0,0.896934620508916,0,1,2
81.80024787516219,2,0.15039827261328031,0,0,1
178.93857030099736,4,0.3877415283268735,0,0,1
38.186196321550725,17,0.4641107938908192,0,0,0
110.16391008585076,11,0.2976637947582136,0,0,1
148.4984486632979,11,0.7253664481494441,0,1,2
188.68742299895797,20,0.9124388126891402,0,1,2
203.27223670011986,18,0.4124821992692763,0,0,0
107.5130911973278,8,0.9415419645979666,1,0,3
44.11853788950754,10,0.5167689071440567,1,0,3
53.70989799467975,16,0.5225156268160511,1,0,3
16.694095021068,15,0.6002195406777565,0,0,0
84.27835781177524,3,0.26833106511932536,1,0,3
37.2936256803063,9,0.383360519135037,0,0,1
89.19994864776842,21,0.5532374528854946,1,0,3
177.656758194122,14,0.9419828855732617,0,0,0
45.1298209330985,18,0.6426925784552184,0,0,0
142.3703277040275,2,0.33311655788870953,1,0,3
106.60002823571861,20,0.010468573316502638,0,0,0
171.0175630303199,22,0.9816656499299057,0,0,0
200.5843002518364,4,0.49298455781839545,0,0,1
101.3932424835091,10,0.938495158330771,0,1,2
133.56394710837358,23,0.5493452338350528,0,0,0
106.93214823638743,4,0.6054648602222887,0,0,1
91.46727208135357,6,0.7119122559039721,0,0,1
74.07445454297154,5,0.32097573366440557,0,0,1
187.70385537804958,12,0.6989839606750345,0,0,0
319.6638986779842,1,0.5267919098513837,0,0,1
294.54328047072175,18,0.6724799495825067,0,0,0
41.10770562995309,10,0.83583326090984,0,0,1
315.72058174555264,19,0.18422913027198395,0,0,0
59.93115012798408,4,0.6135509103357597,1,1,2
148.5410790908749,8,0.05211132860983658,0,0,1
168.42998389889277,5,0.10211508894903687,0,0,1
31.268808789867922,16,0.674594235735587,0,0,0
116.09692897374076,18,0.07093765180831946,0,0,0
328.92112395372294,22,0.5953577798139739,0,0,0
10.392833018209819,7,0.22001259865138545,0,0,1
571.6346227331541,6,0.304084828511748,0,0,1
15.764339044198593,4,0.1296365021474264,0,1,2
165.34789234411488,14,0.2486674861728393,0,0,0
32.893902042159,9,0.821291784819328,1,0,3
184.75684760219593,23,0.6388784056065275,0,0,0
285.847576178815,15,0.9497597947128548,0,0,0
235.03790913297132,8,0.04874485535375528,0,1,2
261.973217030819,6,0.7924119971840686,0,0,1
107.3134859748427,10,0.6990771832794246,0,0,1
327.39074317773327,8,0.26089230519753603,0,1,2
488.92980887813235,16,0.7291667028105845,0,0,0
142.98838227112617,8,0.7165485499146202,0,0,1
97.7735377624198,2,0.4593452030587438,0,1,2
67.90065802645812,21,0.688639618853709,0,0,0
224.60048735013217,7,0.44458090301506525,0,0,1
270.5511924992884,18,0.33554559605787215,0,0,0
97.8087366448088,19,0.46649096033691617,0,0,0
375.7114990169491,15,0.8951294814927913,0,0,0
211.61491216340838,6,0.38458379286021815,0,0,1
141.75842296051516,6,0.40368817745666385,1,0,3
169.30127392435492,19,0.6084032276220502,0,0,0
55.11785833769375,12,0.7529994754336213,0,0,0
222.8168048286205,2,0.7346208603111565,0,1,2
58.56530780082351,11,0.01979873011815725,1,0,3
87.75031369890483,23,0.6874153330188532,0,0,0
125.94928910604261,7,0.45055404809892685,0,0,1
439.1176393754626,12,0.5240899675544575,1,0,3
159.47524969795788,19,0.5616633369429792,0,0,0
63.98531330471643,15,0.7317196171082654,0,0,0
169.7653086277074,6,0.831332983608313,1,0,3
202.73145989925214,3,0.646260944632236,1,0,3
301.27333222066,11,0.5639072208060012,0,0,1
130.84073087212462,16,0.37376925481270185,0,0,0
72.80258995376411,0,0.13787821923194754,0,0,1
516.5600504775978,16,0.958577681644864,0,0,0
170.03677172999056,1,0.4618422923253076,0,0,1
64.34349067652589,5,0.5662122444973933,0,0,1
129.9515005754726,11,0.7510731394364172,0,0,1
87.78770344808072,10,0.06841048497982916,1,0,3
313.6433091260593,20,0.8550110090037315,0,0,0
201.3579604951701,10,0.7970257433424074,0,0,1
103.56323148025282,17,0.7744285819098411,0,0,0
270.6620568002909,7,0.021982706734408386,0,0,1
121.94518627046092,6,0.5265188514104142,0,0,1
127.64773060795883,13,0.054268370732436844,0,0,0
71.05826035988132,15,0.5508725788472912,0,0,0
70.56340330324863,11,0.7184483262555225,0,0,1
494.25041807029936,8,0.12185025025842289,0,0,1
261.9692140142284,19,0.6948831054772886,0,0,0
20.092410193836084,22,0.4495328459853072,1,0,3
57.27603773308711,20,0.81155293067782,0,0,0
46.7505537844568,15,0.533588939380301,0,0,0
139.61651210955884,20,0.33612153583464877,0,0,0
94.90783883059461,18,0.3319915634237086,0,0,0
356.3869687903877,15,0.897486520007584,0,0,0
102.36554943056022,8,0.4528715845851323,1,0,3
461.4565848708913,12,0.40575389717642096,0,1,2
124.86609172173529,4,0.03987362229791558,0,0,1
527.8980422195743,21,0.36432460511540166,0,0,0
113.50860924109108,18,0.8496270549444248,0,0,0
115.28915904907126,9,0.7609876565326091,0,1,2
257.9923851817628,6,0.22091320279659976,1,1,2
232.55999943326344,8,0.4130566232135032,1,0,3
39.40858290191387,13,0.19657967608174887,0,1,2
142.18459143958088,14,0.9542168168347068,1,0,3
94.18721795620343,12,0.5981178785355357,0,0,0
88.92551070603274,9,0.7543547925485486,0,1,2
141.6651169979692,13,0.713808649676779,0,1,2
105.73202950925699,20,0.8736893633900835,0,0,0
153.1420619572433,22,0.9493277785454594,1,1,2
54.90829556571116,11,0.03244617377572445,2,0,3
30.55005313078251,18,0.9753011798999524,1,0,3
264.87121575830474,5,0.8705424631058796,0,1,2
293.37283033090193,11,0.3829474086980963,0,1,2
253.6073382785998,23,0.8370692425570705,0,0,0
136.91079751878297,12,0.7365579823309495,0,0,0
99.28941898337611,7,0.7931143766896918,0,0,1
79.12287232228532,15,0.22069103283905533,0,0,0
66.93382788813973,1,0.6485637019356654,0,0,1
124.97342005044317,21,0.02592589429929082,1,1,2
288.46982340807745,6,0.8482291325528488,0,0,1
73.49995474120564,11,0.9510429724757891,0,0,1
288.80839463454674,6,0.6621234406352879,0,1,2
32.29498235481525,18,0.5126696531760021,0,0,0
159.1222025479122,13,0.7257310893630712,0,0,0
184.17985347993366,8,0.32636128822461696,1,0,3
86.4409693699956,17,0.626387795812538,0,0,0
51.6089238325644,10,0.7189729393064442,0,0,1
241.20143669399314,15,0.14268078148118757,1,0,3
137.70730139485346,18,0.14006800549659237,0,0,0
633.1042987098631,10,0.7161381777143069,0,0,1
291.4709863599324,17,0.43178249416549597,0,0,0
293.05180503476686,10,0.8892014984609,0,0,1
7.3936017289827625,3,0.3119388821568376,0,0,1
74.7838478409198,17,0.042430737248644546,0,0,0
45.960387541693834,18,0.6498760292315197,0,0,0
15.547708253471729,12,0.6842392266025806,0,0,0
129.41430118836058,3,0.5535916089787103,1,0,3
237.03159907221425,9,0.683332645694598,0,0,1
56.5322008349683,21,0.523754344474395,3,0,3
16.78122023457713,4,0.6926328160990456,0,0,1
60.989109314147676,2,0.043937406555194514,1,0,3
117.50574513455925,15,0.3683973702210215,0,1,2
110.75416112688642,7,0.21081691795368462,0,0,1
134.42545810459845,23,0.09932613861162731,0,0,0
181.42045446720056,6,0.2340926361660719,0,0,1
131.8953849365275,18,0.19131061803178817,0,0,0
246.28074502864766,13,0.9731313883615972,0,0,0
57.52334291374109,14,0.2865459177184627,0,0,0
107.07815534279399,16,0.2309589701471595,0,1,2
203.34027556871575,20,0.8348745062689928,0,0,0
164.53425368999848,0,0.41911621726883896,2,0,3
426.27823478283284,5,0.4214654484493091,1,0,3
59.79264824844134,22,0.44359046638015176,0,1,2
205.96316443221286,14,0.4165345061206146,0,0,0
78.27382296219429,11,0.32656545495884837,1,0,3
70.974394471727,20,0.2863394425547898,0,0,0
279.6312983891838,19,0.8819596764854412,0,0,0
130.74873979974515,1,0.1617073461353562,0,0,1
162.47112532135762,4,0.18106235292293926,0,0,1
83.54714395671301,8,0.5717191004250424,0,0,1
87.72734103643768,19,0.34365857966273505,0,0,0
29.90320686977674,13,0.4215293648470272,0,0,0
153.03847844741205,17,0.806546607890683,0,1,2
52.4070472784872,21,0.9036310603771054,0,0,0
119.22669129143473,7,0.7905536795565471,0,0,1
246.09606138264948,1,0.23492826329075156,0,0,1
21.402609872149245,8,0.9799712896090502,2,0,3
742.8038371207948,6,0.36317650081609587,0,0,1
69.69049913639356,17,0.169067061164613,0,0,0
121.94230616790007,15,0.49949670546804004,0,0,0
162.3235707066217,20,0.7252857696349472,1,0,3
67.63623649274652,4,0.08327088130807403,0,1,2
90.38413082731319,22,0.6342869146210478,1,0,3
285.8855475910962,14,0.8580779234265963,0,0,0
227.7976071443748,4,0.2617814826920877,1,0,3
108.9071953014626,10,0.6931232121767075,0,0,1
133.1445491009359,21,0.39990862996044063,0,0,0
148.3194504115899,13,0.41413514313958166,0,1,2
199.58517634768043,18,0.2808140312089128,0,0,0
209.8669138225803,2,0.6243937964398953,0,0,1
205.95546204153572,23,0.36099925303015457,0,0,0
95.31077290952796,9,0.8309030034615783,0,0,1
144.76866293968155,5,0.9629054230495309,0,0,1
265.28335368644315,2,0.9350876800409245,0,0,1
515.697729716168,1,0.16312837299298855,0,0,1
141.72984139807943,12,0.014190299994750522,0,0,0
84.9481954191141,17,0.4384683411221577,0,1,2
66.50482619758046,1,0.7288837076721867,0,0,1
207.09171729737102,14,0.977455268334961,0,0,0
28.42085555579235,4,0.7834223015721056,0,0,1
208.57377915583527,14,0.5805493218670399,1,1,2
211.17282631791215,20,0.026352912229547387,0,0,0
87.55462157224486,16,0.8255406915073545,0,0,0
159.67333336327684,1,0.1771450339292111,0,0,1
111.81111501715817,17,0.05560651418679041,0,0,0
37.62351683016096,14,0.8503588473542644,0,0,0
197.86243615317528,19,0.566250867872007,0,0,0
185.34539246718535,22,0.12855159786044934,0,0,0
93.45620694039062,2,0.38654266317408115,0,0,1
510.43823315876205,4,0.08554166722556333,0,0,1
133.9935026214995,10,0.638010806927802,0,0,1
19.050214301846516,8,0.2824272663426748,0,0,1
274.85311546728815,4,0.8660941313653747,1,0,3
232.44276117204265,0,0.35779602881969197,0,0,1
251.77267813362892,13,0.49463386301991774,0,0,0
55.164852612077055,4,0.06352339750597513,0,0,1
156.54371282805099,7,0.27559261664396983,1,1,2
132.2670087469858,20,0.6767672716905974,1,0,3
116.16984750174403,13,0.7362627677776401,1,0,3
324.8695040569945,15,0.24282185501123366,0,0,0
135.40913846959225,5,0.5038200987207079,0,0,1
96.15568122749357,7,0.8175311052045051,0,0,1
95.36766068544725,1,0.3799101608895553,0,0,1
51.298313052408695,18,0.13377126735678924,0,0,0
145.5602633613457,8,0.43187038961246926,1,0,3
341.74813411447747,4,0.6006286654320312,0,0,1
102.6642546387558,4,0.0073985281923795165,1,0,3
163.06767064115985,18,0.3485675066807289,0,0,0
114.73279175455103,3,0.6074358208951647,2,0,3
124.61369994453948,15,0.9519119500446703,0,0,0
239.72716870610145,15,0.4085487324756647,0,1,2
50.666576787931284,15,0.1629722654793263,0,1,2
31.581998914622677,6,0.5342190979668533,0,0,1
275.13755630651826,17,0.2857523610996804,0,1,2
85.57928750259742,23,0.21477939931478396,0,0,0
97.09380456646079,20,0.590403259028062,0,1,2
582.9087159586676,0,0.9158835343364059,0,0,1
231.42779499783043,2,0.8352242043392859,0,0,1
62.5082983752581,20,0.18229253886909247,0,0,0
288.37122232513366,7,0.7658794583498564,1,1,2
235.20398728616732,0,0.22986863437336924,1,0,3
1.8451386987442557,6,0.2907012606932192,0,0,1
149.61776602508468,6,0.9200515068834888,0,1,2
53.0863888370796,7,0.9110501507137712,0,0,1
124.41285775417484,18,0.16863076454516235,1,1,2
516.7725670137396,16,0.06419185592348142,0,0,0
246.80709951571066,10,0.29311810323694876,0,0,1
270.092863319385,14,0.5817750597777686,0,0,0
114.91629098161356,8,0.8768916778163262,0,0,1
270.94996565867075,16,0.11883738890049111,0,0,0
71.83206262139912,10,0.4149585022025196,0,1,2
148.19462727166123,5,0.27174978672052563,0,0,1
238.96667491406708,8,0.014928967236017665,0,0,1
233.91183757640928,17,0.7884462607929984,1,0,3
33.70312533471075,19,0.8132842131676772,0,0,0
444.24184409930535,1,0.22122906177531643,1,1,2
60.14721293726125,3,0.151240250040368,1,0,3
651.2656115036629,17,0.14456085362219717,0,0,0
243.94189562198147,0,0.4639471897642874,0,0,1
229.5887963752604,10,0.24649558743576983,1,0,3
64.97029076984697,2,0.511355642488501,0,1,2
88.62924128787613,7,0.38485173715183973,0,0,1
420.7147343692676,4,0.21089030490099125,0,1,2
384.85707389517387,19,0.7511917895573142,0,1,2
117.47480000927453,20,0.15036389033582276,0,0,0
109.74088810053229,21,0.7989023148204372,1,1,2
112.31999935786862,21,0.5614463836902922,0,0,0
289.7166858356354,4,0.8320371426764441,0,0,1
270.73842711921975,10,0.004759040069905018,0,0,1
177.5775942344019,11,0.7491885190354829,1,1,2
149.29717454531558,21,0.05151559325111532,0,0,0
116.41662980740495,8,0.9500987190378207,0,1,2
617.7387111011545,20,0.702739488390535,0,0,0
37.73257727326673,12,0.320172290621358,0,0,0
98.11267077741556,21,0.3198504928457496,0,0,0
168.71312060969444,19,0.8614923797186251,1,0,3
30.388729193777785,2,0.9028401284526587,2,0,3
83.70467342001368,12,0.8915732810387438,0,1,2
512.3916480232093,21,0.8087402925663275,0,0,0
258.39797058632405,10,0.8190320208363729,0,1,2
83.13261853436835,10,0.5727679028775595,0,1,2
81.00928592467527,20,0.028231052949068136,0,0,0
38.02611415101461,19,0.08677328205899493,0,0,0
93.19046562770265,20,0.6495532494062001,0,1,2
201.10755390138024,6,0.401165160327027,2,0,3
176.92028918172718,16,0.5673096308415861,0,0,0
97.30674591657156,15,0.23107762262212872,1,0,3
59.35487725300791,13,0.649417173643192,0,1,2
115.19134721512508,0,0.24282954419334069,0,0,1
113.18413536060099,10,0.460812797975354,1,0,3
235.65377637084052,12,0.478719899591182,0,0,0
158.6087358248201,0,0.1776682298391592,1,0,3
143.13049000726002,1,0.8762077263876397,1,0,3
307.2940935018297,8,0.52582105627312,0,1,2
382.4962780894245,12,0.8667837779383459,0,0,1
175.35587083093242,4,0.26253569549592404,1,0,3
178.54555799716366,8,0.17233594546814057,0,0,1
121.59428269598997,12,0.018016647620129667,0,0,0
64.2002290837114,4,0.09386465972650726,0,0,1
248.89925189998894,14,0.1474706048866119,0,0,0
216.09620866745007,6,0.07885556237796953,0,0,1
129.4787765635898,13,0.8968792951421874,0,0,0
158.97465013438364,15,0.9114383079417638,0,0,0
293.47402791473905,5,0.9373626722750439,0,0,1
327.45149659925653,1,0.9598608365756688,0,0,1
7.872568253079928,15,0.49183500501993827,0,0,0
78.48803405031859,18,0.5300246368249503,0,0,0
129.15187776675478,4,0.13083042857355243,0,0,1
51.20412565136809,3,0.1370520377520581,0,0,1
162.11922665113144,13,0.7727564386560676,0,0,0
82.08761738230427,5,0.8557290841417408,0,0,1
166.19725309247713,7,0.7847144306310921,0,0,1
84.22011183032271,23,0.8345758649949531,0,0,0
87.28733262367058,2,0.2765703154282998,0,0,1
165.25780160239378,3,0.4660657843187356,0,0,1
256.47812558302934,0,0.459199383395387,0,0,1
207.25664324365678,1,0.9952834031417301,1,0,3
130.00444029355012,12,0.9491780201157658,0,0,0
21.059516133688156,8,0.5984861064260061,0,0,1
85.51320024763078,11,0.13797313314069337,1,0,3
77.78269753127421,9,0.25859603863067715,1,1,2
225.44193458838976,9,0.3637615549817358,0,0,1
150.28538122387891,17,0.8732116596934296,0,0,0
154.49874784686142,11,0.1706324570633776,0,0,1
66.8841640139878,21,0.21974691662810508,0,0,0
336.37771542070595,15,0.349384691669827,0,0,0
153.71597650978103,22,0.9269101886533835,1,0,3
63.32865047283565,5,0.5038120907763871,0,0,1
67.47815972310002,23,0.6468360365975345,0,0,0
170.69077411531651,23,0.38722330507017844,1,0,3
61.18219903698788,20,0.18852211110846673,0,0,0
78.65196334455283,23,0.22280053740848016,0,0,0
48.869628297305766,9,0.8026712203158792,0,1,2
224.14488120141127,14,0.8934820383198383,1,0,3
62.49948296401227,8,0.49307565589314495,0,0,1
374.0913964929059,23,0.3569945274592565,0,0,0
186.49981671393166,1,0.8078351365272624,0,1,2
48.68535294614047,17,0.6730947750809279,1,0,3
205.9087630797865,11,0.04087397748563315,0,0,1
336.77644627244797,2,0.3507408988828107,1,0,3
125.66976038496014,6,0.6821729782360418,0,0,1
363.51505318597333,8,0.5736798202909772,0,0,1
189.0628520730911,7,0.9780673088462226,0,0,1
82.16114006002533,5,0.8661153782252905,0,0,1
517.7007677201161,0,0.05973840573126099,0,0,1
36.959614242111826,13,0.7257690156723606,0,0,0
102.78706994541548,15,0.3363266123304779,0,0,0
130.0067615327927,15,0.6820827030859464,0,0,0
461.06058702526116,3,0.6172245860913963,0,0,1
227.81897388469991,5,0.5030502591468411,0,0,1
201.44687045397265,14,0.852949554339555,1,0,3
71.70101948956375,21,0.7086898601431678,0,0,0
121.98451126068989,7,0.8895551145020065,1,0,3
83.81412488121816,0,0.2816037491030493,0,0,1
196.63339140333267,12,0.34812752459460206,1,0,3
301.2341294322055,17,0.6219513498104688,0,0,0
595.5849146396844,17,0.9664644373617358,0,1,2
91.91606259235941,12,0.3715820993371812,0,1,2
35.88564675931526,21,0.032293650067491186,0,0,0
104.1931915057838,13,0.4458879554219567,0,0,0
273.53413793202157,10,0.5439295625290231,0,0,1
64.14975779126037,6,0.8009874086995432,0,0,1
133.6496306119121,17,0.7286004799966389,0,0,0
203.2857672680725,20,0.9646626807183362,0,0,0
93.48361864508719,21,0.7826827605564662,0,0,0
158.72694128639378,3,0.29862843706788267,0,0,1
58.658065377656314,16,0.6413803109801697,1,0,3
315.5794274074652,18,0.6722411933965523,0,0,0
110.63251016032922,13,0.9980205148205229,2,0,3
155.3027143485262,9,0.1387379112267776,0,0,1
22.123468675615676,5,0.19132550269045678,0,1,2
51.34134390073241,17,0.15551364400868894,0,0,0
267.2752732319396,3,0.5890601141659638,0,0,1
92.39107842906057,10,0.1353010722340201,0,1,2
61.41308637178334,12,0.6560077089045355,0,0,0
32.9431143469435,7,0.8037740508642188,0,1,2
311.5424341453522,9,0.43279292420686044,0,1,2
220.91620104341052,22,0.5606850818894642,2,0,3
210.7523535740087,10,0.9127220832912908,0,0,1
396.7431518281402,2,0.5695659175775012,1,0,3
102.8712196041944,14,0.20860555203486741,0,0,0
36.33380163158516,7,0.34319379844336184,0,1,2
139.71026471558199,19,0.5298458033394685,0,0,0
447.63254606268606,17,0.15489768548958494,0,1,2
141.90499479412682,20,0.6125198353568693,1,0,3
295.9015247546478,0,0.9992460918840257,1,1,2
37.78685338249874,23,0.6525349649409644,0,0,0
70.42188066049557,7,0.3724111440144412,0,0,1
256.3540434477484,2,0.3317464916810625,0,0,1
152.94290717707088,0,0.9316033226072752,0,0,1
123.86825751813836,19,0.8715142905786558,1,0,3
293.1264137266137,15,0.4723586201987673,0,0,0
253.9783491737005,8,0.3534145645002842,0,0,1
156.04626248942873,16,0.7104642835964525,1,0,3
8.036123458394467,15,0.3145024755542828,0,0,0
135.22733740284156,22,0.11940323225254046,0,0,0
184.88336194288593,5,0.31015221230152634,0,0,1
22.832704372750978,22,0.4342959821172019,0,0,0
180.36721217756295,6,0.25541137598270813,1,1,2
302.2411275453721,23,0.21681372583772296,0,0,0
135.03161759875056,15,0.006140162664697746,1,0,3
55.170784748720905,7,0.6308427814040466,0,0,1
9.707035391235308,9,0.6144489423161189,0,0,1
182.9854374503828,13,0.18802523777072822,1,0,3
26.2756773271923,10,0.9436500718111842,1,0,3
209.52097183252374,1,0.4095709018047581,0,0,1
433.3747826885769,11,0.025479433576306554,0,0,1
73.34476657555157,19,0.21977191726484357,2,0,3
112.8570643339623,19,0.6920674842711947,0,0,0
449.8534666900506,12,0.20161989881059528,0,0,1
147.8624074343585,14,0.05391245887605611,0,0,0
93.16105926828689,11,0.6177062213946729,0,0,1
273.5195962867167,12,0.518354790594183,1,0,3
97.4609626233361,7,0.7612658360984534,0,0,1
69.09379023356168,15,0.7726313885441417,0,0,0
207.22967216009556,2,0.9599352537877288,0,0,1
288.74381258954895,12,0.05701754401853876,0,0,1
68.65276609452907,11,0.038989419818228344,1,0,3
157.22214377814117,18,0.9871970480276607,0,0,0
116.83618472137603,1,0.6448478776969538,1,0,3
132.09808724566338,0,0.7153705396675714,0,0,1
55.68390648796567,7,0.09648201973516846,0,0,1
218.57791954269177,8,0.06981269084833697,0,0,1
373.05920682121746,7,0.160253593935771,0,0,1
67.25245755204908,20,0.4271956027974696,0,0,0
218.45001929566624,16,0.11017618273297569,0,1,2
269.1817400025609,8,0.44633374044082796,0,0,1
156.35815483791743,5,0.5615359031013367,1,0,3
211.92628765580977,14,0.0003329678851079487,2,0,3
74.40098062191778,22,0.11424563079197747,0,1,2
359.0712587046053,23,0.37519519176787874,0,1,2
290.25223183361834,12,0.05332979269680016,0,0,1
313.0640737097675,20,0.1335289733121401,0,0,0
47.07514007469125,21,0.23179639045595446,0,1,2
193.153161461137,11,0.42960141416764697,1,0,3
79.29028398957936,12,0.7148371979367092,1,0,3
379.7743162929056,6,0.1326886118258459,0,1,2
68.54279421991937,22,0.7379585719093322,0,0,0
161.1127795203666,17,0.8550607297172208,0,0,0
15.80867687016527,13,0.6514787668852333,0,0,0
160.493897303702,10,0.043725695427797806,0,0,1
47.61571817962376,13,0.44065368692744133,0,0,0
200.32208332875584,16,0.6600660016334998,1,0,3
119.60743597802289,23,0.9785131346073124,0,0,0
99.84743060717005,20,0.9518083880692424,1,0,3
386.20889809798246,1,0.39570315443991877,0,0,1
541.4291815090821,18,0.6159310722250926,0,0,0
34.73857143817216,15,0.8908151473615851,0,0,0
102.51767230882169,21,0.8310462473761965,0,0,0
243.27928851486067,9,0.47942183411274975,0,1,2
177.17541033496724,21,0.2612413308916234,0,0,0
233.98329791387437,7,0.13709994679883297,0,0,1
126.48808622978424,20,0.4879801550832592,1,1,2
298.50419903622975,4,0.7228458753432891,1,0,3
155.93122843728398,6,0.9697697132162659,1,0,3
184.86269017994397,12,0.8618149048230889,0,0,0
47.67167570769697,15,0.20424095524816166,1,0,3
144.20663552097324,4,0.7197781268224699,0,0,1
245.1229623307433,15,0.28910125385843044,0,0,0
170.05815360073402,14,0.6834725944335964,2,0,3
149.10750711813643,8,0.6658054604607726,0,0,1
193.31717770138025,21,0.27243060292554144,0,0,0
155.27294876874006,22,0.23438862021728646,0,0,0
129.79531753102486,11,0.10393776258892584,0,0,1
250.45598088513063,7,0.0505396368046267,0,0,1
122.89644582787855,12,0.858451058856471,0,0,0
44.800209630510366,4,0.04984939463504168,1,0,3
374.6056406249847,13,0.0887411665251141,1,1,2
81.37767664520338,15,0.23885203536819988,1,0,3
32.92335429824636,10,0.8876583284622761,0,0,1
210.7024221293631,19,0.33294036042219133,0,0,0
406.8023182187992,11,0.19179955745659216,0,0,1
214.28309888117624,14,0.7155554957950951,0,0,0
339.338257347306,23,0.3190697548686857,0,0,0
61.89241603189254,11,0.33336663807619626,0,0,1
45.431859168824545,8,0.738976595938536,0,0,1
102.21309053708205,0,0.2516528156083059,0,0,1
283.5790620155212,2,0.8967600477056256,0,0,1
200.83024557108217,11,0.5614216779983453,0,0,1
211.561615167362,19,0.537831711172414,0,0,0
149.0406182821491,12,0.2647522350662096,0,0,0
103.85381004543103,22,0.8350943401299257,1,0,3
154.1627745901879,5,0.5727495508715014,0,0,1
119.5503617532481,9,0.15551654790522595,0,0,1
98.02844433732687,9,0.2062982372447626,0,0,1
180.71662848134162,15,0.4682559088206436,0,0,0
110.66885245568274,0,0.7796418224163886,0,0,1
165.92082840505623,15,0.9392952736169602,2,0,3
18.156331159225644,3,0.6634986303769468,0,1,2
155.891180397171,5,0.5061432495582981,0,1,2
110.11657924230587,18,0.2507319775120247,1,0,3
351.6674419790937,1,0.6728679604557496,0,0,1
31.355611023389024,17,0.9822397558535073,0,0,0
147.33891339217004,9,0.476222475539235,0,0,1
247.18806302842944,3,0.1621418788898954,0,0,1
123.33696675593357,0,0.10334058145417857,0,0,1
107.12990481098089,14,0.26925618259898143,0,0,0
246.59931114640432,9,0.5694420190212435,0,0,1
197.3207499777053,17,0.9468053010913289,0,0,0
208.03690457201975,15,0.2991650830641467,0,1,2
98.18959488079156,12,0.30539117137160443,0,0,0
88.28366083366036,14,0.4811796591121924,1,0,3
166.07061461858643,1,0.9185423350991888,0,0,1
260.9279961166174,19,0.4190550505890892,0,0,0
39.31076179184081,3,0.22322939186093316,0,0,1
126.79834067456318,0,0.16313091498177135,0,0,1
91.63179453069716,6,0.45701536927248165,0,0,1
138.82482098688666,22,0.8006774357301496,1,0,3
231.17898848145927,10,0.2913524047243896,0,0,1
67.38142740701267,9,0.5125226392306429,0,0,1
213.33949493503926,0,0.6030082724225491,0,0,1
100.92438260505226,10,0.45047041165789736,0,0,1
289.51042884568403,23,0.19169024135328938,0,0,0
70.93985642509591,9,0.9217456779348554,1,0,3
258.43519359744147,13,0.565449235234484,0,0,0
43.639683476470886,13,0.7291343839138855,0,0,0
157.97705756355444,6,0.6360430054379329,0,0,1
216.51497385273763,22,0.9980480217275737,0,1,2
72.61666374343338,10,0.456310134438656,0,0,1
94.1699869591485,21,0.42497237329909343,0,0,0
139.9711230437751,3,0.36013986609000626,0,0,1
106.82554002981101,23,0.36162845934026266,1,0,3
86.97430238125588,1,0.27577021071723673,0,0,1
249.19053520591905,6,0.980630125146547,0,0,1
309.7033250695887,18,0.8707820343019119,0,1,2
297.4628845776683,13,0.3166730049572162,0,0,0
191.4838945344926,18,0.3052290446498356,0,0,0
210.27016797994327,6,0.1035339871850548,0,0,1
62.346428770925925,11,0.8770308605094929,0,1,2
130.29053284541294,2,0.3717660508266061,0,0,1
148.79357121221148,14,0.5726153921451278,0,1,2
170.49741750494508,4,0.9003777288809311,0,1,2
168.32651037960193,7,0.4081006484742057,0,1,2
140.23858006293403,13,0.8068680434228418,0,1,2
189.90499055755174,3,0.4302856262487571,0,1,2
162.9098073668249,6,0.7009409390177527,0,0,1
162.63711995553166,6,0.4311844071921811,0,0,1
76.90964649500995,17,0.3927591345546926,0,0,0
49.92837130483913,13,0.990709239561908,1,0,3
171.11425482255805,7,0.612349842003575,0,0,1
97.57533434409271,11,0.36739118162297923,0,1,2
80.02195860456257,9,0.25781947708681785,0,0,1
220.4209421744335,13,0.03976637022961638,0,0,0
131.368137916141,8,0.706566340248727,0,0,1
340.36818049658905,5,0.372157428195262,0,0,1
204.31234753483045,4,0.8212541637787648,0,0,1
72.855759712797,0,0.3638684606223187,0,0,1
222.31708807301635,0,0.37332919242503027,1,1,2
183.52188745654485,19,0.7791810064067561,0,0,0
70.47789029844427,16,0.4894666567526538,0,0,0
88.11633176510925,10,0.8848947706013929,0,0,1
215.0616151539967,11,0.590135756704552,0,1,2
24.70104298490906,2,0.2406448135143765,0,0,1
15.03808511778619,5,0.5682718543000335,0,0,1
155.9738451371174,10,0.00400167593470202,0,0,1
147.5021698371182,12,0.3123973747187192,0,0,0
166.29204150734097,10,0.20795234049781064,0,0,1
147.8151565460903,7,0.6541878556029347,0,0,1
188.18441283555472,9,0.13603858349980502,0,1,2
312.55635193273434,1,0.2900974467614731,0,0,1
137.9877947123721,23,0.33130855432339534,0,0,0
36.15737600315276,13,0.003293228863884834,0,1,2
21.401820450027383,15,0.04676656825283365,0,0,0
104.62823425114215,16,0.3111261279775227,1,0,3
106.82057220058496,10,0.22235645319191222,0,0,1
42.64240535632992,1,0.11690673861515555,0,0,1
11.608125397330438,23,0.15416165635395795,0,0,0
98.54811491642639,22,0.8355369613800863,0,0,0
405.42945781058967,4,0.6833195755127026,0,0,1
182.72514511277978,15,0.4841175310016498,1,1,2
171.46953685974455,15,0.9088747762369326,1,0,3
120.50718893225935,1,0.029552790941618556,0,0,1
104.48814767834196,15,0.3449349359438195,0,0,0
196.0196242688332,4,0.8233837175040588,0,0,1
47.71991100969228,7,0.6282889945853214,0,0,1
475.84680660865564,19,0.9816874344919869,0,0,0
51.221695215958135,13,0.9445149232882093,0,0,0
208.62921338693735,9,0.16994249107498371,1,0,3
55.764888006509466,22,0.9719869971956716,0,1,2
150.58024080023873,1,0.9455347859740725,0,0,1
224.4304845289238,2,0.3736109450736824,2,1,3
29.22915351158523,17,0.9828802916889527,0,0,0
61.555923643114724,20,0.03584415232456073,0,0,0
65.28824175994731,1,0.6607505549132981,0,0,1
111.60029166495677,20,0.26614780426440876,0,1,2
164.6345817750534,8,0.12946309659531963,0,0,1
410.87171768051803,1,0.5775349249438466,2,0,3
87.47022924155159,6,0.3063503081851944,0,0,1
393.6936592306906,6,0.666825343811151,0,0,1
178.15112468068583,13,0.5399810521144203,0,1,2
49.58921415591437,4,0.39258940090865946,1,0,3
120.94273570729018,7,0.18182216131489792,0,0,1
36.802596274360624,22,0.6012501974721767,0,0,0
104.67617897471493,21,0.8292306294755517,1,0,3
98.96372084458005,17,0.6000044685092812,0,1,2
152.43511624410456,5,0.6105225557736857,0,0,1
209.12163859135018,13,0.5118373641477683,0,0,0
128.3599880084709,17,0.38824011732829167,0,0,0
55.07986321836516,16,0.4574580416335462,0,0,0
339.40831344034797,8,0.9895417571200821,1,0,3
428.3558654963596,12,0.7496685021052901,0,0,1
118.87803405976477,15,0.43055946397999445,0,0,0
172.52688213967164,20,0.4572963999545204,0,1,2
113.81282802570583,9,0.49963200774974226,0,0,1
153.34763914580066,9,0.6593141943788129,0,0,1
159.41373725301108,3,0.46595823421551474,0,0,1
43.30557539433494,11,0.6861791184392434,0,0,1
106.25630913320308,7,0.32918780664784786,0,1,2
273.96296024354825,14,0.41063963202112397,0,0,0
257.9656432223196,20,0.8640531247038472,0,0,0
104.69826909726196,22,0.32890565470154265,0,0,0
161.65099113696485,18,0.9644367331750017,0,0,0
111.10141072680399,14,0.17250494698489294,0,0,0
214.7748461046234,7,0.24167981570717267,1,0,3
28.95408773524611,7,0.46367975075490786,0,0,1
196.397509317473,18,0.7974087260553696,0,0,0
354.59965275734237,8,0.7315754776283336,0,0,1
76.19440032017509,23,0.17446601761438973,0,0,0
323.013116608451,16,0.23668502596783692,1,0,3
167.62459149422557,7,0.5752629890508375,0,0,1
128.11141325872887,11,0.29516474529870296,0,0,1
104.05185202539712,14,0.42232532447960347,1,0,3
330.60716899723167,3,0.4865941754870289,0,0,1
111.38708780610386,5,0.5942460053504046,0,0,1
390.16474931407,15,0.25105132443926537,0,0,0
360.8942214783602,4,0.16314014355495954,0,1,2
92.45668828515649,22,0.39856338779402645,0,0,0
117.99046564390139,12,0.08202622485560007,0,0,0
20.0542927215657,14,0.5267651710909123,0,0,0
131.3480828176141,16,0.8396051592349743,0,0,0
144.1074804438713,21,0.1189756594327186,0,0,0
293.8633580710185,19,0.11273053212952899,0,0,0
373.8704041710475,21,0.08021779886735214,0,1,2
229.0352719165925,4,0.847861289761902,1,1,2
277.75923521119796,18,0.08070489492816302,0,0,0
117.91692032005345,6,0.9834620353844027,0,0,1
46.04717562451366,2,0.35833129404611797,0,0,1
167.39751172079713,12,0.32876215914247686,0,1,2
290.5305252096222,13,0.09163175209704921,0,0,0
5.67365994912541,15,0.5856412126384168,0,0,0
149.30030697075063,12,0.5858822123527917,0,0,0
23.528535680013402,1,0.4938058272901428,0,0,1
70.93496585018138,13,0.3110201472158838,0,0,0
153.7793168853569,19,0.3685808900654213,0,0,0
377.9142609105169,6,0.32050339367373804,0,0,1
138.2782272712973,4,0.4261464082805019,0,0,1
218.7162281323793,13,0.34178810548122596,0,0,0
166.20727495345105,8,0.67551731986525,1,0,3
74.75121568908443,9,0.29578647234726974,0,0,1
190.50532869883335,6,0.35083823149445414,1,0,3
44.83434782415091,13,0.4354598847891481,0,1,2
136.7731295236237,13,0.003961834270900244,0,0,0
326.43335989221873,1,0.49208257422089197,1,0,3
156.98834956276139,16,0.2558198031929346,0,0,0
166.26001040151579,19,0.056150454024517904,0,0,0
104.5533959043033,3,0.9110212987647949,1,1,2
31.275318239223996,12,0.322418733886932,0,0,0
114.34539797682416,17,0.4260852636727043,0,0,0
249.05603968101155,2,0.8273431583382418,0,0,1
181.87994918948414,18,0.1667889707537198,0,0,0
47.43728097625003,4,0.850308809581341,0,0,1
22.130564179869495,0,0.2416379480773777,0,0,1
73.99321064017299,8,0.5890378916153172,0,0,1
115.26150125925291,23,0.6856783801661783,0,1,2
121.81013186013007,7,0.9050139458677754,0,0,1
123.06373270885607,2,0.6076379946841319,1,0,3
137.24952618728676,1,0.4532318012500003,1,0,3
186.2373250439472,0,0.5722693523417774,0,1,2
98.90167672351063,11,0.20208246274020392,0,0,1
60.51663552339613,21,0.6890743341498506,0,0,0
201.7606521026243,12,0.18688071205055523,0,1,2
253.17962508900172,9,0.5572476120782569,0,0,1
86.46711651890426,16,0.647603661360489,0,0,0
477.9870694064215,10,0.8985831804077546,0,0,1
364.5753697566749,4,0.4501898259776145,0,0,1
50.77718561759283,8,0.7753332265892126,1,0,3
24.08176901881127,12,0.16753048830427653,0,0,0
