annual_income,loan_amount,credit_score,debt_to_income,employment_years,past_due_count,defaulted
61912.95028994905,20829.84789576493,769.4276514178415,0.7228604931431695,18,0,0
51409.21341141088,13570.594684206688,763.1313189597954,0.3755297483843317,27,1,0
79548.67995567975,11198.870878772912,662.66606022695,0.25214565523411353,6,0,1
74784.89583886605,17477.96588952043,683.2098458180664,0.6219002217383512,2,0,1
42093.78817364102,6638.187585416121,610.2532366863412,0.3200474854086004,31,0,1
64307.62593178879,29890.887269396728,686.1575314052535,0.14922279282339304,30,1,0
53483.39386683003,28249.99856723156,592.8979293029722,0.6062054478264753,24,0,1
69084.61336793588,15092.804733499448,778.8834889302376,0.05169007201563735,32,0,0
64305.210470157166,14503.570419093348,742.7750469030817,0.1935803927706165,4,0,0
67729.12249107826,10055.597978847989,723.5998110523709,0.49459319403124036,28,0,1
65310.04486917077,20445.56415036233,640.7016509531844,0.12172367813656183,30,0,1
57948.479136970316,20518.617248738243,761.7675257360282,0.2290727778182136,25,1,0
72192.85275869405,24451.900474461036,569.3378008218557,0.3253130478261735,20,2,1
49830.99765790611,20617.30921518393,672.6097980564759,0.3274930625990321,33,0,1
97968.91602971524,9996.09960370508,690.7201014079002,0.730962082099574,0,0,0
64681.48420445618,11493.23552447393,794.0366778012907,0.5228819875289983,3,0,0
81844.56068977244,19328.08088282793,589.2841270899349,0.07591499306951408,21,0,1
54308.25463263606,11772.179547751792,774.9093598435908,0.20494516944719876,15,0,0
56512.32576354393,30426.826938107977,761.027130821428,0.48150172827623344,31,0,1
83443.95691865528,17854.08934664839,764.8028503454367,0.5493959799117062,33,0,1
80195.05526214716,5049.6370950244,639.8599763898476,0.3164173752148539,20,0,0
62545.70544512844,17183.39207430866,711.4722954782671,0.6496001933896723,26,0,1
29302.769793237523,16244.267523807053,743.1883209932683,0.7103995931598683,2,1,0
54519.01238746778,30202.58483369513,700.5925796333894,0.47984361820111643,33,1,0
63232.021530805825,18406.380051803575,704.9801684614902,0.4436727591738267,6,0,1
51352.280628100474,23373.73634686237,714.0251779265851,0.5755638171618311,28,0,0
39556.2994262555,16669.168824984117,635.3780907898625,0.5974306517086498,2,0,1
82080.21754896447,27228.780830410607,634.2759564410327,0.2008044777100958,1,0,0
61389.17884581069,29901.16754142833,734.3415923860891,0.3884988945128964,11,0,0
101177.79603688928,9807.429643729476,637.8692661452125,0.3632028623870019,14,0,1
61647.78457659379,12721.976241764743,703.2229220217392,0.7090267516962216,15,1,1
68548.87901992298,16100.684805836254,590.2833041059171,0.1282361584808978,2,0,0
53224.17233268682,26297.157080797733,665.0413588424092,0.7104293294876265,26,0,1
95220.92044117357,12211.85183219639,785.4474279838196,0.4508161818807589,22,0,0
58952.81931419649,1000.0,695.2098508471843,0.2516370601719899,32,0,0
60941.60745947447,25285.663433295922,763.45324716263,0.6585404253966914,26,1,1
45954.74951005299,11041.892601309777,797.7704687296169,0.08529741949791293,23,0,0
72592.04625536616,15000.905356575415,743.3711509484734,0.27325812928786075,26,0,0
58402.701813315725,14512.931063100767,710.6988335654473,0.5767756299112344,30,0,0
45614.24279670848,1000.0,672.8758357536027,0.6293842171385033,14,0,1
64029.23314027396,7402.735031848624,665.0775796679493,0.16724852101941617,34,1,1
79489.95441126522,25711.874003102457,657.5323382384154,0.709238578402174,23,0,1
97962.91106334912,17670.764383458412,757.0933639559047,0.08760576113849836,16,0,0
69716.52871369371,26607.168424667783,695.2797568175959,0.35348840727143443,33,0,0
53988.37830545295,32557.439175646537,740.0477884491919,0.11821320408897618,0,2,1
74133.9041526031,3305.437130209053,795.4163620819469,0.1183884248484032,19,0,0
62191.66560504845,15018.509146955961,815.3264151906449,0.6897290364932103,5,0,1
66126.10125227734,17005.495134274945,728.9834233322869,0.6827755303829762,4,0,1
64958.16989438593,31619.025826758938,728.6730504590693,0.48068084748735207,28,0,0
74227.52810134027,8277.895755350919,666.0052054406145,0.7264021066556549,5,0,0
76903.15337082151,20954.829425830245,745.9203455212838,0.39373729819659065,32,0,1
64011.46570800184,29562.590556651812,620.6678231414992,0.597998856591998,28,0,1
135359.3474198717,26012.905337506952,687.0145103487041,0.11808856278884125,9,0,0
83371.63770228837,22602.11750598164,608.839732687738,0.32693224355840117,31,1,1
23414.81714270264,11547.730894115015,589.6414417475185,0.4105643469391701,24,2,1
58062.95175432384,27789.621401969118,702.5542539895866,0.5947047059216493,27,0,0
64612.15850916276,3543.874494817399,611.5755185350536,0.2841369779542671,28,0,0
77184.24631091561,22513.80695901973,642.4715848484007,0.7362354405538767,34,1,1
101681.70792786818,2410.8877130411383,710.5308766001733,0.5643810443485691,31,0,0
50611.84617855774,34081.05473694843,747.0145165115161,0.42307753568031137,6,0,1
88018.62261931544,7669.648646658699,818.1234067143207,0.28153545171333283,9,0,0
69072.2603933156,13847.41017463186,547.8336461686243,0.49943405963060206,33,2,1
71582.52169603383,32996.958891773764,619.8090309763372,0.5211441259005501,32,1,1
88886.17751383907,22038.566676707054,548.2682932236714,0.5254274137435577,25,0,1
31725.77342793259,11462.543678828173,591.2332177081171,0.46033946640753554,12,0,1
75696.8977654764,19081.74745073232,716.7260476381527,0.330338934551668,29,1,1
98049.39842886408,20629.75087175394,677.9650091074459,0.6216586077291933,31,0,0
43841.23983433723,21805.741814642024,567.8666484470314,0.23079171666665504,32,1,0
65046.56926733234,16106.805402069109,703.2188378359995,0.487770698287541,5,0,1
78566.87531577598,15100.636672887116,788.2717514316653,0.3801702540691009,1,0,1
25865.349512232082,24187.632252468185,606.3325683652428,0.674986406248786,6,0,1
71719.43136813115,15722.316796561121,709.5212238170401,0.4633884240810743,29,0,0
59784.74936766006,8335.022360036215,791.8643985622921,0.6489696428486993,25,0,0
93036.13218754051,15159.688969516277,618.2150787980233,0.7173214447950906,24,1,1
50210.53388635839,17821.004156231178,674.1673879025869,0.13891689185984102,32,0,0
64159.03616781733,21112.1267181778,577.0593363662534,0.4386347132675954,5,0,1
48901.86683315773,19762.97985088457,774.7463708499222,0.6687830509852604,7,0,0
62619.29721362267,6119.167569519952,709.2261716361207,0.6604515890494049,8,0,0
50645.70184241189,22486.136613375307,637.4067987756185,0.18713652313779916,10,0,1
57288.92462028627,16124.130588678812,666.9880283584253,0.3869568961546983,23,1,0
42072.757934633075,12941.551930819443,745.5863402046474,0.2061675641080155,5,1,0
51079.480316882604,26420.569966522522,568.0459201808703,0.6777723695542613,15,0,1
49985.913756816095,11492.110479589768,622.6892357209638,0.052260540095282276,16,1,0
55827.0852933544,34064.933358009366,695.4505668468776,0.20287998285683223,23,1,1
62668.58386975206,33188.647271929614,742.450980613773,0.3363237867910007,6,1,1
12000.0,27073.991695084827,711.9375508587394,0.20479561139875946,26,1,1
67858.15716279876,11945.525460168632,578.7245311849972,0.7315069278412161,9,0,1
89782.53797082456,23160.725640666933,749.9019391079175,0.22081861615035248,8,0,1
80078.46043133474,20418.143301527918,762.6229793086504,0.3036204564494706,9,0,0
47662.1726271146,11506.5388936569,750.3550432616953,0.17185015322973896,29,1,0
85454.87464381862,27623.76718830863,681.4227110921202,0.698668586046233,8,0,1
48824.69485323265,17997.28769788547,640.1466047325217,0.3378935553382529,25,0,1
70857.45824471881,1000.0,781.1028775248417,0.23329362890618005,33,0,0
16668.826859411092,31303.095334682657,647.2623713834295,0.22228323494001556,34,0,0
77190.08961066019,31585.38744759019,689.4571278778394,0.45993119885521944,26,0,0
65100.47653761535,17423.89515434236,744.8079784589031,0.7343517488946444,19,2,0
67773.00792097101,23583.659027133483,768.862366516824,0.7319204617842757,23,0,0
65348.18476705208,21104.049901408733,629.560692687419,0.7371765367666056,26,0,1
102364.33811484641,13720.109923602227,771.1593371405728,0.32065021780284625,18,0,1
82475.58041179244,42024.31944112899,642.0118509150461,0.6900934262544631,17,0,1
79319.08472669404,12444.55545847147,736.1555870517936,0.3610733724604478,11,1,0
76105.63806968948,18461.643172054006,726.3179718002955,0.4073969074753022,17,0,1
105115.63904150281,7935.152545798615,684.9037256298827,0.41392999412759746,7,2,1
59960.353081252164,25708.215140969427,584.3547036600614,0.09451434404476902,15,0,0
37227.556181561435,24230.01390511316,609.4319133224755,0.1739474809664321,12,0,1
99339.45140997625,25751.03873906174,749.5435281257295,0.6702657032388942,25,0,0
55496.46169472392,7017.838969479815,712.3089713384753,0.6774495275164063,25,0,0
74912.85350053974,20484.113913353005,719.100673103009,0.1913954251799434,20,0,1
75426.5812365585,21544.289733619542,660.4815126309682,0.2618463461038016,20,2,0
50320.94870379383,6153.802120049724,653.700392759913,0.6308662925648775,7,1,1
36726.4462420015,21512.90828694038,712.9219488983172,0.19291766898395446,32,0,0
86318.46184486996,12177.169128983905,657.1553098386098,0.6665772366614393,5,0,0
90368.8068374588,15315.632401026938,712.0258061154717,0.6262337352258555,1,0,1
77666.24813558054,23198.785266680872,597.8285903699808,0.61528515699389,7,0,1
73042.97199209547,19788.488895106027,686.0900903513937,0.6742221013504921,5,0,1
37031.97514326405,11312.367085352482,629.5342005118912,0.6708445032496012,5,0,0
58363.839969184366,7789.977561741651,696.0604332194478,0.6920455330190539,21,2,1
89273.31450144511,16521.74422523889,603.6824778913692,0.6656795534200171,24,0,1
49395.66471973237,20018.098537046873,770.9808807337558,0.4748456207658568,30,0,0
67655.98687291692,18128.941728432786,566.1870667089677,0.16040761463573006,34,0,1
74223.2113954939,16864.154617210213,753.7280087837831,0.47639840334973516,4,1,0
75292.84540323926,15926.47523075489,658.0338802675718,0.7095481630091215,21,0,0
44508.45361334142,30925.955782705627,723.6068085891804,0.7273725025224652,24,0,0
62645.67258649474,19701.405640773075,712.5091582767468,0.5599244949434582,17,0,0
81916.92973038695,19823.336132263827,643.5725618658998,0.5356848464111555,8,1,1
102180.74136134265,16014.351075334787,651.1691725407517,0.706904527728484,24,1,0
60683.474982865955,14166.178966866963,753.4540237821373,0.25389407711419054,28,0,0
73223.27708703256,34941.63097424661,691.2958340517755,0.1556870665987916,32,0,0
41806.561131307535,23068.841497199537,660.9058876029032,0.25300052258557265,7,1,1
60147.12499597348,24994.481224329014,652.0614064255041,0.7142639702738136,12,1,1
55000.457669383155,10791.392315459001,663.6739176702777,0.19861530117631804,7,0,0
103758.58054387529,26900.05739539968,795.944010771502,0.2073165372101981,26,0,0
79662.58017060111,8977.353729084765,785.3096888818853,0.18506436861504577,2,0,0
66868.84038294875,21002.207388336174,798.7483700952015,0.3893597716385342,32,1,1
26925.575598265947,18991.84502015688,795.5417317474681,0.6074719097505484,30,0,1
71168.16094672465,29900.4827509072,630.7703159441922,0.3172964914200276,27,0,0
71369.41963296826,13526.451158661748,684.9425537427687,0.12008468780890176,20,0,0
60463.56332778183,23031.737906778202,638.1785674565916,0.56814148639818,28,0,1
65933.8903677465,21533.002790631785,742.6458633244548,0.47688052182638524,28,0,0
101029.95059283063,11088.781445504846,668.9365207492517,0.38540499813441254,8,1,0
83975.17816839737,22831.628302759207,650.2961749143085,0.7248690872544389,21,0,0
47292.70527472506,16650.604204682248,652.5230831198891,0.3792970731558252,7,0,0
104047.37298108073,17622.2029846487,628.4355842941571,0.5627703779900365,16,0,0
49114.93680709418,14683.885368554613,729.4895945455213,0.16095018632451286,22,0,0
97320.89061343734,18542.52671465014,717.3309732070638,0.341575060723826,29,0,0
50518.136553931174,18379.99810828669,630.6271811607633,0.19858698878997794,14,0,0
61972.31587501359,22767.419381769898,743.6562528236952,0.29369747578438476,13,2,0
22750.277810291045,20891.65258685041,703.0577576980002,0.3858018070281197,24,1,1
75546.993389348,25920.364534636046,612.9960043083461,0.17214771319465227,15,0,0
25741.577316901516,25432.574752214496,606.9237794002049,0.6121317233688863,17,0,1
69146.54374796164,31503.76612632777,615.63967257856,0.31320773526781215,31,0,0
56307.85990462505,24173.278431200804,744.2243953031939,0.677611094028613,14,1,0
56531.96944849011,19294.944595913395,783.660246152887,0.5222596501849045,32,0,0
72879.82985940667,28194.22524855921,486.3768392818363,0.17362414921254593,12,1,0
81391.78220437882,19132.607965485564,596.4511729784768,0.499379959466954,6,1,0
91175.58918417952,20608.367294486143,770.833357256627,0.06627334415920176,18,0,0
41606.08478103177,1000.0,659.9257133048089,0.6151638159749336,20,1,1
58776.63447451101,9899.14507713772,753.6488951561572,0.7319569860850402,8,1,0
64045.9073508747,24296.19252961251,685.6687735740069,0.5244302364018685,3,1,1
77059.12445242511,30072.566525535352,701.904141663899,0.6985457240128425,30,0,1
76650.4698985653,22846.452877266343,756.870845322359,0.2563593663413819,6,0,1
48105.83650687194,23475.26527408538,678.1135896478844,0.34651214177907425,12,0,1
89037.21149119263,24054.85688838545,620.9581138245763,0.34721817676260736,7,1,1
73202.34808521753,18328.793516884885,720.1913528355573,0.12842062889788514,25,0,1
100779.51956257605,9560.622145271967,651.7139280409749,0.6075101727474845,26,0,1
71341.66271136349,23762.140265456947,839.4282343013401,0.39654652360626375,25,1,0
24948.225800485678,6858.925539711961,669.1219700712217,0.3932995060733619,13,0,0
48532.15445108296,22427.002756631526,716.9821550067446,0.5179281370122472,19,0,0
61779.75169811152,30778.76665208734,744.7147650049754,0.16969108813965872,27,0,0
48115.55562923376,20593.763538780917,764.6633252780563,0.6171092735795201,7,0,1
47377.201707001426,22728.64345849782,762.3435558576195,0.30611018395262657,4,0,1
103087.77965772648,27797.62084789791,762.2918404064851,0.10574865741065359,12,1,0
40013.60450477096,16682.354445562753,673.3366439021192,0.1832276560824339,1,0,0
54413.50373861687,31445.193812115343,735.6418275185052,0.22699672061371423,13,3,0
66323.75645523607,27213.14112186771,548.1909402775957,0.17456178899880742,2,0,1
38692.97621319622,19229.427999413696,725.4820460401926,0.21955814336501422,15,0,0
61738.33889038678,1000.0,728.9599607618695,0.7470963507034578,8,0,1
17722.75027302416,17082.279510789172,738.9900317486204,0.4264087664793681,1,0,1
53978.479251070654,16981.235245914886,742.2251069737379,0.4720484862961685,10,0,0
42628.36578547514,20919.67694492402,743.172872849383,0.1662187020331819,23,1,0
58864.69848485869,31137.617263709748,656.4863633370582,0.08081446070637642,28,0,1
63884.54715926803,27181.985846689713,662.9201397665174,0.26724546008791183,13,0,0
91973.97943633354,20034.52593704135,729.0906290048276,0.5888705685154123,21,0,0
52795.33719098601,15713.023239143296,556.7539898213531,0.44114727654431274,33,0,0
107743.9392846673,1517.2512915833686,578.029740569443,0.05754825590558438,32,2,1
69245.06820501687,24907.713297446786,639.1407461793733,0.6021385429555143,17,0,1
46143.50798894638,21283.479826269857,651.5663769170973,0.12279974713063403,21,0,0
67703.04380873362,27205.840300436255,701.0153559261126,0.3582666376795015,24,0,0
89710.50272475614,21401.896288413143,827.0194820770929,0.7496315417369295,4,1,0
43645.26253597133,12960.821186296933,648.7954074837102,0.13495688880121462,31,1,0
103844.31230837961,22568.62254391233,712.799899872088,0.620518461729923,8,1,1
75643.24641500771,21141.804255745436,566.6172017720646,0.6094456291294481,13,1,1
42119.401528411036,27110.785597210357,649.2880350290335,0.3615286875021091,31,2,0
54555.8599337452,15734.091780209466,729.8041300538181,0.7417856328976296,8,1,0
56686.57511819538,12641.500068609044,653.7659808539164,0.2655778305935077,22,1,1
87165.80371290827,19738.209530287673,638.0274732909153,0.2710475515575852,8,0,0
41412.42863057764,17819.71828833474,535.2428181785192,0.1566762460545047,20,0,1
95789.22866211444,13438.247376171526,627.3541545400177,0.30882807681506674,31,0,0
87832.08298132574,13302.628375717997,759.6709557841266,0.257489769999597,9,0,0
98287.46439419934,29597.79872501864,650.057584433947,0.4731423548785128,28,0,0
66176.22214494032,17761.206514917605,686.469102553783,0.07851290861004101,33,0,0
89697.71425613246,28664.559638883482,628.0349073385617,0.2671810307228742,21,0,1
60185.659951105205,37676.5417870779,659.4064480533713,0.053294621838542555,4,1,0
85432.94365929527,16638.537198266135,763.9423599270222,0.05441720850574903,10,0,0
66750.77419920008,12298.410226665217,649.0721351061859,0.6242097321598935,27,0,0
101021.35927220009,9540.261696231411,628.9239316872992,0.5748711244470038,23,0,1
70366.65613970734,28457.312313855393,765.7256461350642,0.5708985694521795,33,1,1
48107.023336212835,17538.610594433037,677.9804112026162,0.2975444014083466,9,0,1
95257.94795393068,19691.549606828255,659.009445404022,0.5394704640288916,25,0,1
69170.20757238206,15598.220343455936,692.5309512256746,0.229574799481633,6,0,1
54267.18831151152,17896.984969912603,754.4506752131817,0.2665809120052837,6,0,0
53318.84847374559,42420.952930478845,689.2290537827027,0.4437390706915883,14,0,0
47198.63830008882,13140.389200524496,631.5253852052313,0.5397348977107176,2,0,1
36351.329284116175,1000.0,688.5916151988702,0.23600880560771126,25,0,0
56555.501069213795,18232.616840036568,570.3928169968542,0.525499060984816,6,2,1
69096.84260728692,13997.383017549339,616.029247381559,0.7237451878049483,1,0,1
57375.85453212309,24987.939616540807,703.4774624237388,0.3956853561685514,9,0,1
12000.0,18781.71695743068,682.1024332634288,0.3349750604314146,29,0,0
34258.544445688014,29059.184801201212,707.7707793422956,0.21274952580204237,2,2,1
83801.57326994199,1000.0,710.1285031197493,0.2993040904240072,28,0,0
62711.046092100856,23914.64994229865,737.6945063585553,0.4201743542931558,24,0,1
30880.912229772628,31114.762953840764,687.7426882046113,0.7108752376899272,3,0,1
57888.79562855307,15203.31643883013,750.8924362756475,0.23252687700334357,4,0,0
67492.28209928081,15070.0256750847,712.184909462722,0.21202428933316403,5,2,0
84107.04002517163,14751.336811098708,716.0746754050657,0.7224101360936199,18,0,0
51272.542931804885,13837.64188556997,621.57483212872,0.4740907385558038,17,0,1
77685.5112669445,28636.014107025083,629.8733634827132,0.5646890441648269,11,1,1
64556.103831766784,10381.579814985853,643.2491252037987,0.6307870108708953,23,0,0
57586.38284121118,24212.577479305728,813.1484227517341,0.10725321787109215,29,0,0
82460.59593599611,4989.308370178271,775.8781744612814,0.3893693137987507,13,0,0
46101.663422961836,7371.980680583798,618.0586445745971,0.14807152446055238,1,0,0
83946.85962114563,19620.980185249555,678.585879740502,0.48701967657868905,33,0,1
42171.88450338819,8941.266857654458,624.1245856428305,0.7176124456709879,19,1,1
53473.584968724026,8558.472346062545,626.0884448029574,0.08937745847221906,22,0,1
57312.102705586716,29283.690812014407,750.6581541302534,0.24187328136427338,34,2,0
62783.137352199075,22843.19220858821,577.2129223400883,0.7497770743006175,33,0,1
14125.769724784695,18870.138040454385,713.027288825423,0.05384124599786436,20,0,0
67110.80535196154,24203.882795641566,675.6272898845871,0.14768914462823207,7,2,1
28457.117664893856,5832.31901790158,749.7882094064048,0.10653990050564209,29,1,0
68352.68180545981,9909.937366121103,693.5049754410018,0.5848443123766038,19,0,0
70486.55421175066,20504.64646418936,784.7417625775971,0.5756505415079626,19,0,1
84532.868769281,5231.620552438764,682.6685808782324,0.594309370192894,22,0,0
38293.70480740825,5545.006289946123,746.7478361788302,0.5923994078246173,19,0,0
69586.56988781327,15315.43479449997,695.2939036378897,0.6346541959964115,22,0,0
64046.07395674575,19954.080040454683,685.1805170427896,0.5910154309973595,3,0,1
53645.132960898234,16271.688397404258,765.1074365912783,0.3884825069901171,9,0,0
43502.95965390409,10080.725777079662,685.61770127415,0.5718390778854483,4,0,0
66616.82964452222,10520.344357904774,692.1140776423503,0.4683315449475323,31,1,0
91738.3992869569,16060.648215573945,631.2544560062518,0.3065658018299446,17,1,1
60187.96573195123,24973.792530606923,682.6588331289344,0.6356022485160913,24,1,1
90074.93165197727,31905.280939040662,492.37198635218056,0.6016277783974388,16,0,1
87919.06682456937,18862.931884019483,649.503253587336,0.1714440200845187,4,0,0
22215.259606561303,1000.0,703.2459143667134,0.06709992206402352,34,0,0
47815.39611787151,26109.467717886026,669.778371573337,0.2711823892922132,20,0,0
54024.82623487698,24167.087156772548,664.7819091081183,0.3326372479085202,18,0,0
91476.25149987274,13207.077977775592,719.8138875684753,0.1720502912734604,22,2,0
64601.22764301761,16306.261923332933,789.7366830869203,0.648588390913866,4,1,1
90813.15777357257,31128.22011869501,652.0070035623061,0.07350641055865678,32,1,1
62271.945677119205,32448.891786220567,740.5708822141207,0.38853324310258497,3,0,0
91374.15703484893,11012.533972064391,678.6548692682281,0.08883418266237592,32,0,0
74046.68472021438,38130.1674101,716.719082135982,0.4256460668498565,34,0,0
63085.335750137645,22355.674954622307,820.6570526629458,0.37455446835689554,25,0,1
88494.37858862233,40847.790358721744,745.1364705812846,0.5961065362356518,21,0,0
54907.96820446031,6093.510783914537,767.9793238511699,0.5327725066164889,10,1,1
105414.6026345049,13421.803250297991,651.6788933959288,0.6407687541329832,25,0,0
35768.637529365216,1000.0,673.8136328737021,0.4310425643468796,12,0,1
56389.39838062413,16389.441196179403,604.5297750814963,0.6257059818338219,13,0,0
67015.75981035561,25598.545947049595,637.4974596931929,0.5533948691070304,6,0,1
50163.790064840854,34702.33096349814,694.1782103208998,0.5956506107530523,15,0,0
72887.27460207512,11686.999071528388,631.3762026968749,0.47047399313093413,19,0,1
62588.19893898382,21305.21519989901,696.311392685806,0.5537033188287849,26,0,0
71597.73679501837,15392.272739619235,648.1324605242111,0.33120047589642276,33,0,0
47217.832834033274,24524.25449270155,690.2375771766785,0.10948743923306378,21,0,1
44677.366018990404,16904.12508078613,726.9845199915753,0.3416097669996196,2,0,1
64427.90927449057,15649.108254303828,721.5107031126588,0.17138028117297877,26,0,1
79581.78895784997,2371.967804283722,709.285639455023,0.49056549197952004,6,1,1
101868.90921458518,20670.706327545744,772.795669194421,0.23426964557453034,34,0,0
28454.454245059424,31283.20029272829,550.1019044966367,0.7206990482924974,22,0,1
61059.05304263257,6691.627402642242,677.8978707391223,0.23983556593099103,1,1,0
73857.39641580521,26314.607391258214,734.4454299063591,0.1186928900901127,23,0,0
72305.1585050949,18825.106991813573,536.4178339961596,0.6664364097400322,1,0,1
40582.38936582458,1000.0,800.9723169567435,0.34008792395906207,16,0,0
50462.41053197001,14989.774407146822,658.9419250080447,0.2990506365281888,10,0,1
64723.69868853305,15603.378163584548,632.6342498384698,0.6697718535961583,6,0,0
118668.01131000492,22012.77819921458,733.7317235250581,0.507418321358961,1,1,0
83862.10603569009,23019.39586879667,625.8322851587764,0.4225201334308265,14,0,0
72008.58558158093,19256.895575845614,774.4876276839381,0.2789901671181351,30,1,0
12000.0,24274.28225180404,681.4298522568687,0.2547459039686253,5,1,1
38651.21182370052,9894.607503740921,779.276124968835,0.45565787162179683,28,0,0
40422.404531902575,16372.001617046579,766.2309241045945,0.40097623885362,3,0,0
72160.28472556573,16685.67591149566,688.546810362421,0.2432019406899371,11,1,0
62275.833872786396,28530.84964460309,632.3615721943584,0.17883368945687295,26,0,0
52296.056083146366,1458.6342141791647,801.6807990747226,0.6226066606473691,24,1,1
71688.92929323563,23422.860958383746,573.8623817143384,0.5314228303813111,11,1,0
34785.74978174671,31541.216605983005,656.2646782782516,0.7453051167050154,16,1,1
48703.70072534525,19147.35046108962,740.729837947047,0.4110600741942116,11,0,0
63682.241065875416,47869.96893394577,577.365724418728,0.7460715476201837,30,0,1
102384.33522001376,13624.029510047909,594.5120720842214,0.37257857524079896,8,0,1
82912.89611290225,16764.385089258863,667.2447383566199,0.4244697460804445,18,0,1
73620.75517962375,13003.865342385028,699.4110265035002,0.1963749288941991,28,0,0
56985.3456835098,16004.356382683814,547.9030727386539,0.1546563778960391,24,0,1
64636.684969817856,23633.683902983903,759.2745198210043,0.7081536462668035,14,0,1
89321.40574524546,14708.964219079307,669.3655700086042,0.736850982329442,8,0,1
101514.85039813232,10602.390335810402,729.5283673744627,0.43329178991210093,12,0,0
60200.79992266241,3677.665428858618,627.7388279496868,0.24057776399103986,2,1,1
74012.23484482881,16602.488804296274,653.1878494524055,0.7159819732643948,9,1,1
83281.98058393199,17824.129439078133,701.1807464947921,0.6077235416312509,17,0,0
73175.9289692452,15268.808761713406,691.006071587553,0.17586585646010244,9,0,0
38812.648326415176,38016.15554218866,727.1715099804168,0.2588384703433827,27,1,0
50100.42448712149,23843.012585635297,730.6245808348417,0.05294458169322608,2,0,0
79812.63576384634,13167.96975853916,598.8959478548593,0.4574017235966779,19,2,1
53730.23415247882,24402.37106868833,693.2978107828771,0.41847735787444496,17,0,1
100872.03094529212,25400.110265295334,668.3795748094043,0.16472226275192572,19,0,0
58848.061617873864,17954.59884758444,707.7167319655778,0.2875286127997075,9,0,0
38322.718365563866,14299.386827329541,657.6201782381851,0.7074543970575417,33,0,1
85692.19981430654,9210.332559520424,683.6729788728345,0.5042955120930029,21,0,0
57800.3214983311,30353.323633755026,816.3413252031628,0.6540997172116498,20,0,0
59383.55824723541,16551.986721928588,597.3570520874524,0.6368180984443794,32,0,1
82358.23211697757,16286.106871249947,648.5263979858485,0.6944616188558502,15,0,1
45191.31735962083,28027.303033378856,516.3468095813262,0.07907848607712932,34,2,1
66642.52854544226,18300.66406879919,642.3331375794265,0.23372960635023088,0,0,1
40772.75518382208,40142.647247639434,602.5491903279177,0.34090113042527287,11,0,1
66518.66072080142,13266.72718689877,816.3147719189096,0.4980683596103689,12,2,1
32225.650412120565,14661.536551854653,657.130307516697,0.4756887139413177,7,0,0
48183.19965108666,11677.474738604738,651.6853236611687,0.22227431594264746,30,1,0
82966.02134287698,10526.607788436922,725.346428516702,0.18496276181763915,4,1,1
90944.91800188171,21651.476041454986,604.9911137310496,0.3561882421280677,24,0,0
47303.84391534128,24378.486999536304,733.8136642036451,0.22543355183249048,12,0,0
47087.199501610696,14564.950784447288,731.4438632118693,0.7255782957882954,34,0,0
67047.30326280801,18375.24517296712,789.7822372549855,0.7258214321007154,31,0,1
48832.37138202461,19901.38072967127,718.3211843859598,0.1293469034859467,7,1,1
83753.25062322732,29640.760551540832,551.2218089161356,0.5435656583549726,21,0,1
37196.754578318745,12550.866119606326,759.7304763537287,0.20975955518167405,5,0,0
52458.875115792536,19597.536045259767,850.0,0.5522024962944025,10,1,1
101246.14711375852,21889.360805242133,677.9858451354221,0.5869746535898831,6,0,1
72563.83395630181,21688.137838773273,680.0700145962661,0.08371683777972816,14,0,0
76688.53347278753,18674.6019748347,645.8050799585221,0.5367438299264498,3,0,1
61196.26271420114,27206.40597334171,565.5602081491903,0.6777578914712895,33,1,1
35757.00754477116,11748.4862372249,705.6889195712522,0.2014116825417963,21,2,0
95977.69646901375,16448.58498851162,641.5697221255718,0.1308973659960514,29,1,1
68902.82484226275,12684.280210753543,703.3467315335607,0.4467771767154386,18,1,1
83982.17035013318,12070.56572498061,705.4857990430116,0.4122214758076397,29,1,1
59523.13548620353,19048.890611190393,812.933283783517,0.6700389354086543,31,1,0
64487.4437787112,26935.939705620272,651.863829610386,0.3657601282677754,18,0,1
57000.60330942527,10957.819708684618,593.0416894632366,0.339484662784763,24,1,0
69116.70091316082,26279.078246321435,699.8980578144137,0.5497790428117687,22,2,1
55585.85593142435,15010.715491282092,673.1385335970174,0.10419958743343263,11,0,1
47754.496756164925,9382.06578524683,810.9943535454577,0.08993033750268202,8,0,0
61036.74428573203,12038.09936912894,738.2642423062198,0.4034424593967399,16,0,1
75556.38087506845,26618.739137517296,670.7355184934238,0.11232210249867255,34,0,0
88273.18509143608,8656.190133690463,751.482106882633,0.7073920010013891,29,1,0
38050.65636472161,36054.98543508438,758.061005724073,0.5079688732973808,3,0,1
82733.83770158478,19251.214521088114,614.112978170317,0.5775539661977819,3,1,1
51034.76421847562,2719.8211010386367,711.539217287307,0.21021093471097935,23,0,1
44845.72736351197,8668.02298445201,835.3565281273466,0.3958184319406851,2,1,0
45944.11161670502,25413.752525063355,575.9620368658309,0.143692337371907,8,0,0
117077.48828414705,4874.379157601972,627.3746790480106,0.19217256875766514,10,0,1
79887.49253989183,23952.465832526286,665.8037047737336,0.4477461844771448,31,0,0
41970.075440353554,7470.405709560577,716.1365385850421,0.24593877403466968,28,0,1
53951.315124514476,21298.901809889674,702.8392883510261,0.691989723539522,33,0,1
37854.72546035476,29854.414300035787,694.5739530739801,0.746670075897379,33,1,1
38520.0376679715,21408.647839302503,666.0757938870364,0.052748680284926776,20,0,0
37768.04975143098,25669.792962875115,701.9163631439131,0.5813691735467007,24,1,1
44154.71128974193,24541.00608851953,779.0782673181577,0.1307350783654509,20,1,0
80317.03788347478,7732.369528304145,799.6835255807298,0.45223606125749477,19,0,0
86313.80349783295,7106.75840974399,755.8842148841097,0.2099384835930329,23,0,0
46566.826427184154,2146.0867778902084,764.9843109870404,0.7254117505712814,4,1,1
56733.72877808806,20785.115592429134,686.1111672428858,0.6630648921959388,1,1,0
81772.09630588457,17098.206058579282,850.0,0.4667785430727763,8,0,0
65732.00865108632,9023.679827824506,579.1585095721458,0.17321161970993437,7,0,1
71965.60571133537,21006.566679408006,697.8255801792141,0.5978768919492272,31,0,0
54637.04390398905,32459.936865949334,732.9884319681947,0.41420861382911445,6,2,0
95618.35689208211,24211.774886233918,685.2058845247756,0.47809420703620753,19,0,0
99347.20958461452,30351.842500654395,757.990034561635,0.5525602551159925,14,1,1
79457.61647702412,14525.156703295574,669.0375693318089,0.3414324015232573,27,0,0
52994.35154185262,19576.05481661803,770.3434952942456,0.05541728886399473,30,0,0
38660.22419787676,20874.835540105447,688.845554237002,0.3049201486704322,21,1,0
99905.87662468979,25615.270552699978,653.3609352962507,0.33953832070163326,23,0,1
71536.09192080173,4208.134573952855,644.6094108030135,0.3068478039570378,33,0,0
67374.11180242558,31531.556882920726,700.2912990023468,0.6317384346086872,8,0,0
79239.71473276001,20113.76526975689,638.6478048724598,0.28264655172830294,1,0,1
65546.03724701084,29755.066892423965,480.0721910520509,0.34143612684796637,24,0,1
59698.40688903098,27497.647902789984,548.6001154010976,0.09312233750931964,11,0,1
109323.95165490528,1000.0,645.6391238939887,0.55180048861569,3,1,1
88630.83962777845,21002.78714562927,656.036768095825,0.20079313441576946,12,0,0
98224.43758680928,22423.00975399603,767.8768853836791,0.21450808275472827,28,1,0
96628.23983893936,16046.65743967511,704.7717085871053,0.4607979151971789,31,0,0
25349.63716511058,18084.305126487783,689.5480004289514,0.7384874228979554,26,1,0
81641.4179328246,10084.337507453098,628.5498678986199,0.3371012754274637,29,0,0
74981.35898080481,16607.553984271002,850.0,0.27901027202003986,0,0,0
52693.453895038925,15029.366789433232,681.2276710424231,0.0753443888689658,10,0,0
123820.96162330903,13351.369371047082,746.0359100389169,0.6011617089844367,22,1,1
68066.59430587129,14704.677543551808,681.83011699718,0.2329012251715089,16,0,0
54682.82808756242,1000.0,721.2074589307308,0.5881879848184278,14,0,0
62254.90347867714,13330.989627817828,580.4963629215824,0.24758581783966932,26,1,1
77393.46139090596,9812.10620751659,707.4564599792664,0.07092227232719871,9,0,0
73939.9935814981,10504.27637678312,687.0404732973832,0.3987481268157074,15,0,0
54472.79325209336,5569.817810497474,688.1468648404001,0.6842406268439334,27,1,1
81807.01565201677,15909.54414151386,756.6918697002408,0.19741371962437637,1,0,0
65670.71248186105,10017.474410217135,569.0451946553774,0.15774409295035613,34,1,0
59975.58915937721,9893.120812556925,647.1191822259318,0.17934924815477132,14,0,0
60838.28403691604,19093.191371326404,535.3079009476853,0.5331935860063493,10,0,1
41688.88297486079,32646.811320051424,661.6102146182118,0.3071779302418624,32,0,0
45671.40157880601,19188.754705325136,756.8726380562987,0.22924258050411683,15,0,0
43938.172640456025,27647.643821032038,749.2906270319759,0.2863882802584713,10,1,0
17335.770063976248,17132.340181782187,664.646141593171,0.26636712225392845,19,1,0
71839.66115935192,40284.87500706759,694.581924309497,0.43064395859914684,18,1,0
44643.871213971295,7903.023839555417,654.4458821870253,0.14333347749022218,22,0,0
56743.118571456296,1000.0,683.1531258512312,0.4061049691988107,9,0,0
58962.85562132382,26055.371876544505,757.8310916772227,0.2682238018218485,7,0,1
45271.230307615246,24613.850797375933,800.0010947184924,0.7028420396166016,1,0,0
57696.84479498557,1725.7207647084851,730.3287449598865,0.34527152816606294,6,0,0
66596.59917536333,16661.587052752722,675.339336902661,0.12000663923356683,25,0,0
51092.21354035936,34158.975410088635,802.7036713345701,0.7035262265584663,18,0,1
46673.65056091435,26032.957440777373,721.0655881412789,0.7062500952925447,5,0,1
52801.81670439487,4115.395146381101,661.32109472122,0.1728460223699503,32,1,0
84032.24639098233,1000.0,670.551077287218,0.6214971346589698,10,0,1
53645.18314149209,32562.32152517745,650.2295327712328,0.6533585844112956,11,1,1
68357.09374205551,10358.945002801887,731.9123154985836,0.29891750452587684,27,0,0
54986.59460730504,26713.886313507865,702.1026100833942,0.16165036183308584,8,0,0
62869.895016349365,24397.684332205004,695.1281780494561,0.6089140302772929,22,0,1
81951.48035765387,17780.97564349812,639.4775978945332,0.0698142624436109,5,0,0
47044.73217672495,11257.019768570277,818.5320581717926,0.4835852353578736,18,1,1
109561.71218068764,31412.075508867903,670.4002754859558,0.28938256668050377,19,0,0
72143.18062486478,1000.0,760.7855699576774,0.4672187215989606,17,0,0
69078.76510253787,27865.120917571876,609.9131178385461,0.6021932574799802,26,0,1
44022.37920618791,15077.329370026555,717.6293406741888,0.6301167504340904,32,0,1
78005.53226906841,11139.61389414371,636.3124180565043,0.7489271159689361,28,0,0
98274.25512984725,16907.69572841019,718.1859392693442,0.4981577436282932,8,0,0
49890.219928988605,28147.77909170719,623.7912838762443,0.20642484972201275,26,1,0
44920.991997481986,6770.03565702485,597.5734190763399,0.24327163000645147,10,0,0
65940.13119745806,20983.727651190555,612.9873548030268,0.35530155590420115,7,0,1
44795.89833200307,23383.915902417484,569.7988710881958,0.6439294369185936,13,1,1
55975.38841605629,16196.57627595111,629.514182919607,0.306798518381573,12,0,0
81731.16863111437,8052.3054036349295,736.5218631014272,0.5317889669636479,6,2,1
100374.81907117664,10592.05832499887,626.9696202627258,0.0815614286072099,14,0,1
82612.19594510755,34028.419267088204,634.8840140239632,0.3510405825341714,17,1,1
47794.34074787712,26492.25327906901,703.0410677571625,0.16691828778616746,30,0,0
59475.13336683854,23392.162186427955,546.472735621921,0.7069100666628148,3,0,1
58016.599197877316,37167.40868648827,727.5502214631601,0.604004836613105,12,0,0
67001.2527598767,10901.46198637121,675.221380302073,0.1471185227642875,29,0,0
82681.13500631301,17850.20631878898,710.0290614267766,0.33129593830025555,18,0,0
48982.69626244834,18427.3192088595,672.9101368102197,0.10641420354969339,3,0,1
108760.27018463865,29129.75637274392,660.6441956422223,0.5725910770725336,0,0,1
44186.339289927055,3280.8851286813388,743.8675493053548,0.1839558706957845,31,0,0
48387.79683718465,18746.636884394196,678.0770763119781,0.6130337854052921,11,0,1
48993.43485781076,17981.530943556867,722.8399252043778,0.10181585642442759,11,1,0
114202.88417131026,25414.637170002126,750.1372027442202,0.4510702170188331,19,0,1
97681.40670196645,14092.225507589195,596.5067657680156,0.4757408458699857,10,0,0
48697.24389667205,28926.274933546272,631.2610962282231,0.28403431558061387,29,0,1
55785.15088588097,21639.46522324953,621.9111440300328,0.16494575600233474,30,0,0
63093.54006002113,10978.4164027859,655.7462455268595,0.2766804365853882,27,0,1
55366.49781188275,23194.97995436813,691.5925292401063,0.3968582290475822,28,1,1
83019.12471617592,16924.5204499154,617.7060201636806,0.7283753511640677,21,0,0
74804.97335054309,22404.779247948532,623.4398750560055,0.36285928410956836,28,1,1
69050.7812980968,7332.446197629932,655.289756819612,0.18256728586777865,0,1,1
81398.43642864663,15566.084795407429,743.3746131246307,0.06812036014647906,20,1,1
73778.62010759988,27169.01471884418,643.6329286582293,0.055760602471768374,30,0,1
78457.89785689265,30649.521366267225,686.6137021106983,0.3417165897924484,26,0,1
68462.80261879214,21964.029413750628,659.1025833685196,0.2574165131302287,34,1,0
99435.40021527503,15875.44094481978,672.228597528629,0.1305573511833356,7,1,0
67632.76488585268,13062.62887146547,633.4309531832764,0.17052278307553548,7,1,0
62030.49076892472,11696.200488818162,509.23229787394393,0.2949341904046618,5,0,1
80953.74057329481,11679.797675477552,635.0112472126075,0.5306411085211048,14,0,1
76361.48059603856,10375.778683978093,695.7511887939831,0.4767115661607038,20,1,0
64591.228734397606,17238.084695820377,684.568612641593,0.10596873149716113,5,0,0
32234.787379622125,12729.985089944925,728.6853631590668,0.1501185875662785,28,0,0
93195.74224838056,22973.314934198275,576.7915313577621,0.685882090702732,24,0,1
89848.16158148687,21244.351721600626,706.0380077341488,0.09975687683365446,22,0,0
47996.37945190079,27877.667597015832,641.4250018890006,0.18921094872606964,26,1,1
73316.12588915238,23094.517879539115,626.2428071640222,0.27255952552461155,22,0,1
54547.33329501938,25543.39206623625,716.5561725202402,0.21108334743501017,18,2,0
75566.69918289645,10637.045362459256,735.4287127978254,0.2535868358891851,27,0,0
87311.22657212462,22408.57854846235,760.293147415467,0.5594182968269407,33,0,0
62392.928981100384,20243.087521072754,718.7470500338057,0.11650919848099182,6,2,0
79231.44729865262,1000.0,672.7109139633948,0.296563380827109,12,1,0
36816.13049664151,17497.737383603242,577.0938317222347,0.47821050333704845,3,2,1
47792.1889644872,8951.60751484653,766.9119749605444,0.08418866689159846,10,1,1
83019.84903202567,4304.960735662604,695.9188128236932,0.08100627418473143,20,1,0
52220.53863531417,15206.610429382199,615.3370045111865,0.39899724138104764,20,1,0
48461.06875637121,12296.097343051637,694.9759116596653,0.679877183928664,25,1,1
50497.93804387137,11220.090111930593,577.5349323776383,0.36133791436227125,30,1,1
43433.37148794023,5051.692616077857,774.6354146973612,0.33465126209332485,3,1,0
85093.5229098312,34002.26474284985,652.1966694249451,0.05711045543000697,2,1,0
86570.07371426167,6786.61932962108,602.8115260382325,0.5628979677580672,20,1,1
49789.01785174663,14968.551318036229,770.2761916699911,0.16485960172388348,17,0,0
42858.15740110162,24140.585125976435,587.5697838779903,0.5389455549396257,32,1,0
63123.42212361731,26806.274713499482,678.1476427489424,0.2939543820959809,34,1,0
41598.39148837836,8084.545075566897,689.3390505629275,0.08149196566249445,31,0,0
79116.29712821843,16034.497508935527,588.5343066310154,0.27953049756152853,10,2,0
65204.43779370848,22981.96510018624,651.7788445546842,0.5116922357459497,30,0,0
57740.86840675653,20681.828801817705,547.6879307669817,0.5878370581783733,29,1,1
85429.56800091793,21427.51493418493,649.7689252149396,0.4948808709873045,19,0,0
46132.23484412862,7258.15836779414,549.2416755700818,0.5477425476168549,25,0,1
56467.99363306523,10569.150962170748,742.3714961116099,0.2151398862026001,10,0,0
41062.12653606944,16635.987982463277,636.0124442470533,0.7256737253987251,1,0,1
37417.43874371295,15190.2092627773,595.4343650990483,0.2088373480276025,16,0,1
46869.495945710994,19479.59081597909,694.4440391540772,0.16906935610279594,23,2,1
48805.38454145004,8489.182994670384,557.0729049351665,0.2248682203480008,29,0,1
46960.71383481208,26788.723443408562,628.2120848464001,0.7304386242766092,5,1,1
63171.02924340192,7269.912337493051,730.7881374870726,0.09546753466229776,22,1,1
63008.592468913856,20074.93115379945,581.7135622196887,0.5914117065359377,34,0,1
33965.42686648619,10681.404331118974,660.2943330064808,0.12370055224443965,25,0,0
80944.77189204881,15613.46672702781,621.4438231419118,0.5913040112795153,24,0,0
34678.29716351617,4740.684493683815,533.9835895719749,0.24391683441069234,20,0,1
30448.270879952914,16487.905321504368,598.4505559905067,0.5586362039782743,22,0,1
85721.17879134166,23988.263314184594,630.6553560777315,0.08430041918229814,0,0,0
42944.710339924255,29392.56118239789,696.5727414008348,0.28421678958312285,9,1,0
72141.7191230219,17118.990348769352,776.1980434056909,0.3752371381313297,24,0,0
53323.64152035179,7036.481573997395,678.3732250674619,0.06447254741247788,21,0,0
44898.385594276595,25338.508124433698,687.427994421468,0.17659384236168219,7,0,1
41287.22735857084,21122.853342863527,732.7126240056286,0.16815869065896663,32,1,0
72607.59855342077,16478.79937257366,709.5775328057778,0.3869811985700318,11,1,0
46328.75295632506,13132.559796561816,632.9854917639864,0.14322110806709615,11,0,0
86905.61291590589,16910.75880248441,639.4068025911348,0.734018987449583,11,2,1
34549.55302094048,18260.74648834925,719.6071451670425,0.6708508652510788,10,0,1
93300.02064414648,25286.228083682392,714.5181533792139,0.2070353958514753,7,0,1
23410.294427251312,10369.453665086581,694.2321347577201,0.213947000558035,7,0,0
70701.91077550263,11911.53201748028,636.1584984811557,0.713199243884611,15,0,1
41490.94508362171,15886.08379447375,793.6341353715173,0.2596809633869969,17,2,0
33169.816800656205,5779.379325623824,623.8024924750854,0.34630223632323764,20,1,0
62999.191396737406,24189.600837775273,672.3495588113565,0.5410355603276985,3,1,0
78517.62418279787,23320.737630500145,778.4517180937237,0.29082562913015536,6,1,1
61087.10591822024,20681.199139903547,688.4940862670966,0.6817197487492859,33,0,1
64120.38179542659,39782.30195589167,675.6954378439108,0.4623253608670153,33,0,0
69073.89321180143,24120.749838360225,700.4547720740395,0.44706508872403794,29,0,0
77340.46495700628,30106.28687850738,634.9823020999042,0.43800680754052546,25,0,1
97913.65001063654,18549.399232213833,673.4650241503269,0.12843305349215312,11,0,0
50107.21160027871,13064.005966860688,731.6901122554343,0.6033093064232024,10,2,0
74568.04902189829,5051.140982937135,745.6382985209441,0.4504795471457097,28,1,0
53535.506201886004,20756.65555750592,791.6978746964804,0.08746342282365772,2,1,0
61505.07153651741,22869.148045878926,628.1879951468759,0.6452523202175228,10,0,0
78642.81190727495,26366.699911077038,772.2453049486005,0.5606207123079918,8,0,0
68619.8720070879,13474.619261067077,722.1888996295161,0.25222242598393063,25,0,1
50081.05062359784,24001.21504548176,755.7154555941714,0.2502274895500307,7,2,1
67093.1554026511,6318.828155313811,586.6941371571667,0.4033012199638247,20,0,1
72057.06190510826,18811.467917717517,627.3598535764922,0.055062261469456975,7,0,0
77614.83506116793,22957.774307217078,696.1479086435834,0.6167344654658732,5,0,1
87831.12787211683,23801.856450492905,729.4079469314136,0.709431836261437,17,1,1
100849.34694092597,25379.93936271529,649.9537718183764,0.36262162640285056,5,0,0
65050.467552878436,22820.54612241698,653.9653213106454,0.42560188694635437,20,0,0
42937.84401434974,19002.02907174464,605.6660921016398,0.6168493324100668,22,0,1
71333.18896362,29164.949164962363,644.9340981389313,0.24431927531433734,17,0,1
38240.50311076532,17529.554502198313,653.222721152508,0.3942113364338612,26,1,0
103043.50383040152,17907.24780949381,653.649629402733,0.12769583736082568,2,2,0
53850.85739293512,32217.921318252244,616.987648145293,0.5413354196654455,11,1,1
84702.64387631131,1000.0,814.4960013086377,0.6049984861003832,19,3,0
71310.43014417964,23179.611575991097,751.4496019006988,0.09683394664157144,18,3,1
69887.73003558036,23481.805064336833,726.5737856306849,0.6676936497007927,22,0,0
33377.69864935301,14213.125662092507,760.2352519631462,0.31216362872705083,4,0,0
49234.39726889298,18168.54451389882,720.502533999541,0.6955446288123064,18,1,1
57113.60919093617,17879.705362742425,836.4450481944168,0.6801207669481371,11,1,1
57518.33164568729,16078.940386773636,623.6437570108421,0.6036297844339283,27,0,0
66856.56854952822,17430.897378785885,520.1861700093816,0.6311047196516189,33,0,1
51772.47919000333,21427.557994271992,618.026890169998,0.25256138119437826,15,1,1
74800.58030033673,12666.380610041968,548.8625193649694,0.307100698435731,3,0,1
63074.481761141855,17959.14718961062,593.807455686719,0.21804297968386338,5,0,0
78149.28101616792,5856.895053141732,637.2858838305542,0.2981533054906475,6,0,0
35297.95863014543,12467.629289087536,670.0070353329344,0.44333361045660974,33,1,0
80618.34276175423,8224.423057989101,754.7872091323013,0.6548213158765916,3,0,0
97585.86419444799,19396.56053952365,796.9223565598527,0.4330283827068931,14,0,0
61810.445123856785,8643.978906088229,700.6803634422008,0.5376803046257402,12,0,0
89141.51363128799,5463.95622777529,594.6413253460685,0.1450534608382697,8,0,0
64444.8912777619,5495.736182131666,644.5001519177323,0.7076976148485201,16,0,1
56631.116372723416,8709.668147045004,659.4493982024245,0.45822397643306506,13,0,0
69218.24724865693,27283.65599589121,650.0916601211355,0.5930667317977796,30,0,0
96383.99396771123,31825.03018600703,585.796339031645,0.7489961434926705,1,0,1
94777.42964354131,14955.554610453131,769.8860923069723,0.6518079183359926,18,0,0
34377.215460319305,4559.085583515331,572.0103187752728,0.4030581428752322,18,0,1
44426.30360391035,15293.96873591716,642.8403665822949,0.6576284820531854,12,0,0
63258.03046931765,30473.07119453457,689.5021851302997,0.5112478802397533,20,0,1
50858.34524496332,20063.243492251917,692.030706979862,0.5610126966533847,30,0,0
72647.22144028786,4851.327937467371,651.5640806878848,0.4961063601126567,27,1,0
62229.69164358283,34414.16876301265,701.4515711417428,0.2513436425744179,0,0,1
55931.53645852765,14774.492894055398,605.5116926673172,0.28413407424211706,34,1,1
104548.0675225096,13194.532070890775,672.9732086428296,0.4408372622881046,9,0,1
80654.12177509745,28545.94837665735,589.1159212475742,0.6618532889485653,7,0,1
79297.56477243738,20492.43166262546,618.416049435421,0.3667800515776297,12,2,0
48855.757679239636,29601.516488098983,748.2932469036543,0.4283972207288312,18,0,0
64256.26252195789,16764.85630340375,663.8414991016534,0.3083675977394795,2,2,0
62259.44683899458,17327.21230438077,666.9208654689247,0.06269482634054281,2,0,0
66876.58127239865,13715.046054368122,645.5818914345109,0.5004776069548346,26,0,0
56194.58569300134,19384.60698682102,632.8646194160139,0.44615498373182544,17,1,1
83450.8215627331,17648.04319771957,681.5418027108296,0.7347794593356691,34,1,0
91622.4219554997,11663.100991159099,836.6873389046718,0.4055767483687386,33,0,0
80308.82328495788,2781.9309844905492,581.006443981743,0.4244634425367003,29,1,0
62999.61987540142,22278.98074421181,611.4092099432141,0.24758337641551886,7,1,1
56941.88013569409,20908.7621342831,613.9156472332286,0.11971936192042143,20,0,0
86649.10538956671,15625.70425444909,524.2103781826352,0.5453009234365913,18,0,1
71476.05977485064,26516.568843854824,671.5007679021043,0.6158909457470336,29,0,1
76129.41787555031,19344.291424151685,664.6476201947945,0.6587889590638039,26,1,1
71118.14682167847,21928.037201127376,635.6895177402947,0.33299022932259414,19,0,1
50140.85777507206,17957.028452793224,725.4957812508844,0.5424954839073269,13,0,0
96267.78814873216,3717.503082253432,648.0818855487266,0.23388447039620652,11,0,0
114075.32842146969,29753.15910103765,667.9924077061305,0.22695381789014307,22,1,0
56358.45336207976,21411.92784383114,691.3380127333412,0.7470076809191651,11,0,1
64213.39865734939,6061.264469040232,654.5987568258973,0.6446075347294133,29,1,0
57387.626450539596,13924.872278941955,798.8751690781362,0.22934922169411182,26,0,0
51742.385807226456,23163.27208879095,652.0801008331038,0.3533795100914911,23,0,0
76925.77188673045,31601.48453754904,725.5228458824132,0.44547788227808904,2,0,0
53418.37992068974,20585.951669133632,674.8197228364006,0.05908023824349848,29,1,1
45896.04877387108,24643.758976520276,678.115092999125,0.7214915303972197,34,0,0
73924.54283378061,32832.326497280745,740.9477684057265,0.12614002887985998,32,1,0
47506.59310884488,32404.334603292067,658.210159782949,0.6220676354484811,15,2,1
52679.837713456574,20373.840782990883,676.2294677675029,0.7331511545219946,17,0,0
51474.625672311246,23930.824144486352,697.3840872411514,0.5429603808051134,17,0,1
74250.399418905,9191.461485434687,638.6531285308187,0.7266832346666676,13,0,1
66483.24228793014,17536.17684731463,714.5442083319401,0.06378296872544323,31,0,0
27623.10997994057,21657.865585096897,785.59496302352,0.2981839104484303,11,0,1
70714.94236808976,14225.790477874834,620.1725655613774,0.38351640339617193,1,0,0
48496.63729878931,6059.406450800478,635.1166063888376,0.5980579579017755,25,0,0
95753.18528884291,17643.907829904543,607.0500323913899,0.5081723276321758,22,0,0
23595.795463117873,2085.0947647071043,806.5690894441129,0.5652063726222019,34,0,0
72519.73944339751,31591.007199703956,722.2493695331575,0.1512632675019161,32,0,0
80564.55174850473,17484.001252313974,589.8757719909145,0.6413358190830214,24,0,0
40864.96229234139,27561.45576424911,575.2994672653972,0.625558098295431,3,0,1
59426.6936943317,10084.82554303869,724.1085790385872,0.5882387339008269,20,0,1
66906.67642649231,13472.526260922165,843.2368480829364,0.6225649411817984,3,1,1
61992.81614595772,23288.42929750561,675.7038674720852,0.19951639771430035,30,0,0
74745.51176504021,31436.048645715546,576.3996375273314,0.14818685223014805,14,2,1
68154.56595131375,19672.90622127614,565.175586362789,0.6765430897176431,3,0,1
80727.91047748749,10558.335911212427,654.9422582262931,0.7199072282702632,3,1,1
71595.8009395909,25864.046837721726,581.959794612668,0.34698651068821984,2,0,0
67185.49910520416,8359.679119407338,662.2333971334872,0.36289987210782826,4,0,0
59473.37250778224,29717.489447676067,716.1034646424959,0.56868394703607,18,0,1
69946.77091755334,27555.487485124002,698.5668585467597,0.39649934891572436,31,0,0
99966.14334248113,11176.19419083284,710.8625167331628,0.2694888242422816,8,0,0
63273.54595910656,16877.761799654916,697.6081356649933,0.18306724581401962,2,0,0
39531.54396618914,13401.335470681217,730.9310775251422,0.06585586030813018,33,1,0
86917.119179101,21422.357724278438,662.2896849081486,0.46138906060708057,24,1,0
106513.34234404737,22224.383639741285,687.0568882272831,0.1495077543818727,9,0,0
76550.7557982041,2565.7125176283716,771.1133025648876,0.6508456740365198,31,0,0
104298.78464370978,22667.6382095058,735.5019931442095,0.7380080571357451,4,0,0
67859.46946354095,17118.648853043313,591.7231947471205,0.3704181081300254,28,0,1
123979.61854312205,7033.784368041957,623.6471473059207,0.1308990026352953,6,0,0
35630.906571464264,23489.132264081632,590.7316764584982,0.4581122012254736,14,0,0
61986.73745909404,32257.55917920056,665.8781672304743,0.451715022405678,1,0,1
76982.58068305615,18993.30891964456,449.71291382635735,0.14334762067746837,9,1,1
49705.664481398984,30575.921249062965,721.3126521650503,0.5028511846862772,10,0,0
88655.89168464423,25388.504452876805,613.7357656342543,0.2712439917610005,20,1,0
75939.51529597676,25490.984410674995,555.0021107162934,0.6418443329499625,11,2,0
60688.88602964993,22185.225829698757,830.5454648132742,0.4615425547127712,3,2,0
73595.31195085001,16009.441764982817,629.5434853335905,0.3530656593686036,27,1,0
68980.90819716707,11322.300371983554,559.0970188840593,0.7243225486139984,28,1,0
77994.21441571304,45675.776670134,639.6548080090553,0.3938569515579381,12,0,0
60340.646706696985,19554.091695358587,790.1241335976655,0.6711060548049633,17,0,1
20786.953469616594,19384.989594983326,445.73086281850306,0.23501708706336177,26,0,1
82278.07010213599,27777.274342385026,749.6034907002621,0.3592426692202486,2,1,0
63697.09695066167,1000.0,555.9994422386144,0.10872174156638673,34,0,0
49284.37345161308,23181.646122011814,712.7984529830944,0.34593038764360207,21,3,0
57504.71947452532,30130.322448781044,601.5872960762899,0.6761449749792672,16,0,0
61068.09092825296,29898.927726326947,682.0833470792106,0.6306235489967311,27,0,0
35256.24594261766,23158.767849273565,644.7053278968696,0.7329942588668639,15,0,1
47235.25116201039,8944.596538126814,701.8969739677656,0.5748137200696292,4,1,1
62701.157779917594,26089.882347752016,720.0717667329378,0.24004178285357491,21,0,1
61595.2661890423,8002.904059045766,715.0764862446031,0.16258194047015262,16,0,1
46328.61677826331,31565.152567797668,628.7560634270213,0.1756615552613629,10,1,1
39234.67789353159,25031.766130889235,698.8363814288515,0.512967876312774,21,0,1
47939.54916462761,14593.875182873939,744.8441561365219,0.31757297664906065,2,0,0
70934.50038456128,27714.936122616466,663.311064348361,0.33982597410980153,26,0,0
52071.742408182865,16610.940718725127,691.6920007641509,0.6524018214496827,12,0,1
82440.81916234166,18898.950373810243,600.656626220951,0.5586655871119609,12,1,1
88242.3822067945,24491.70709863932,699.926674125945,0.19649166503396087,29,1,0
99877.08520223554,17530.10387700827,635.0559576153661,0.16977090056761562,17,0,1
77490.76962156023,16010.364027428277,665.3724373978719,0.6253528755275871,32,1,0
73448.19331862789,12373.38364073107,678.9600386256577,0.7175260809109579,16,0,0
92547.55135242037,26499.677170397586,693.7785797996736,0.1795997053796461,9,0,0
40635.55064121782,18390.42260875182,650.914336709881,0.7162329886118507,23,1,1
77526.59895757401,27449.554803131425,795.9234457254375,0.3508160666254417,28,1,0
83984.7136777356,12848.296011429284,612.2974031900181,0.6839613522189854,7,0,1
64792.94789925896,9234.018094632778,568.3468966924289,0.5756000053669442,13,2,1
81452.38259048101,27912.791164165254,591.0757329421733,0.6835774844222464,28,1,0
58321.86452790254,8351.26829261333,608.3671394353844,0.5016032341196069,6,1,0
65789.31369967414,13029.091012636796,680.2143852293888,0.15990686678264882,24,0,0
72330.23660640838,23311.54720981081,805.8843664041289,0.09225629661523849,29,0,0
71736.55414543826,34242.31250901714,706.515334101142,0.4889786288005547,27,1,1
37207.47238977561,21313.724697492904,661.2847563491969,0.09084902509654512,9,0,0
54726.179379316694,8477.295806014956,630.589781942689,0.21519060252045807,33,0,0
65846.74046803448,9854.523851458853,761.1119318300599,0.1943613086565264,15,0,0
72842.70124842017,17973.001931480176,602.6066062835022,0.3489726167977467,9,0,1
78464.98459683414,23773.298738486177,568.3681156620133,0.4681662267353148,28,0,1
65488.39222296657,9485.277594686597,617.4054603956926,0.6878151457463203,14,0,1
87160.90177321805,9946.92094809917,641.7000730594264,0.7053344022260775,27,0,0
59149.84121874942,17464.903617283228,720.1712852441372,0.7376616285777499,23,1,1
82136.91388354971,24388.648015662722,735.633246188474,0.5846764023365327,19,1,0
62000.42934412568,6385.104105983781,716.0595528803394,0.6949079146283532,28,0,0
46658.88466861905,1000.0,523.106129370576,0.6034379621286317,1,0,0
117370.00159064781,17140.385239830575,679.8575781714093,0.6874208249678898,31,0,0
74983.96867150164,42478.658608813144,682.5334994814215,0.12292265251347405,29,1,1
28181.743475368618,13829.443350297646,707.5249919647641,0.7231024539242016,8,0,1
83070.60507504485,28617.795265643086,572.921731808211,0.21419416598693047,18,1,0
68290.88035431196,8791.005446412008,649.6082323236318,0.4479289756802737,5,0,0
82340.63285760098,19110.359793742842,647.6751882522819,0.4117792490048413,7,0,0
75838.75032178797,27831.774567461736,741.8529111249429,0.445123467069503,33,0,0
49727.96177949435,16819.924738918005,681.1114927210969,0.5414206849877938,0,1,1
83402.0630382282,7241.123839681737,630.825369305038,0.4277182872805095,12,1,0
51744.87345839448,18553.88416437639,550.9063606473468,0.532123582674072,5,0,1
48853.459778915814,25381.62323402257,583.835516005496,0.42407197078737763,34,0,0
58301.13966420812,35768.456484420705,718.96648772019,0.05843020199869761,28,1,0
44239.25807580307,5984.05679841227,523.417999455064,0.48915656362833415,1,0,1
75022.21093666703,21115.47711911812,541.6080801029591,0.43864089753489016,9,0,0
106712.54805661079,10387.015842318608,732.4847963684961,0.4600909346670531,30,0,0
42920.976958017796,19461.059373069405,723.7428389537258,0.05109231815639645,7,0,1
92497.11442633024,10275.900560300382,583.5661712696171,0.37812275578794285,27,1,0
53025.37268516138,11980.852628205459,659.3099968132342,0.6624840448985653,30,1,0
53126.87833493207,32582.53213759829,780.31171937571,0.28278879608909685,12,0,1
42169.988720998765,18596.798997028694,681.738002590497,0.36141742527562065,6,0,1
71859.27056731391,6390.274291510139,703.6758095612314,0.1357109470465484,0,1,0
38525.967560574536,16495.74222014097,783.0689133851381,0.365164001172478,25,0,0
55519.811894569895,23940.646432391324,806.3958406648993,0.3270448790744709,15,0,1
87177.04558407568,19905.30431606993,680.1513821233586,0.6681284156552787,11,0,0
96272.90105996183,22199.10573125112,779.0128888754535,0.07480832362510059,15,0,0
45996.35630990774,35156.96694487054,740.5825964185669,0.7158513309764655,33,0,1
58915.52552607592,26760.389830483797,645.3568399453734,0.45348222946616734,26,0,0
62161.86348421374,30574.86834019854,705.4820009991811,0.42074406352860166,24,0,1
35569.43065234627,21486.973813015986,553.0805242456067,0.6703415000449544,18,0,1
53522.0937672282,25884.893318258426,719.1637790816964,0.18370661225626767,6,0,0
52310.14068366969,11797.324719670294,641.2658209603462,0.19630941041097116,11,1,1
74774.05166961924,24712.781781129146,622.1076627709031,0.6620981227083339,23,0,1
69905.81228110119,32044.664581881465,750.2876925171479,0.7006109853774809,4,1,0
67477.23155711363,19977.66480822394,606.7078485408945,0.6364679100636241,0,1,1
60778.39297004386,14242.586824439442,704.3681515475444,0.07888548342233574,6,0,0
91227.9624860817,30014.703917321138,743.5650059204781,0.506448446690043,25,1,1
64565.006302303416,10884.97053221496,646.2919591240852,0.3657961946802651,23,1,0
84870.07480867326,38619.134984065364,690.6739115278566,0.6154773245346499,16,0,0
76793.87861669471,21017.549971572087,625.0103661836888,0.16069371669372565,3,1,1
68055.07713298837,3626.9102315634336,613.4598752253012,0.694232865404476,15,0,1
82786.85767959969,22058.109204501743,662.4444536543562,0.28478053200815234,4,0,1
58838.17573811019,30719.74827628318,850.0,0.276260489523826,4,1,0
47108.367460746136,28132.3978404113,804.7085559893563,0.1748991506642795,16,2,0
64409.37522484104,18332.790236654237,641.5682813476724,0.054865230991123094,20,2,0
95049.07855076515,19362.575453245845,669.4634883617812,0.2689202362013821,29,0,0
69280.49185781609,28109.257648759525,649.8993827921583,0.15382687122577693,32,0,1
54910.99855637601,1000.0,587.3947264219913,0.5666977305825835,22,0,1
48778.55004204815,13014.96337509602,626.5985249406269,0.5796464350901203,28,1,1
34563.28705544004,11657.036705080875,644.9554033149562,0.629552738127984,6,0,0
48599.30210809704,25608.010118255974,505.5588567119772,0.053809164644139096,6,0,1
71008.15986174312,10116.202359072297,657.7961523552308,0.2960384239738823,14,0,1
60250.4469508601,11658.635934057133,729.2591542046144,0.05406541837605843,28,0,0
69444.23015577963,13955.247319634773,814.4470988242131,0.4054005087308623,9,1,0
46758.768621804105,10579.415673537751,716.2601706260888,0.6863054143443124,19,0,0
85532.63677981045,27624.82642561078,616.1877800422242,0.33552318169704637,8,2,0
80049.48734204957,13805.442695938684,609.8108135674511,0.6615643740137548,5,0,1
53755.95756913324,22933.123664059385,673.7137569884554,0.713305159206267,19,0,1
36766.66366625455,13305.99314190869,682.3246105718288,0.21650652542674897,20,0,1
70004.47665242382,17921.6945256373,671.1455276604785,0.05710853260183312,6,0,1
25673.43687052122,16333.49546107164,760.9963376882746,0.5676984263990494,33,1,1
38694.49321435788,1146.0585441039038,709.9868402195309,0.455307206387711,2,0,0
56928.40083512525,7401.957173717266,713.2966368900646,0.2930042623793532,16,0,0
47369.293509357274,6832.707986386236,703.1471973460641,0.30732265845044965,1,0,1
90898.29628666036,27829.203316524057,631.72622636622,0.10668407674982171,11,1,0
58411.03893894482,29592.557129196386,564.5893455442898,0.6597471507013839,12,0,1
74749.6392175982,13566.359879132064,670.7006981289067,0.2194451923968655,11,0,0
21451.401183745722,22031.4310721752,634.0473784749124,0.11797311775176783,26,1,1
29310.430809963982,11726.595180326181,724.6864792573404,0.5956738792140325,25,1,1
51481.682527888006,20566.133142269377,638.9846776314525,0.3895521689586318,4,0,1
69268.42521911259,14810.210742205561,761.1744231339163,0.5840278050869006,31,0,0
39591.60733339575,13368.808837537463,725.0311883783285,0.6813124025962117,15,0,1
72255.5167744831,23414.25227377423,796.5705957333735,0.31748888965637867,9,0,0
91967.00910850483,20893.757539463793,790.0791883790196,0.08812984950413782,14,0,0
49227.35560624038,11253.37802262124,731.4545459385143,0.2272676126559709,10,0,1
64770.722818450464,33437.87105606126,599.7753337509128,0.08574898913414174,8,1,0
59516.78867277659,34603.945013312354,649.0068063629483,0.1544083349743856,17,0,0
56521.37048637708,19068.31165089231,630.7735117958213,0.6442629353809907,32,0,1
71367.17121926695,23460.347462401252,687.7272384137267,0.7089941475324089,8,1,1
65175.045366222315,38991.18571585105,711.5812880140936,0.5238391441200057,14,0,1
61350.5042926649,23428.521069267474,657.9697816973338,0.5622755302468504,0,0,0
67828.8806273905,5783.718445219467,721.7757771581666,0.5620399694724458,27,0,0
82255.8909675228,18388.093454202295,633.8991666773103,0.13634902081408443,32,0,1
77075.20288129283,14889.4362985666,519.1731242680336,0.08297876847691676,0,0,1
29900.134516679173,14015.353902946903,695.3217686931021,0.5388795397190799,5,1,1
47282.57115368571,21990.812860991788,660.5278253582966,0.07619170533293976,10,0,1
76687.37737781272,13669.342212228923,688.7773716262903,0.6182283690297787,26,0,1
116631.59812263265,25512.277235433154,734.6403816015874,0.4637965406277321,4,3,1
51901.544418902835,12370.83105385907,663.8194152425921,0.12945722869930865,9,0,0
35032.40943955338,8115.16709464819,594.5903496285353,0.5115050913044455,27,0,0
110566.49269590917,29413.10364913341,638.5980193843444,0.47441492969348276,15,0,1
90334.72401423236,15555.346264709933,779.1196110040119,0.3134166763521279,25,1,0
89021.12552344888,25175.801391436322,710.7012948567851,0.6224040788796434,27,0,1
67203.53277563663,9526.085299787532,761.5003361980853,0.2632258252218584,13,2,0
63983.83525156792,16353.672962616922,646.2228310046479,0.31453679248177097,12,0,0
62151.0317967512,23865.76737543458,731.4151468323746,0.5376360970171159,0,1,1
80215.78711952822,11027.567676484196,747.6852231666124,0.5764218458006926,34,1,1
90045.13036564765,22140.856198456506,572.4657654978217,0.24149277458665425,14,1,0
68262.02585608263,28754.070993840665,700.6429742726509,0.06175033959300457,28,1,0
80500.8022358094,21208.363366175305,693.7916352474862,0.17341263447778082,30,0,0
92840.73608180444,13156.175464249507,597.8780257928246,0.23423759535355,11,0,0
83766.90029209861,12424.2642323851,598.475118505514,0.6835050778692732,4,0,1
76650.1442218426,11181.480573811565,822.8796385194979,0.6755273827295886,31,0,0
50564.08796618783,10087.483322265976,691.965782774621,0.5124883587177175,9,0,1
51988.229615154014,25459.50076140345,768.4652994423407,0.5465237977945779,4,0,1
30512.17519430357,9612.74699985191,731.7100315357633,0.4848770160083286,26,1,1
72714.34650756698,15357.583623482287,683.6413713093749,0.5954295531058077,20,1,1
67263.51844952595,19592.453431115417,609.0630166393199,0.295840177859242,15,0,0
90455.81092423564,14650.035431411266,725.4872465790827,0.4326942451010045,28,0,0
74133.20099817624,11829.537772608539,680.6399970941046,0.5194612914139798,14,1,1
58522.13236443563,28753.893690824,691.4686306982169,0.37790031437144117,6,1,1
55304.88346637924,12487.17052151584,699.1624021670415,0.5908682204725092,17,2,0
71909.18058249119,19597.99647078369,704.8410183868157,0.7028112770396762,18,1,1
70048.07445935746,13332.6642977144,718.1193848044726,0.514660259096323,16,0,1
101461.09851526716,12818.83397038353,616.5309930514037,0.10226952799166528,13,0,0
62826.58536108439,6032.828707616873,729.2235113916737,0.47716555116902226,9,0,1
74731.46583091692,18140.892054112024,731.4110148448756,0.5374208041785662,24,0,0
97695.38963479672,6342.393369476082,694.48839580949,0.24827596563555437,8,0,1
62072.1248208396,20602.10510275242,722.2886451963935,0.27523746098698076,15,1,1
58388.26197954966,15351.480632974048,781.0119350163144,0.46676874767487536,23,0,0
38321.904874456566,9384.599978991246,739.3275435213117,0.5449794060586616,20,0,1
57792.751031447,7774.573235752328,599.6889119118741,0.6600010334745191,33,1,1
72557.28626282247,1000.0,642.3052063023151,0.5837653908586714,6,0,0
92483.1681374324,23879.553910264585,666.739870008581,0.1437795084902415,6,0,0
37514.4063748998,17516.305775790046,638.7172367115882,0.29366400610869997,27,0,0
47049.27101185596,19416.431925228993,582.856455075754,0.1541359104218543,34,1,1
27313.611295923693,22467.04569379922,745.8840669397555,0.5798588871628747,9,3,0
101053.40589299618,32230.821951446498,624.6506829578005,0.23651409988068745,31,0,0
68222.62176654435,9379.500612327387,765.8007004266772,0.1364552506361401,33,0,0
56333.05780499689,12412.366751086589,566.811860549661,0.1173609986570134,23,0,0
29067.07050713693,22746.372302342108,734.4926207751989,0.13014706520564845,1,1,0
64960.95666770229,24618.23358901765,739.8880972809682,0.22298302826010974,3,1,1
56920.36354006155,18550.58448325706,696.2011951543996,0.5976484284381869,0,0,1
29135.228550323438,1000.0,662.0853942814565,0.21640948522267106,21,2,0
59244.16650695416,1000.0,679.1890990801388,0.24695520787500203,10,0,1
89503.98811166917,17295.399543152675,681.2865238740591,0.6664856031007602,10,0,1
59793.54116289876,27764.188920421417,712.324085983732,0.35962051727840444,13,0,0
88530.59938790434,30926.412116560798,667.4167049679019,0.406179495889594,26,0,0
96135.16892615789,2628.5819534570637,677.7345402570747,0.05190561722728903,32,0,1
59631.98524734844,22188.89314374387,703.5644177448086,0.10747530676054655,27,0,0
63212.55658125092,21992.89676729525,681.7791678395356,0.5684175115753085,22,0,0
75029.27028794054,13219.144031330527,617.8419086705729,0.2834241757316782,8,0,1
85452.96526640953,19266.7370439878,624.9752120475398,0.1546768014790673,17,0,1
93448.71961065212,15813.21874250407,674.6818976194796,0.35016433208381637,23,1,1
95370.9110933701,7686.252935243319,559.0106227351928,0.08156838503847247,26,0,0
50328.95374904724,12388.667817667007,669.916102875475,0.5465633825950865,34,0,1
94093.29428557688,36156.78474808815,691.9965431658644,0.10613465692896101,3,0,0
75291.47055565206,20603.671633595026,673.6018075606286,0.08841226876553068,21,0,0
54562.579822413616,7095.469908255149,711.9920411104467,0.3437906841773265,10,0,0
42116.2319974916,7877.518774807215,694.1702065001955,0.4609520794434037,6,0,1
49031.18349782221,32015.453587072196,739.7413439318959,0.5847283623179024,33,2,1
72287.41086117252,13595.719429155804,691.105406978303,0.09967282072455451,11,1,0
55172.40785191417,14636.456646020062,815.4090773723791,0.284373824438502,3,2,1
72249.44174258245,25132.773132760056,682.1427153757179,0.2379960905667945,1,0,1
42459.03574977275,14938.195865182666,733.3357461454295,0.5706308763636783,0,0,1
49924.17150440512,13213.332053143291,667.0380650304661,0.3085981889981024,17,0,0
63201.981764782984,19998.414240855323,682.5306886568558,0.4894977018975757,22,0,1
61558.188371375574,11626.262834146557,613.7590344438673,0.3925648086418732,33,0,0
39460.1831533729,13785.386108401995,672.9202171065526,0.4487608743806651,3,1,1
52419.03514558923,32341.74758752892,621.933339761175,0.30593923928444405,18,1,1
30120.636582369545,10591.462875942687,760.3690627975528,0.21748172290274048,8,2,0
66326.28607584251,15758.715988140953,692.729316451733,0.09181803768385856,22,0,0
95555.38292516288,37230.76103820551,719.9061736379865,0.17142846462814898,12,0,0
49677.76976251429,1000.0,557.8073567448182,0.17082032385738266,0,0,1
45932.19405638236,35093.152188832784,566.2832886162005,0.7043889034426963,11,0,0
84652.39315522785,22739.343376346424,657.8140733046185,0.7061665207289387,9,0,0
41585.50743658139,22197.857824851293,580.590513725335,0.22906089798271273,26,0,1
85110.65272154586,22059.130735198174,482.35746614337575,0.12394925803478839,18,1,1
40961.10828047278,14122.447310210013,736.0500189020938,0.24720273683252586,31,0,0
57890.29330931554,8956.026749936436,702.6934056077577,0.6075131694670867,21,1,0
60177.35590481323,17764.844027455576,624.2798008253682,0.6595362933993549,24,0,1
79088.08073768487,16984.926509499397,688.6262199126265,0.4007711902671026,10,1,1
102446.29920309503,20039.541180147302,808.5808213091002,0.4280833312906107,10,0,0
58071.69818293036,15266.448968605826,614.9960034580649,0.37109252249302144,25,1,1
64628.97123927029,25566.820489364974,743.9289555794994,0.17796389068118512,15,0,1
30805.589074873715,25353.407504184608,648.1284124365923,0.08484163855228886,28,2,1
64183.516800189194,4969.835822041427,636.7997301802565,0.484977863770043,29,1,0
88095.70524448412,2744.355719752837,592.229923043796,0.6091109237316772,10,0,1
112257.30149825514,10996.842066250367,689.9663065354943,0.5745431002219623,0,0,0
57812.941381173994,6011.345385062672,736.4283631275812,0.6802068253820582,5,2,1
79336.18564746244,27586.19345096029,701.737971540338,0.6195535602647017,12,0,1
88150.10358260993,12180.876789632179,664.8208054695353,0.2513032858802802,26,0,0
36233.207825820115,22683.57029332326,634.6705827795394,0.13176958897588092,34,1,1
93371.80816351902,16775.422340797028,801.1268178604006,0.35151368267168026,32,0,0
48860.25844496239,26174.225583326246,640.9020673944855,0.2938155410577444,13,2,1
70291.68753374893,14077.029475997519,640.3681425270728,0.5600078996088376,21,0,0
39742.231103358834,3890.8842740798336,570.5970904752099,0.09758145337638259,20,0,1
57670.07994242916,11760.387503142792,802.613404206126,0.7101070903552296,1,1,0
31237.086067713906,1000.0,561.3910851695105,0.7200177157327428,4,0,1
70330.42301457583,4420.215649784068,746.5250743532758,0.11184133255548953,14,1,1
95696.42949955518,21059.22710219547,721.9456524560638,0.3537745586474927,19,1,0
65656.91091321108,19747.206299786198,646.3586056709215,0.6794020916937681,25,0,1
36159.63676175996,12860.499644817612,695.9318687590428,0.18109691577431175,23,0,0
58231.89242937135,16457.647521064628,712.6033800156622,0.5345497293382524,34,0,0
69272.36004702892,3660.9695455070014,838.7231950918149,0.5478499087380211,23,1,0
62086.746910698545,24082.009148058718,803.2019636918359,0.21351796638994236,25,0,0
78575.00612301959,16154.243840765897,731.6777334737843,0.054316437375414896,21,0,0
105312.03089734376,22746.846507447823,697.7157244206825,0.5151282506789163,26,0,0
63822.99668670284,22224.282933889717,726.6659861580938,0.4820795813685857,18,0,0
62395.02957530275,20550.58429090076,696.4612231879096,0.504796345044185,28,0,0
50576.56794357051,9470.944194991755,704.9136558143069,0.1595104777475791,11,0,1
85602.48768628592,20500.431517266345,634.4818827049173,0.472613978705319,15,0,0
103213.49941171004,21938.632178996642,675.2525274934555,0.42917221548898454,30,0,1
61203.25335768966,11946.148879624709,734.5586301287182,0.3667886530693161,14,1,1
70092.64532726351,20863.68177474885,683.8562948153861,0.5938459247919216,32,0,0
68252.70479547027,4937.39605929893,714.332214042208,0.321808684978885,14,0,1
49635.180102337625,22941.197715503688,643.9230444516472,0.2972870229776731,31,0,1
79652.47216247892,20763.642657347697,676.7278771136356,0.42870389846973117,21,0,0
64189.77086690361,31418.24464168542,593.4882318248556,0.7109345916789878,5,1,1
69540.98058311595,35307.88642377474,735.4133200040199,0.2909801609255531,29,0,0
84316.71332580035,15716.60380941627,557.1207049857695,0.36173101414503067,16,1,1
58465.70489136249,22596.10436463949,713.6217509611633,0.23642603830907283,1,0,1
66875.67641639968,21111.69918991773,584.2464265572448,0.5257287164257973,15,0,1
50491.60373501174,15526.820017967477,613.6122144606536,0.30485963157779467,11,0,0
43166.15098125307,2020.968293554144,611.2143884949985,0.5348877249950883,11,0,1
67426.6305851,7779.486254196518,740.1608517934791,0.15199714372498901,16,0,0
69154.19769481705,13197.40050731655,595.2312829055958,0.2346350464071249,5,0,0
83462.39708520436,20424.777414667526,667.0221248372736,0.19441476613300995,25,2,0
49734.023265725795,30436.416135112577,650.7682824053787,0.5941818655434622,0,0,1
44002.89263632198,17079.337702140117,662.1026566268822,0.11269743452072886,15,0,0
100551.50192795313,27362.921156450597,732.363594879458,0.22636217635983757,15,0,0
67623.7454999864,31039.44784516379,671.0614951696108,0.40517319683413794,15,0,1
37458.21918203999,12845.195593665254,669.9750602297678,0.11147749266836797,28,1,0
63891.55466066892,5368.775788929654,616.1513689730559,0.05773866059020323,25,0,0
51862.7181510894,18336.715681913673,613.3221283380226,0.5337996951516444,29,0,1
72164.61898362913,5954.649194941474,581.8694389044709,0.47950536922936304,32,1,1
56652.82003034017,34356.39306690691,655.128552466547,0.055890427337012785,19,1,0
89738.32663698739,28494.568172563217,783.9497087043142,0.08397492396930467,12,0,0
39000.25570241304,30681.145243911484,692.5858408412143,0.20355954163380008,7,0,1
90566.25950745241,2430.97528307876,684.0085477804602,0.6843252287052837,31,0,0
79862.16520963016,14728.396253097826,571.052097101928,0.5069088639364923,17,0,1
71456.53459808185,18479.64902369744,758.0275545921695,0.6135001803727332,10,1,1
85689.22290988741,21615.72283544524,792.1128818889424,0.581634706204212,13,0,0
89309.6815669512,14750.862672101941,621.4314384502273,0.7381175340029668,32,0,1
65026.844368666934,1000.0,611.6586450429778,0.7151099854699395,22,0,0
97592.85836025926,22161.802664832074,780.6925125741125,0.09711436937992024,6,0,1
77356.79906926054,33901.94031763022,707.1099170894263,0.06588183183233803,14,0,0
54045.81385803266,36089.65225486316,800.3201806627685,0.3979480455183194,14,0,0
38066.412601461794,15609.415663636199,762.4936076868073,0.24020777271213062,8,2,1
86480.13617390246,18706.787796151853,545.4219635541455,0.40319653354727386,20,1,1
64988.63842676123,8944.680434983726,791.3592227902916,0.11347130895159833,27,1,0
29169.678190470266,18715.23916211813,689.133070833379,0.6862037742458462,5,0,1
71669.4887877336,14140.303175004305,681.6063037424487,0.5918698611026881,9,1,1
59838.91790674427,13335.186781500917,682.2884521212012,0.4364815639985683,14,0,0
51593.79408054556,4531.585350031424,674.5282766659872,0.3755496881431121,23,0,0
85182.44511073937,31868.593082562093,573.5917978925858,0.3779458551840648,3,2,1
49245.649869145665,15809.291609225367,776.9599233620456,0.4815275221187553,34,1,1
55932.443442622185,13694.493489057644,641.2494904466191,0.43173873292665316,14,0,0
60684.82486441268,20019.395566230825,658.1875149253765,0.3875665784998847,1,0,1
85336.42087595245,12790.823442829165,720.4303899283858,0.5254797405514843,27,1,0
41510.30140911654,1000.0,802.4764245411084,0.5854866519404598,4,1,0
52345.620622972914,29749.58848557429,674.1432747431649,0.5000676235941417,22,1,1
73503.69261889074,18310.260505881004,693.9849587559378,0.32397113709752795,8,0,0
74920.67004496483,25086.279740053797,778.0905382453232,0.34002678181091905,6,0,0
42477.55321888963,19742.50477814159,719.6358875027345,0.11897223748196907,3,0,0
57120.63681562119,26538.68835988213,712.8357291917969,0.3401817859402831,18,1,1
62653.59181128216,24318.061590798272,477.4089567723046,0.6000546064822906,7,1,1
70759.47059752702,1000.0,659.1599395461471,0.09652936179728029,30,1,0
60805.25491885655,22034.752558137214,691.7977753120433,0.1728635543609999,13,0,0
95775.30236026135,9962.108624798799,691.0771751207445,0.6398316144172145,28,0,0
63029.09572211067,9921.865252087138,744.1278344470222,0.44756323880174614,8,0,0
95183.49550018396,2791.224978049302,594.3749341568684,0.5198392707854043,5,1,1
55701.208283092245,34275.685001542224,608.3778707056584,0.27509132580533124,27,0,0
32984.040770890984,16773.033150389365,748.0565962131092,0.3921594312178061,9,0,1
115217.81630646574,14254.092199512208,756.2616523951472,0.5831034292900005,2,0,0
63263.11230671094,11110.118901037593,607.6112094988368,0.6632303686472462,11,1,1
72392.51358313455,39125.0253994297,698.8402044285224,0.7319445623132524,10,0,1
35996.91127331206,27119.659191058025,662.9201809397222,0.645717879174934,8,0,1
70238.73827445909,1000.0,634.9023944590765,0.09723822801703384,5,1,1
81431.373904231,30276.888613408493,596.0319846907794,0.2903497733946006,11,0,0
42087.574368743735,9730.874673234131,617.223592499186,0.5742227268516851,7,0,0
62148.010514677204,23917.306876455084,622.4883251109003,0.3425672625576066,12,1,0
63789.17715570764,14009.761118063187,788.6188467029968,0.35545962895251015,8,0,0
39378.69787454216,2383.5934186690065,714.6725938771006,0.6060195583290295,19,0,0
97491.75564878271,13363.106212542638,699.8905248326308,0.6333932127284644,9,0,0
12000.0,20170.545403709362,601.6015773087987,0.6039858255505358,26,1,1
22228.053467640362,20316.49534055291,772.7325464973181,0.29823722135410263,3,0,0
67126.30177846507,14847.485545531932,781.007873789765,0.20960952404652616,9,0,0
45102.12884262227,18479.81141179686,697.1692962476548,0.30111988290391023,18,0,1
78542.11195897778,19190.60671376279,689.2944260541526,0.5409684731332725,9,1,0
58087.248970710934,26213.130584353028,689.4793986027275,0.30530021332525414,22,1,1
72969.66808265312,29796.06246809734,731.8281995162304,0.08876762792917883,8,0,0
37659.130571852475,18016.821956906282,577.7292627413701,0.6105298602071911,1,0,1
57049.57816424881,6087.603223426428,605.4686256076475,0.09439904617418533,18,0,1
56149.5621045719,23761.94424187856,623.993426692795,0.7472935181651555,7,0,1
111880.73661641139,24146.624176249148,647.1068375373147,0.6530970129169638,25,0,0
55941.031615695014,26024.93374919596,701.3732924043136,0.7194361445207237,10,1,0
19212.09895549948,9367.223730639438,751.2400132063169,0.6332793828700489,2,0,1
87022.39957595436,25259.019644503736,745.1415637513222,0.12074857813051504,29,0,1
60116.43421704383,20847.313798128966,569.9904940226721,0.3431286088260444,17,0,1
70389.26259857889,23217.543628320956,812.3813851051576,0.6855543900997126,16,0,1
58093.26458748437,11112.85533781914,834.7549492134037,0.11361557589279206,8,1,0
39475.10896931634,1119.6175689890079,794.9700819455188,0.26367200726921053,29,1,0
91139.11238201425,5734.543550463441,631.7250288519047,0.37696906873845754,15,0,0
45440.97773691966,25949.052445256122,645.5248854045531,0.364940117183818,7,0,0
35353.090261214966,33404.16815666109,569.7386266423164,0.7107309419255277,25,1,1
74406.43625650014,25022.69494048447,700.050019813742,0.32658301174989063,4,0,0
68114.2494753556,6971.049329888909,699.0506843259176,0.2172728676351776,4,0,0
86387.54064701358,17605.821765311626,654.5210003084593,0.3614541667362068,23,0,1
70609.27821076887,20627.877835394436,616.0543380981934,0.3271956215812635,13,0,0
63496.72873782642,18400.079483978137,695.5673038140939,0.4863119008594783,4,0,0
83153.01442886108,19429.245912571667,668.1590544714797,0.7459030209227744,24,2,1
32043.236311754074,8421.982419908927,707.2633283523221,0.43599207234843146,16,1,1
61366.104865559246,4582.019783159421,789.3190619851413,0.37355875173483216,5,0,0
46069.33617359532,9163.831157749697,726.8466310896754,0.4656964781193271,6,0,0
70061.1604406577,6798.815108488847,696.9765817342918,0.7358593861629077,14,1,1
81314.02424538221,19027.371324808977,693.860541606609,0.4873599371330926,5,0,1
70577.64902895414,20082.715496713245,607.3437758733669,0.13605422181357726,31,0,1
79175.53289704476,5613.661317924367,676.3728835318947,0.6888815674292307,26,1,0
89779.25002110956,17242.84783372824,701.7894469994079,0.46357524478889234,4,1,0
75068.5160842546,34609.176907711575,744.563879057284,0.16067377456517276,15,0,0
79825.9408813907,19280.553468575177,726.9387641248766,0.21134434475775937,10,0,0
102491.92874656586,14122.581925486349,661.9029387034044,0.13437476920478453,24,0,0
117794.6451474328,25808.73891503934,776.1911721212151,0.7225321807658761,1,0,0
61862.42946682428,39394.233279752705,543.5533294350474,0.09959493450140242,27,0,0
46199.19777560764,19868.869793382564,719.7963248489989,0.5850993160226755,6,1,1
13415.129403003346,12660.668521128355,613.1418813235201,0.28636094679760143,0,0,0
103495.27618479903,19056.74181997367,787.2292504217833,0.10677885305939028,17,0,0
53634.079610330475,30449.21626126263,749.357503150966,0.3536930672890803,11,0,1
74253.09866096299,17331.026452324768,577.0633638685758,0.05018883575402551,7,0,0
78200.92785102787,18301.494008448637,609.7118721517395,0.6220908525263417,19,2,1
81108.9740614551,30761.17401199876,558.7197149522494,0.42934029842560706,34,0,0
59982.6557168572,19017.733112137877,733.0671613715839,0.3662225861642285,15,1,0
80892.08183200899,33482.268568563915,711.6710265916664,0.6304592526411492,32,2,1
75842.51070308953,5424.849224796062,743.5347647366311,0.41352420641279247,24,0,0
51439.697917641206,22119.991547342623,493.40711699447206,0.4667087738982988,18,0,1
97528.3320088616,35774.47282957052,622.589963562316,0.6203722069656389,34,0,0
78536.99617952791,40135.89844642839,731.4260838399744,0.5543994774450126,15,0,1
39324.302158305596,14298.932927553476,769.3277801755288,0.5113274688826115,15,2,1
57568.21260801242,15613.079703191264,655.6231252829677,0.54289871859685,24,1,0
57119.299168322854,35482.59250999555,700.1212671460273,0.23407876760143653,31,0,1
53598.33988095282,14900.340660918253,734.777429819571,0.13207349318430034,27,0,1
77225.48531685027,13355.333023924151,788.1898454782369,0.4858670305137639,8,0,0
90822.88295544188,13534.908683141886,571.1136759210864,0.20681157280285967,17,0,0
43114.65736755705,10055.989488829993,665.1335997784875,0.08333416731080046,22,0,0
57857.42910647893,8395.087423222,573.4413760173218,0.22802544565192917,29,1,1
87924.82684528056,16308.401187767082,712.186874109705,0.5541887110014351,31,0,0
48199.46838811059,3347.8501932131694,578.6713867151301,0.5458950928313676,23,1,1
50726.07614350516,12581.026372031552,679.9702045129108,0.682281749156447,10,1,1
19951.813231529297,32178.86284167073,688.1626483992276,0.5226592738043749,25,0,0
80374.99186818245,26011.007498918963,623.3268644607451,0.357808726499769,10,0,0
69044.98543856162,12967.164782052943,750.1199784580524,0.23234955065011997,19,0,1
58317.58413350983,20369.490940541793,696.422780866843,0.5808802326446353,17,1,0
32888.648236503795,17184.270734760703,683.2833622945358,0.33837964347341526,33,0,0
58144.73863219466,11251.702184780184,631.498017190298,0.6208420111960015,3,0,1
26544.557827257835,1000.0,666.1899121015626,0.6461377004194132,20,0,1
61492.94354912255,9997.270759785166,616.4071960956649,0.29609730604388146,25,0,0
103414.6654434653,15296.307094623113,658.0657565120449,0.29067708075853593,13,0,0
68924.06800319198,40524.728639920664,680.8258342571718,0.6895433396404044,25,0,0
89648.70854981024,23659.92262356182,850.0,0.3280817385952575,12,0,0
91107.5942817457,17140.02770987934,674.6502198116578,0.5447637095816175,25,0,0
54436.15300781978,22590.280894478623,630.255520047521,0.31447193471963747,14,0,0
77369.387349275,20302.69242596146,589.9626615857071,0.5618967811193522,26,1,0
12000.0,11757.316256380975,724.7534781546943,0.17151979378440235,22,1,0
70624.53941800127,17511.056604952355,606.7937227014825,0.6351198400952895,21,0,1
86513.0759934364,14860.50341917837,706.6389283579089,0.7382116669460067,9,0,1
75448.66649836839,4394.22653855319,776.8185901988293,0.5860407860398232,4,2,0
57825.839395482544,12986.039357466416,733.1339033186719,0.3013872385866834,3,0,0
90113.9328515634,17157.00353629899,614.489796549959,0.43864270973800196,15,0,0
87746.4758657632,22052.225572759082,696.64502883507,0.5187201731736468,31,0,0
64015.34236473479,18334.32500564878,770.4049234132498,0.18501071489519721,10,0,0
94815.6565387111,26733.002999007535,703.6395812966078,0.24803151571135262,32,0,0
75361.22561951447,16223.744214250315,665.6454866770332,0.6112395432486192,34,0,0
32803.72780369,29713.95596938079,742.5994754276583,0.7116995994082773,3,2,1
71404.30519339883,19853.99938938866,715.2843789400174,0.24059824648414752,22,2,1
50663.10856609478,22256.838778109122,689.457112790373,0.15330822828579344,2,0,1
74939.18387901991,20628.176629305573,727.5305628480933,0.7371352610587604,19,1,0
12000.0,13750.336330745093,700.3363165134184,0.27397801100242714,0,1,0
96882.75955808314,23923.67932252846,647.7869522055213,0.5949324994242924,32,0,0
87335.62133757959,12773.204011615991,693.7420596597179,0.3153078231800853,9,0,1
96801.27623689157,9479.602512224583,661.8957793984101,0.7143546746093393,2,0,0
64795.59014640841,20488.666629560885,760.6530097701725,0.46967542740085705,31,1,1
88123.45759311292,17451.320629655125,660.9595473988487,0.34057992987378904,30,0,1
69231.35055650417,11052.022803477366,661.1792183153914,0.17483317308954754,20,3,1
45326.294980089966,18927.94811064748,737.5245773495853,0.22890670936415441,23,1,0
48773.345871692465,24272.59084748111,663.6785765147125,0.6498785691083134,23,0,1
58096.05564033132,16301.406819007312,686.6949191628903,0.08986246442446896,9,0,0
90001.78947277232,32417.566696836835,656.1082914899246,0.1597900438093018,5,0,0
89327.29482598379,28420.942519659162,625.2627858867527,0.18484035956356287,27,0,0
52063.607740932275,14250.895891825998,659.149328627106,0.0994757865784426,0,0,1
79352.38540394911,7750.639778566279,637.0362432586412,0.5299479290583446,9,0,1
65324.80028889093,16953.11254130876,850.0,0.7368903137011003,29,0,0
46110.56970499312,22123.622530835783,660.6403709613746,0.14743984246474034,14,0,1
41367.53696442493,2852.7092407190503,646.668019336302,0.6092528254971217,13,0,0
60378.33897500771,2700.9165762159355,740.6839538974845,0.1735537776599061,23,1,0
83666.26008949187,6844.300828728716,737.0089902236018,0.7316464119394491,9,0,0
54860.98278567752,28335.261360615477,616.547216912913,0.404935813643556,25,0,1
80803.11136660301,30795.020749117033,696.0757070385706,0.6432612681240798,0,0,0
71202.83346766456,8518.88993094524,661.496059987956,0.1693891608586246,19,0,0
32241.76032662132,5456.809146502916,699.9623256130383,0.6696796576571882,28,0,0
105158.77478827274,20088.9067836203,661.4204039874037,0.1071474378138088,33,3,0
88898.70330258957,19249.84292741435,535.6024152631678,0.06602455168737785,1,1,1
36830.02730293971,7284.160138878071,718.4729288009289,0.5462723470845633,1,2,0
72985.36047344556,8949.141883420622,711.5596289455519,0.12456477309330363,1,0,0
94518.66033368639,12084.148221742624,593.6405894308583,0.6560613684848625,7,0,1
73210.04099493308,14126.651781265518,749.683415848267,0.48489194135045405,24,1,0
56707.09828072414,20747.672659982345,749.7147880101637,0.28168715018864643,17,0,1
62542.69682379038,1000.0,764.0424419773751,0.24409235883132996,16,1,0
59977.3763729646,35156.30658151778,571.5921557690153,0.10734962513828392,29,1,1
62169.44267286927,21361.85559208529,739.1018414103603,0.5307018450540351,7,0,0
87488.01265730591,18780.5582746052,620.8425243403456,0.691919322074505,28,1,1
74453.05751719399,12312.546067278636,594.4314314828264,0.5797403670599816,18,0,1
47738.84925428354,10412.959441927673,644.0183901151258,0.4835761137072046,23,2,0
59553.51448385247,10874.372896461144,664.0104744218136,0.13309576631184758,17,0,0
57068.798629928475,13597.837951363315,644.0883535788698,0.6293405224824563,9,1,0
70786.39425908282,21680.62549203298,763.0278162133761,0.7257687398903941,15,0,0
42660.996088347005,28246.045189295575,607.501743598015,0.23397212264317557,4,1,1
34863.62650366426,5277.909741862772,748.071210792595,0.34425431284634667,14,0,1
46442.09620411875,14030.743909386658,649.9156318635033,0.05983576565440442,22,0,0
33795.10831971209,19254.89235552624,686.5955775418483,0.632333288065107,30,0,1
34451.507495421065,19892.72073054462,660.553070095745,0.06452192492364012,29,0,0
89488.24835047925,12792.676441232441,623.4463136201209,0.3905558246126048,6,1,0
62427.93843695125,14731.466345849454,621.8356585022227,0.4535286282251138,19,0,0
72437.7699959968,15897.345152981366,588.24308624641,0.08887934482804082,2,0,0
66215.96982866079,7297.586604887334,582.0013863301722,0.17296752830602782,2,0,1
67336.06262053657,9646.409507503155,667.8959149456803,0.6035837824295983,30,1,1
70970.4865211046,1049.9307212439671,776.117851637089,0.22677358149426774,6,1,0
76752.39201193202,27920.405691972956,601.7301605256944,0.5573055154101906,0,0,0
72385.46321301462,23118.170886859065,692.3016767681473,0.5744310667926562,26,0,0
120767.58046192318,5790.867939086673,669.597279004945,0.33512286168479444,0,1,0
44494.51783115951,7879.097256554753,770.4460528178721,0.09462576252390151,5,0,0
43800.00043771278,5764.98428657054,713.2910857796751,0.05756465104344919,19,0,0
54058.34184263044,9504.348990804076,634.5016041949588,0.3947595423441945,2,2,1
38540.02299392616,20190.563272771673,596.7172018459694,0.10001802304172917,1,0,1
59235.79106893931,43850.96753613945,545.0834383169286,0.5585307475091887,31,0,1
45869.1955085825,14038.32244971045,626.6502967452461,0.3165767586338155,19,2,1
66629.18414152758,22261.263770141497,831.3181681853166,0.528302893937515,26,1,0
66468.38062820016,16923.69769170356,638.8774523081713,0.33571319099306113,19,0,0
38900.69539387597,20191.991328167624,547.9356237526279,0.4898352118181689,18,1,0
80328.63338414818,15433.727755596945,564.5946409474107,0.6331125086879238,20,1,1
48956.78380277244,28385.25898352798,790.8550506627605,0.6691170842877749,19,0,0
46241.91066294286,23359.283579046794,648.7433442933939,0.06181798882265384,4,0,1
73786.9809861179,17950.346506360824,708.214498374213,0.501853998757207,19,1,1
65000.723438537956,23813.07114800716,701.8375807732699,0.44489423702824893,11,0,1
65026.015562578985,26548.83848357846,635.9130439981035,0.4959267408603995,9,0,0
45145.682505368866,11526.103071494781,646.9165952916396,0.09066645644951583,21,0,0
42738.75778094841,22229.225824525984,614.2993511689508,0.0989273679647079,27,0,0
80951.09000929531,25824.029643546335,552.09376435364,0.39788607083256206,11,0,1
63525.05906491754,22191.93661064942,751.705445234616,0.08998043822193011,9,0,0
69582.86410387538,24351.798218128773,736.1198231979344,0.5934875495774908,34,0,1
68051.87039336715,18763.13222085164,678.6620764150161,0.5907337422383434,16,0,1
78553.36097646979,22939.26568752762,685.319211056358,0.13212683551640625,26,0,1
63850.8519799326,31730.728384107002,749.0685470448057,0.3685405262216592,28,0,0
60361.191190370926,8908.58224985058,519.9995744367317,0.4664866608940265,25,0,1
79342.70754422444,17974.071197729463,716.2520147578778,0.6516120146631362,8,1,1
109693.35067810636,11057.590981789464,752.1588094161136,0.7419009742174784,11,1,0
40158.80547391431,12582.724898848117,812.3508758188855,0.06205495155358938,25,2,1
54027.199699362835,22474.09073760296,744.9231102518124,0.3834373655783637,32,0,0
70859.40390952703,2844.058888946778,791.6725319013585,0.6122993502483396,31,0,0
21480.479612280855,7917.901703977923,664.67531347926,0.607105573888115,10,1,1
87207.42277459109,28890.54499514184,681.2006622150898,0.4292836568933037,28,1,1
80898.62290461455,6067.9954208019335,623.4920507391677,0.17758033191565997,7,1,1
65601.0476258788,30976.771210939645,637.4094019376845,0.4413674303366053,24,0,1
74327.41321918662,17890.71253495099,746.1194273675201,0.32408797572223447,19,1,1
95137.12650125335,17360.136411004132,710.4145602195357,0.3363815870627956,20,3,1
70783.85370082235,11861.762716719852,716.9294810475122,0.28006789392891973,3,0,1
39697.169300518006,15069.32488224275,572.5518949037012,0.15114086404046195,28,1,1
84208.63972668778,20048.582603053488,714.9715440363414,0.5667673247651404,18,0,1
83529.30216118509,16015.041988820936,775.9242487928353,0.5459416552522657,25,1,1
69164.84736044896,10056.655392236702,711.4061300586345,0.429982514129406,24,0,1
117301.16723081906,23561.93006153371,612.9570045403304,0.298356958730449,22,1,0
62902.78632237014,29159.961212890736,677.5358173400398,0.6258794752147534,27,0,0
29115.775777621297,3546.287663413663,779.611509559297,0.16193033470728815,10,1,0
70188.7714570177,37720.094446593954,701.9615948020393,0.3541990579508633,28,0,0
67935.64927202146,20612.292200066913,768.9808052896166,0.5074581679629245,19,0,0
109534.62263100283,22358.837162243493,814.4308725720689,0.6250487126408366,8,0,0
72134.81664197589,31542.458539856998,667.3062072106219,0.5047272108548658,23,0,0
60173.6450882921,1000.0,605.8487976364084,0.13239296611874007,12,1,1
39894.3389688584,3720.8270914586974,645.5130108559553,0.12090496952053995,1,0,1
101156.45191730915,1000.0,815.4673306818585,0.08530263918973063,16,2,0
19372.08122696729,6885.678226720243,739.0283293477962,0.44198371860724783,26,0,1
74386.0552263226,23257.20424098542,697.6071210386526,0.22005759877456377,1,1,1
24816.540684474494,6954.161601719397,755.9792166030584,0.16167119749172948,32,0,0
59164.42324528465,9656.33370719007,649.056957528848,0.10948087742560703,4,0,0
57891.364016144005,11228.074998788603,657.8655373604327,0.4992511315228407,13,2,1
51268.85233754239,16627.6861452046,631.2431564554925,0.5773897877906995,26,1,1
57598.374801633,16181.059175813527,832.7336726392148,0.6504356329211404,26,0,0
67804.01193016653,10637.19744748493,693.6865274817059,0.46678898289671217,13,1,0
55781.2277786133,8492.78291726188,673.2523133857624,0.2979652518932797,14,0,1
62638.05668834422,15178.399227595466,695.8442416938889,0.37928989331313917,26,0,0
51105.524744013215,18005.513904511638,674.0953953121565,0.4953053899403242,7,0,1
60157.22261248142,30565.988488545772,620.5225846898012,0.5491017518291245,20,0,0
84457.0868709017,8976.595534259159,755.9803570299746,0.501388846831717,33,0,0
55771.22117785358,16727.47725157477,562.5741038551372,0.7233329113866884,27,0,1
96228.31541123404,1000.0,695.1348862975947,0.5751461888390352,23,0,0
84427.70721399365,27808.022802121428,724.6348360660578,0.5754347589276415,16,0,0
81426.54272720034,16647.793138961617,573.5681243667698,0.6238638821011749,5,0,1
65147.7880321633,24998.23948360682,712.7006673333259,0.3722648738678302,18,0,0
45979.57899464574,28822.462396774412,648.8827948113246,0.23476257207262113,0,0,0
66978.37485660076,21977.516062343697,565.4910708029029,0.6213672777229167,25,2,1
100177.3216767082,19044.408931087957,693.2176544097222,0.37492601732924347,4,0,1
48497.52610137568,1000.0,745.0695197323224,0.4750231799097464,3,0,0
70876.76332095142,16392.757285504922,850.0,0.35071399115785856,24,0,1
46843.28549553639,8938.033792901311,652.6154418725177,0.32724088748581837,21,2,1
56943.02620826305,7930.938835090212,714.7874431882411,0.5198823411771527,12,0,1
71000.11249880528,1000.0,745.2715058308943,0.5157406482419612,22,0,1
72287.05520588462,15936.204147652286,689.7996524289296,0.2663169132136016,32,0,0
67343.45547378945,10025.289901177392,731.2426121881102,0.18228943469384873,24,0,1
77129.69841386868,10812.832079310341,650.1354184768068,0.14192705091151733,9,1,0
74087.81732772045,8695.433882160389,667.5091090177008,0.1296450393004786,17,1,0
58442.16580214813,29781.595447629865,592.1387548483407,0.6223898629707454,26,0,0
79466.74765293076,8142.347590609752,653.8381130427637,0.2503047433835941,25,0,0
45663.46751291458,14170.6183315122,564.6385494700893,0.5249793410989622,1,1,1
59830.739234254565,16125.944053375277,571.1736114471906,0.2511971402388003,9,0,1
55712.383986562025,15760.411968148737,741.8097219875225,0.5167295510607479,19,1,1
72446.49608368527,33557.527227756254,589.5092370458162,0.738898620524407,2,0,0
17457.257851773145,1000.0,745.554087091554,0.09616978869096027,9,0,0
57011.55164988237,20022.633914259663,668.9093513888113,0.5076291913408562,27,2,1
74132.2171475318,25853.313311858914,669.0661030267833,0.2478078575084124,18,0,0
114399.47649501936,20271.79731442911,628.1396372554069,0.10802534804082745,16,0,1
65994.63380917054,37295.45796105539,677.8632940755358,0.10528319596676558,22,2,1
43359.02466083894,29852.59002688396,787.8963856388841,0.3101648613377088,27,2,0
78487.70590697703,11629.88041519831,629.347735882477,0.42842787474402644,26,1,0
51394.730369991536,16070.241207336498,655.7225749410766,0.5031058156691739,31,1,1
37842.01322528415,24861.07407980268,735.1481677951751,0.4472693409992955,11,1,1
68653.57590106233,16845.41426045344,599.0447263647064,0.678568696239298,19,0,0
91451.85600678195,17015.364440679106,592.5215088830432,0.15747386550303633,5,1,1
48965.165385817316,36143.37940471069,676.6207939639227,0.6303045961435794,2,0,1
60771.71329045176,26994.229696805254,763.9502122345926,0.41975909278284584,2,0,0
78856.96285960799,36573.81818066878,673.8850161776359,0.6523945852888633,22,0,1
85454.28697407538,17139.54599518766,660.746567724029,0.34866433689387044,8,0,0
93524.55069796079,19284.993918683747,677.6199807874841,0.3872601397230062,32,0,0
51054.978669081596,21003.396834499046,673.7000499589972,0.34562215046188405,11,0,1
62496.9655222561,24193.95034604973,634.6866970280089,0.11752611604787025,25,0,1
21609.19538382827,15136.238689143742,745.1427905767396,0.15150411611551098,9,1,0
57106.23031382788,9677.71746204431,695.7146930523071,0.41227075356946324,10,0,1
44027.323372466344,10667.105297553358,644.1943294093967,0.42324627769643847,18,1,1
67810.20398521532,16880.00198758129,684.4649333984464,0.37745871689542376,4,0,1
82714.7363959859,3239.278816848677,657.2045935385962,0.05899152178400328,23,1,0
78804.84104142564,21324.60321743494,580.5411596946992,0.4039041838384444,34,3,1
41806.80105247372,1000.0,831.7520383778307,0.1436072958258352,27,0,0
57033.449237483146,3964.9004450928096,689.2351609719333,0.4464614061700523,29,1,0
74222.27573224339,28862.627539677465,610.1729193145217,0.25179141681427997,18,0,0
67500.3084062937,18680.05052508843,599.774512599152,0.7440487841120732,5,1,1
50929.87442381313,21766.18874955518,575.993208174852,0.30147397112616453,18,0,1
72492.62060604001,20834.840989808676,628.517959564714,0.6245648364741732,30,2,1
80322.82805184214,35391.90044821588,596.9849989647674,0.22191623368114594,10,0,0
61208.481273364516,28865.317200389723,664.7493551970117,0.1826394006934885,16,1,1
45192.10383890301,33188.76688697048,794.8598492668946,0.20476151865907283,16,1,0
72546.11258258975,13139.354585575107,630.8706876178971,0.28318192471249687,14,1,0
47751.061588966,16908.38917154492,850.0,0.644206857395755,5,1,0
91446.92105260471,5019.058398030007,725.8605880052689,0.5847721221259643,31,0,0
12257.786175974557,26485.921013695362,833.6854075885418,0.3547995043821149,10,0,0
58502.566444720665,24540.461521695346,589.3363107493026,0.18166244793463165,12,1,1
47194.582137924925,11563.961208219805,630.9645858324841,0.08409493116051653,16,0,0
79245.69196278608,12905.955571337185,634.6798362498494,0.4829792165836079,27,0,1
93665.13592798603,21973.900900324003,674.6575024188625,0.5447265626157441,17,0,0
51914.93984401135,15999.920098352835,727.6137439586591,0.474297161602612,27,0,1
46243.27367664458,11729.792929734218,573.3720267915742,0.4008779710740611,15,0,0
77878.39433543637,14460.043486291404,740.881584422803,0.7310038522374984,19,1,1
29207.671034455896,14348.312280581707,630.9578358460934,0.0672645041171737,26,2,0
69929.93549029561,21585.443368000968,807.6369308265769,0.7418857737068972,32,0,0
64324.791623822406,15957.291672983361,704.7117341192921,0.24342019315466806,1,1,1
60622.654224503254,1000.0,767.754194116363,0.31820134308042136,12,0,0
48222.61979039847,17182.64161661003,648.0797390414583,0.5767737614101968,1,0,1
22778.638154692948,11682.733691365822,718.4431487107717,0.208980427534447,4,0,0
84476.77588839343,24017.312373897064,647.0433356920084,0.5468947326297574,5,0,0
77588.01021827688,19453.547864416858,722.6414479989456,0.2827856518776006,31,0,0
63843.09224238511,11724.001544943225,696.7160138751851,0.7083907164519322,23,0,1
69590.21566725982,12079.008323924718,787.291335475375,0.17019511166549514,16,0,0
61986.047847027316,19546.044938934425,745.8026476637131,0.7022487570764784,8,1,1
84644.0584363091,17646.537369231562,713.2814836370245,0.6037513670114251,1,0,1
61025.32980876193,15007.823293234142,693.3119283091208,0.1691654337085394,8,0,1
64367.30540522661,16925.65259271678,685.3797078204967,0.32134103976414313,5,0,1
67946.047210024,21706.298573731205,575.7765527947927,0.12300745287876079,18,0,0
57301.86932126661,3099.867596654416,600.8839314465062,0.46980439616100933,32,1,0
63144.897994251056,30743.822400936653,616.7500081446212,0.7223694707387786,18,0,1
62367.32434509872,13935.691047988657,796.1006197834122,0.10546163515757845,32,0,0
51296.115587860055,28344.344213039585,642.7247787582785,0.23067942447642314,29,0,1
45942.41620414246,36663.073490112554,648.559785536524,0.5787497462986216,12,0,1
61047.612768735664,23052.803766364574,722.7021810214317,0.37082092619523915,17,0,1
58943.69557620091,1000.0,615.757945719931,0.2872689608115183,1,0,0
86169.77264980698,7523.077272130082,778.8613136590461,0.47083340687295505,2,2,0
45756.3343472425,21775.10287757803,500.95639085809205,0.25577973623002775,5,1,1
53840.938713381256,11966.386644782437,766.4354717586316,0.2802001214114181,27,0,0
68690.4778270584,31292.011148993617,809.9272699485975,0.6142780726392215,12,0,1
72963.94098732847,11325.7216967788,703.9864433855704,0.32410871760182963,19,0,0
62218.2952932026,23017.277698640828,631.3310161477164,0.5403901362144798,31,1,1
81369.75590078115,17013.16433035145,746.48281619335,0.15553392059373997,30,0,0
62910.78641318548,18326.473932409393,627.8732407473658,0.32917476015677166,8,1,1
47633.43634718114,23739.46880383927,827.8060477084983,0.4363444754274746,2,1,1
64215.55066002927,1000.0,719.7174916597957,0.23710800622693634,30,0,0
79903.71484728518,17699.89791484669,615.8521292974036,0.34512102902460895,14,1,1
84447.91091205904,26118.28866420134,738.0380804322651,0.5818766354067091,3,0,1
83890.04019264884,7421.512246587643,607.6737019438747,0.16305330132840629,16,1,0
68873.67664086861,23881.470742673366,624.661841112431,0.40052584399008256,30,0,1
70251.95622509632,15936.113645128988,734.1187727324129,0.23324732589764552,28,0,1
76795.9925979588,12111.177142412851,630.8487827082037,0.3371667812595926,10,0,0
32432.715363686588,15770.379949229333,688.6581365374004,0.3127713163191633,31,0,0
50645.492228861614,30526.486763737368,720.4876398027327,0.5087382807406189,2,0,1
70973.63061943588,19534.496222132933,632.8897460855189,0.5870175382490728,0,0,1
45282.339280739216,6708.552827156136,641.8645407344143,0.39981638255003943,7,0,0
88029.51066578801,20635.313686032427,800.2321230718338,0.16660980999368746,16,1,0
86349.89471841961,18422.406755455835,727.6973409056626,0.6580372920527009,7,1,1
54161.092264029845,28177.369508533768,679.2712027722117,0.18034140793367748,32,0,0
46872.12171988731,17356.057783259792,674.0202876221223,0.4549154209661403,25,0,0
73600.42621736492,27545.746940983256,596.4760759513977,0.41911146025464113,1,1,1
39458.05560338209,18619.326976460787,713.4447958870683,0.25066241349844265,28,0,1
67795.97377829024,21574.340556412946,687.8451135001928,0.7170626954841395,14,0,1
121605.24973121611,11375.303874308402,744.1811059078212,0.5236651801556124,29,0,0
44831.543672976666,23116.076639200157,533.1804771460268,0.3789867641785507,11,1,1
49357.215534093426,36191.1780841368,665.9554834862009,0.36044046208764147,1,0,1
52650.77169849994,33495.84458889524,673.8803450150618,0.11471843444969587,20,0,0
47040.066696336304,8001.373859697664,703.699620144859,0.5964766183496216,28,2,0
48053.83313733451,2632.0262842361753,696.2797822720019,0.10855047774184005,28,0,0
99379.80834411077,21385.680164415662,716.8382019285394,0.19050454671892375,15,0,0
66254.55879022059,15808.051455199755,666.3092754509854,0.16514644436347808,30,0,1
83187.01611010905,10354.191146578938,592.6684717517596,0.09770907455088927,32,0,0
88988.67518670124,37030.290832603816,577.8564191769638,0.6307093059393658,1,1,1
28917.112757616123,45792.42444258624,675.6720273233591,0.6844062874845629,3,0,1
49613.772005094084,1651.7023153824684,850.0,0.48786229618336485,4,0,0
46862.636809137446,10953.156861669235,720.8058259603611,0.6644285919888202,1,1,1
12353.461735065132,6369.889548131761,850.0,0.5225442557149114,7,1,0
73519.05106894064,10574.266945916683,728.6426020854086,0.5295039588889127,5,0,0
71073.77958564987,28104.67881669123,606.2575387914923,0.6726298638320344,9,1,1
91446.89960354354,20307.73460636803,671.030752026509,0.11435004961825983,3,0,0
74482.41323150572,25489.69594461882,850.0,0.08831211886268735,13,0,0
12848.009774294835,29871.206418088383,734.2545233360291,0.0875141029596221,11,0,0
50959.56540673321,21040.528868362726,732.1712979995943,0.34253340475030636,16,0,1
52407.72102841751,9503.140087687325,631.5358021953737,0.7124758047138062,20,0,0
75227.25078331545,22655.561806069556,680.3988047872322,0.6589527119465377,12,0,0
12000.0,17046.812838969727,605.0927675585993,0.5973744534996758,32,0,0
75879.26360729053,16492.65792730827,649.542560508449,0.3327406519011952,12,0,0
80762.0428642061,10548.80547327147,691.1349644689088,0.6269277239413458,8,0,0
59996.29216561833,26647.209642675196,636.8556244449799,0.2029430932408144,19,1,1
49019.814297536024,22522.357285636266,746.9822366048361,0.4597462649719145,0,0,1
88563.18405114158,25583.88944827305,639.5454854370109,0.5721459799715174,12,1,1
37328.667909291515,9596.480606473237,702.4837838385997,0.11470874823903245,21,0,0
87914.18129549176,27488.758910281274,749.1521289192611,0.661895001074724,12,0,1
83171.71724248356,21145.26603027228,825.4045826695021,0.5591232848642522,34,1,0
76213.76006127687,26570.174859994433,705.6102703564537,0.42329516886171725,0,0,1
101336.51202438024,10937.82650155899,608.145130053758,0.09368583894448455,32,0,1
65338.63678854361,19443.747751779832,678.9259369229999,0.5361631337999558,4,0,1
77420.0829587312,28389.147951131534,817.2106668289932,0.3630754340459603,29,0,0
64038.6056208805,23309.70569812409,746.5052556439281,0.5656740480916197,4,0,1
58575.86336286405,16979.667047851908,693.4886527173626,0.07545926853405961,24,0,0
75573.42427837693,22911.297187638178,720.1890232626395,0.45233164239105234,25,1,0
58933.31369746499,9410.174701006834,699.5723605731168,0.36291418038811746,18,0,0
66251.30337588706,24159.36639494205,590.6859139115177,0.3508707342257434,11,1,0
66359.84475612568,26208.014822021083,694.3782758729129,0.41230045547341015,7,0,0
56903.326765174985,22068.038598253075,631.280151328562,0.13656818846046437,9,1,1
79692.75864567299,17302.813524745274,641.8013658111167,0.7048161639467909,17,0,0
29574.56771625854,21171.266334719632,660.1541944821307,0.5432914767251045,10,0,1
51097.46652042192,17633.01136380043,534.4494708218895,0.10939449970857021,29,1,1
45527.15214991367,16464.738263103536,668.2635967749111,0.10562172986280463,4,1,1
71143.50055417832,24913.083985344972,562.4355779648599,0.19746330814654184,23,1,0
60245.78019355582,32237.284298056777,738.6023190373948,0.2178057511181275,12,1,0
36623.6570648428,19702.52389767184,536.3807809000715,0.39450520521656157,26,0,1
74401.53349489935,13198.389386081937,558.5649462522149,0.42551878829956336,31,1,1
69549.6635039316,9443.419029495122,548.2854868666636,0.15206545803867613,13,0,0
65729.39695064885,12106.626415219918,701.8483700422111,0.7314723721181117,1,0,1
80613.06527395565,37658.49079734368,679.5799912965588,0.6273382577312835,3,1,1
75440.10103805746,32658.1600252044,799.4661929558006,0.4934414137296277,10,0,1
60338.94623744269,26632.598254262673,710.2484839363023,0.24453385149353574,12,0,0
73324.46602339015,29491.329069871514,556.7747053289447,0.6872379743426104,8,0,1
92391.00056543795,13205.826890463577,621.0910507243124,0.2706706982804868,26,3,1
61932.243984209395,27411.23586511847,693.4999039234624,0.2734660478026355,1,1,1
89929.21717509339,28179.5697320661,703.204095308695,0.29704821641606105,26,0,0
102904.18253762086,17216.574886516428,554.7145506045722,0.083554560659261,11,2,1
71600.47524184646,7341.751440038875,743.1370784578339,0.09329781252064265,11,2,1
44890.81602481109,4982.497068914912,619.3599461959647,0.38306227909453544,2,1,0
59053.908883838965,21671.593846261665,620.7757612973355,0.6672273854605506,25,1,1
68256.52162289813,13636.295302074383,755.1426922090213,0.7096623349947729,14,0,1
65403.10452427544,20977.70634303618,680.7479451523418,0.5930027191197265,26,0,0
67577.39325061027,15528.310017008353,703.7861188187794,0.3330952548057738,34,3,1
89299.71030452667,8015.728086472602,716.9967098871126,0.26734408389489056,12,0,0
47998.237293487226,33927.66352373155,570.9907160020624,0.20099319701432156,4,1,1
72362.31542349553,8500.572694197981,697.4730363657847,0.42691503216736215,16,1,0
83425.50833743406,12026.165037916624,814.7382472622355,0.38772236122347675,18,1,0
59984.48826862171,17935.145869415435,665.366929528183,0.37682771949569266,19,0,1
44480.66421884039,19285.88897352745,706.2747414586788,0.27135607133565326,22,0,0
60892.99256893423,3871.0768421883295,850.0,0.4573488192690574,11,0,1
44170.81665413806,25388.421746496933,788.0905151751565,0.47555226353589297,31,1,1
50869.20581947396,23985.12516595213,649.2704803863268,0.6626362159817915,28,0,1
76627.98224475059,37720.750657987795,714.3661125220578,0.5829822706129342,4,0,1
70287.32035187888,20613.888817776337,732.762215678343,0.2809224238060446,1,0,0
79240.45510713756,17126.169842689942,831.0372016865341,0.3156758274220386,5,0,0
74676.39664572894,9688.281702087306,616.1003668536233,0.2176499330009512,20,0,0
60879.72113138249,6544.915207675882,850.0,0.16959655137552698,34,0,0
44800.56039148559,16338.942758517316,700.2488223677258,0.1262240936625885,14,0,0
71473.53162675806,6155.774453561717,658.101067971689,0.07388431760104125,17,0,1
54311.28893326923,25399.54938852587,723.5138086932636,0.34237718877893153,1,0,0
62213.724756905685,14148.424786970078,654.5952442501268,0.7213852924621996,4,0,0
50701.97043433402,29060.678848709023,656.5629576855365,0.426608166057669,5,0,1
83078.3643971909,20624.011269047736,640.1703883317475,0.5695098173601818,18,2,0
20179.986752544493,20974.05955089405,641.818198787129,0.3284056059153825,15,0,0
75303.83552040174,9192.85786577459,561.8943523828437,0.31908375058799204,11,0,1
67982.58160722759,23825.281187845147,565.72208542928,0.13764171348147491,23,0,1
82737.19853496419,21920.338925737695,623.774653420285,0.2598959478836649,8,1,0
40548.675168380694,1000.0,698.7955539567015,0.700070370083946,2,0,0
64079.021592792415,29511.397980819045,629.2919709418638,0.3931410664862311,16,1,0
56443.53408031831,25872.872002398348,828.1253816563656,0.19303987816250456,29,2,1
61836.324847958684,10863.249995469516,724.6733513291422,0.5146276221133818,26,2,1
65352.46627249096,26432.56440110339,633.0586520494801,0.3338135410286186,23,0,0
55408.736805107845,14229.47162676223,806.4420236726444,0.6291337829621675,6,0,1
62836.09136264547,12179.515387103562,664.8911843651224,0.11497927969996966,8,0,0
89780.29452570966,21161.574726225466,664.3283683056457,0.4152652844737393,15,0,0
93944.31308721066,26884.58207958474,724.9606175563331,0.6108484916629163,10,0,1
69774.5094991444,31742.956583969142,674.8302994739486,0.6476481455882875,8,0,0
94330.17022362041,33812.36239032737,686.8646366563279,0.3274420678677444,0,0,1
36123.592102970295,3685.969223189739,727.0563477778728,0.5687287159926844,34,0,0
81095.46657172975,2241.203087487984,600.1238731838371,0.7259968822172284,19,0,0
69248.23785371381,14133.625433118406,672.5195752689664,0.4853495014944225,7,0,0
57578.824050957475,9876.852242011524,614.2661552684469,0.6181130026792447,6,0,1
77261.45248008917,40228.07533386299,704.4566580005869,0.4516246831486366,19,0,0
68129.15204490478,20522.70475028238,581.2268222618446,0.6031488295776168,4,1,1
53013.36790720889,16107.053708353324,790.2350406555665,0.7084889693359372,11,0,0
78990.0351135338,13120.849199555149,638.5721364518433,0.5480233467369664,20,0,1
64097.68647426683,19789.010882343486,656.6495955226832,0.15810006032825746,19,0,0
50712.51104580399,1000.0,671.9627438795966,0.10734406887362649,4,0,0
81210.32016645289,26117.28937275032,612.3873963933487,0.6184605812808351,22,1,1
30914.020996001345,30607.242805007038,696.2661501633911,0.2308564536141649,6,0,1
97861.95553343555,2570.6428615543336,757.6572314007659,0.6626855930728566,0,0,0
83133.00649945595,23243.581031042086,656.9014833540186,0.1873090651896171,24,1,0
27181.296142700347,22027.546237358205,650.2946928128025,0.6877326911630673,18,0,0
89276.97496168516,22786.544226254427,725.065596086301,0.6136508175388968,1,0,0
66699.97828090831,22687.630413732026,720.7884632452533,0.6668840388164972,11,2,1
23852.358061245817,8439.687381131007,688.7058351426106,0.2128951838847783,24,0,0
27768.968760343312,16759.101232971498,765.2033464479701,0.6649735537843557,31,0,1
76449.52002185499,25835.827510213177,708.9218534472445,0.4612918701207628,17,0,1
43149.592898098796,2799.1521050379197,804.1793410930462,0.10880576441369244,30,0,0
47500.64512255594,19012.849386620128,658.8037813526468,0.7017283788154353,8,0,0
67105.19962787678,23137.665747143074,600.0171132484668,0.1862492446743123,20,0,1
75115.86062837862,14763.435666769205,777.3779052373916,0.19944914960309573,6,0,1
69253.58987973888,22263.472342628404,556.543021860524,0.5428216650829744,12,0,0
46870.913056771125,18359.36483516667,620.8910573203387,0.4581449872812196,19,0,0
50001.35430640548,16045.490662477534,611.0983540926716,0.6820940052011335,12,2,1
43787.41300478295,14150.391196180233,684.2762114485132,0.26486793713284856,27,0,0
69608.07078567798,29474.36650719151,674.5976311534275,0.07920501048640335,24,0,1
68597.19302336698,16941.14134497107,764.9052410422916,0.746499548374191,25,0,0
72966.64281891454,10297.426777195822,684.6574759428097,0.26892070857611744,32,0,1
68680.05947551945,6612.065927442547,639.8202291255,0.16334875210130845,26,1,0
67257.45941868756,4392.976630157513,660.3301867072868,0.7390667783097514,14,1,1
82868.47800192621,4942.481888051088,614.3028933406664,0.44402558316772284,2,0,0
66950.27451034253,13892.990539352944,726.239665818708,0.15420067144562638,28,0,0
82676.64800431006,16834.78241084906,784.1386479712401,0.6350750465587833,30,0,0
57149.88224834733,15214.19227716454,694.6222040854727,0.7117932858297701,17,1,1
49269.147003668644,10484.091495039436,678.752450454621,0.6668960160342104,23,0,1
89015.67021934029,13096.282528190875,712.6061478287259,0.18903353513611676,7,0,0
55605.30865127978,24036.45487631666,648.1589609921051,0.086881574984317,28,0,0
62812.227196507665,27248.415411343598,670.1228896033967,0.30990977717420787,8,1,1
48451.66409907659,33288.35821385984,668.4036034875496,0.2983915143662602,29,2,1
104744.94637388905,18358.189589449335,729.312539038697,0.33414336798276634,14,0,1
34386.32712814017,29876.238348163326,652.9636065778234,0.6092864569900865,11,0,1
84652.52153681227,19326.810886112144,531.7805325745679,0.056752585370599046,26,0,0
27781.830777775758,30941.01125727337,600.6464545585367,0.5223694229915549,30,1,0
57437.138552480166,23294.409207087854,841.5130742419261,0.7396078219407479,12,0,1
79805.11466277685,18396.0115604479,668.5574216572595,0.32940723762710605,14,1,1
98587.18828417615,1000.0,715.0509751887972,0.3895402058182168,4,0,0
60224.367404953715,16660.70363076712,674.202334488825,0.4895825861531826,24,0,0
54190.17875771768,10703.36203775418,674.7814090515176,0.24990875643320226,11,1,0
69073.13049492716,14703.983030301568,601.7956273364762,0.5529619505665394,8,1,0
98024.70592538212,29288.482813318784,799.258098064957,0.1920978825266222,25,0,0
68395.36052353389,21822.956536908383,627.6650968276622,0.09535440535706671,8,0,0
75216.59596866072,27038.639409380034,626.0026636004687,0.6109301853964998,4,0,1
52200.80193111464,23148.515421991357,706.7828684893593,0.17356301336547478,6,1,1
83182.95667269065,9328.329124070158,761.5567981148233,0.5620454903697175,30,1,1
33673.63713823617,35367.50922528292,660.8319709215574,0.6599153818410912,6,0,1
90054.4617873237,16449.990749455512,548.8843873308367,0.08204226412376084,4,0,0
91578.1570515191,27353.933386654156,551.1049877070502,0.5446870737979607,16,0,1
105415.7488851538,32672.19274945016,788.1998168799657,0.5023649083669562,10,1,1
91535.5188782826,5757.260874029989,685.1262898876728,0.4867156251265684,26,0,0
54209.24271820822,17170.956240181276,773.0118127540607,0.2567507778145884,0,0,0
94309.13881067619,24281.703716905584,696.4652004378135,0.08194072964572821,0,0,0
87603.99990183892,15479.731743888693,620.3549334958736,0.11894026485546627,13,0,1
50505.2409051615,42634.671605226904,707.2921103053739,0.24104025292471504,27,1,0
69169.29005248944,20404.858960717596,698.7566945789719,0.334331915941149,0,0,0
12000.0,23574.980012227985,714.9591320932886,0.6926676820547983,7,0,1
37412.38985544478,34517.571805349726,685.7846617452471,0.5288528193394223,25,1,1
81419.2352085931,5575.721815775447,646.4370791142916,0.0682827758219748,28,0,0
97698.81935669546,14034.629625684514,760.2192262122654,0.6937998866325034,3,0,0
81496.44303638919,9371.085606188775,675.5610685333534,0.5542449911947526,1,0,0
66107.01425465156,21891.007889603337,696.5070835760732,0.3948014253121954,29,0,0
44338.58314065054,32728.675829528387,611.4570269755567,0.37411072952481594,19,1,0
77887.140162465,8584.92625901817,604.329796470071,0.7032282129102566,29,1,0
26674.097277459892,5301.3175442145,623.5644152132107,0.43500571371426794,17,0,1
75299.20234935766,19614.74990204172,604.0817493697648,0.4019434342797562,29,0,0
46967.24141711688,30235.443319698596,528.9231751122808,0.5922371463679756,34,1,1
80106.21229759425,10901.473619595712,636.1770430749098,0.4651810070099407,0,0,1
81075.1478678975,8873.203518457132,786.6396113786673,0.22420254922269922,2,0,0
53690.98616187068,32245.159616288718,650.4924117620571,0.749215355295251,22,0,0
83676.43704878575,16259.364089037996,591.7093410756677,0.24654571494322286,21,0,0
29916.597408999107,23715.63357802379,729.6680275771067,0.5281885398747371,14,0,1
62128.77078275204,30430.360843557453,671.752472114045,0.39281514287608477,15,0,1
80821.12989840639,22656.122320841056,653.7661589187642,0.13528372520906656,26,0,1
77434.10951442999,18311.36521725503,595.9066922493535,0.7212852171145443,31,1,0
53886.10159765304,9280.840596297714,680.5034796612118,0.2850110050471564,33,1,1
82642.09427079523,13215.678136660761,682.4141785158158,0.5099118968843905,11,0,0
83384.05042450796,21149.399485320657,701.4071322968401,0.5663949479599598,17,0,0
41532.65383667241,29192.08186254494,685.1734810510432,0.3263010812509662,17,0,1
62760.72010013487,13687.547414210458,670.0425147408737,0.2325163336160153,3,1,1
68900.91532387075,12685.377213701388,680.1220704669695,0.09123206802387436,33,2,1
68614.97716875757,22359.309847279626,672.2965405409042,0.7160951015363985,18,1,1
81228.79871869119,11128.57235062516,576.7268800328294,0.45745679671434036,30,0,1
56735.19456022542,21962.423754021747,817.1080002046662,0.5514881328516181,30,0,0
97716.34054526576,10294.779153466669,722.0886918119731,0.37819647671337,19,1,0
57121.0152189582,20340.093841294532,690.1057351487824,0.21324568817148593,19,1,1
42319.85531449423,15121.206136907844,663.8236943558418,0.7467888925342102,31,2,0
60466.02288714199,19025.68954138129,668.1451250129967,0.7271771911650696,19,1,1
70082.68573993765,25254.30098366855,700.3928281304284,0.6519957177799459,15,0,1
41425.87255970119,17144.43899476944,778.2127784630136,0.6912903943745405,18,2,0
58854.73576138683,21638.478249322085,631.842293989699,0.4525285342511483,30,0,0
40196.62313499902,11772.004154018072,699.0210608841816,0.30745176068200336,12,0,1
79063.06142652621,13070.967286062289,566.7327526016819,0.29020671794318165,19,1,1
61450.49909619939,8132.286496513852,736.8917845348144,0.7036073376593289,11,0,1
17280.991785890357,17437.828250980903,703.9923166049365,0.7212059104202051,25,0,1
85760.78008226241,20633.767914598026,672.8011213018212,0.3583394852423065,34,0,1
41588.43272671754,21475.650102833784,528.5815745568865,0.4749630476429433,9,0,1
118338.54781277268,33271.92959267921,639.8956389152461,0.6136887771622365,11,0,0
51331.321964937604,22283.641178272203,614.2534919679196,0.5417556467273241,23,0,1
53433.17797172036,14107.763542087036,616.0109111464186,0.6587749613033026,8,1,1
68208.25493829737,38939.86345930481,550.0510512020301,0.4760426893722412,4,1,1
16714.249774908698,10923.951001766742,654.394036804731,0.45773711164051056,30,0,0
73808.38985180933,19801.123053210587,807.4888170389355,0.31304668486642284,33,0,0
79024.12829397178,28000.4261381682,729.6360101167835,0.10129463944842924,10,1,0
83125.52719417319,23020.450976437434,683.7047620246425,0.08887949718940287,8,1,0
70614.59501483705,1000.0,718.5011663597774,0.1562256428205662,21,0,0
66821.56518523625,24098.049984908623,833.4519125868457,0.09044116123446992,27,1,0
34650.836148130256,13058.063299979614,609.9434061036841,0.424600839064262,15,1,1
74863.06077296127,11147.648529441198,625.3531332884073,0.33250398252674573,9,0,0
64163.62123206463,2883.7966779965554,645.9059548591342,0.06839284524037358,33,0,0
56459.11206909224,19393.194443775745,580.8987884391678,0.06532538994062151,14,0,1
44341.87780057863,13926.380427187294,702.5081478504364,0.41611091571343034,17,0,1
74597.72582628924,21074.587345863303,658.5107204213587,0.43437925591893617,30,0,1
58547.34625453339,10099.328271010929,723.6887842196688,0.07609999418036897,4,2,0
27358.0741363474,50168.707751243564,738.2645427920598,0.5189914137243923,32,1,0
60539.19817885668,14331.516026491538,772.3677620216603,0.13810765015865847,28,2,0
49591.5826335383,28447.1908381794,730.6140707666283,0.3961621244720551,2,0,1
82519.62380555057,28270.81969358858,653.6339772021033,0.1611691198956945,22,2,0
61684.09392882372,26768.72843422812,644.3133020283335,0.07734312505524389,9,0,0
59745.49975852559,10281.622497397915,610.7204670862168,0.19865564145165537,31,0,0
71174.6270506171,35279.17492911486,683.2581777028665,0.37490204083080475,26,1,0
98498.45872108164,20525.46855609151,705.0681052653059,0.5707364954172602,23,0,0
73121.15035150814,21581.593112977396,575.659930370946,0.2358904808317262,19,0,1
49207.30533953139,17286.244419023064,761.0053309945154,0.529545181996584,2,1,1
33861.10290859935,18060.292989673373,681.8369539626876,0.6538855336898372,4,1,1
91604.61996949954,18441.42944115259,653.536663884256,0.23884446435630008,2,0,0
15961.941919158882,4164.1875508399735,608.9335784183198,0.41555822418125987,5,0,1
64566.87475850943,20319.709756985056,778.3695470919808,0.33660460499907635,14,0,0
111987.57788352424,25194.781781319598,715.6032064350601,0.06922649787845371,5,1,0
29447.02002427436,12852.09302208267,740.3789090122901,0.32431130255230134,22,2,0
42659.68891924855,17064.701504390494,672.4109826510866,0.3140402642839363,29,1,1
68984.44957262468,2681.321019503608,793.1700928466714,0.48532773462212986,20,1,1
48884.80573432992,27984.76660952479,737.6486034887718,0.656501942178631,21,0,1
62686.30092183503,32032.49079708517,772.6006732341405,0.5203080089913057,1,0,1
73502.40266562803,19968.478119484127,761.4635573374858,0.2987683190209823,13,1,0
76385.01968392034,21175.960636532378,636.3923829136722,0.36420937571963585,17,0,0
87159.69978800922,20648.160957479588,694.4319784712017,0.6710111835786385,14,2,0
33368.461683336616,24738.08235895691,773.3914662304135,0.49730152580637965,1,1,1
90325.43081344926,20259.992430555394,714.2224624017324,0.32288889648371627,19,1,1
91932.70531297935,27210.551975712064,610.8479281466183,0.4701151640258478,9,0,0
81914.13778491109,24184.22697220216,686.2247321164683,0.5010326424600856,4,1,1
42367.82541998901,24927.936114765962,737.1578527859923,0.38759277118792096,31,0,0
41341.8569123443,21455.590298754636,577.9130397312115,0.6557665642154387,1,1,1
70932.0512376165,24453.36574656867,612.1590429092586,0.6189059037401097,4,1,1
77877.02722857395,11118.9616301646,580.522989305588,0.4170875827322748,20,0,0
88509.1775977735,1000.0,713.2541971806276,0.7208476802132482,17,0,1
55382.3256838835,17277.941624635034,789.1580866511788,0.7172508517412124,3,2,1
77532.0719707104,34737.41130630359,537.9822091471696,0.7262442300480225,31,1,1
76444.20825003211,23966.51663473683,694.5750505438425,0.20435473161636264,3,0,1
51911.4490051065,24629.60634447154,635.462823972441,0.12236195940445917,16,0,1
56186.4190957126,8932.746099446975,799.5831369761821,0.48336706788446343,32,1,0
33067.24810224265,22035.033104485927,695.2491472797656,0.5592978520499093,21,3,1
43720.85080594677,8154.619935610939,739.8587292077921,0.26489797636298784,17,1,1
52400.0168402468,17854.330608189848,777.4749999339183,0.42637494476400345,26,2,1
75438.3064528002,15640.399130458814,692.319682617944,0.5035034664605947,14,0,0
110252.59343052123,22185.96370754282,553.8409090809985,0.3743545863499609,24,0,1
74695.67545505079,18295.14365557789,671.6781581545266,0.42893895266995485,9,1,1
40108.08928884743,26045.294167098193,694.7273415240767,0.10263599880642307,15,1,1
55452.50403516634,27265.80272428185,597.8319270473554,0.7458705348772287,3,0,1
86004.86299516991,29057.32284281414,547.8408771222203,0.3150730798366021,30,0,1
48937.69989180027,45193.97671380614,583.2303741027042,0.19366274905287506,31,0,0
94984.01020914971,11188.676876032348,773.1663006431646,0.38601069305344377,23,0,0
78690.5394920055,14339.789857623166,598.244893229773,0.27222425160849084,17,1,1
59969.479148321676,14570.769059218015,850.0,0.32406669243504976,31,0,0
26737.851794284463,1000.0,780.2186336251499,0.44400721101189367,27,1,1
85150.00722999751,20545.26436586585,744.1098528668113,0.24490377854016515,10,0,0
77873.64403119026,17130.49606868306,571.7643214675514,0.516536452923467,7,1,0
74452.39955362646,28385.587648448207,778.4415684372178,0.35221343892623613,0,0,0
118502.0092557383,26224.310291426555,644.7542263618284,0.1089019145269714,1,0,0
46278.689179644774,22020.95542363426,551.7903759112137,0.6708438569370656,20,0,0
95431.75581294694,20440.33156664876,697.9821718835962,0.384170552350373,18,0,1
61269.92523584727,12964.294957360908,711.7119098951332,0.6960525096836849,29,1,0
70102.998914536,19773.756647096085,624.1262947447759,0.31644952172327906,24,0,1
71242.74932728599,21439.27488450175,637.926236162054,0.4298517678289357,8,2,0
81691.94479029517,17761.372363027516,667.5185089019188,0.6614932632470107,27,1,1
50709.689545235284,17825.086282443637,665.6849996585619,0.37355093989787763,31,0,1
112875.98684515123,19276.093164748807,732.3979839075429,0.49318997957099414,10,1,0
42888.70005523639,19897.57155341426,660.7592058221466,0.22294096214249254,20,0,0
57864.90450191146,26107.70158467468,795.179877898627,0.21668694277014572,23,1,0
101867.52737867156,1000.0,702.1067295770549,0.4298539784925993,0,0,0
88596.3960073021,20521.44913283591,563.8095715703065,0.4792315630430822,15,0,1
57866.26210354958,20360.57996949069,760.8159696679556,0.509043456266707,23,1,1
78606.19124134387,25642.035490084112,621.134802066423,0.588047356958465,9,0,0
43452.2753680475,17084.60725894247,759.9080076457695,0.69580543796609,31,0,0
48788.388694094145,1000.0,703.912232831559,0.2181006666056413,27,1,0
57717.390943365026,1646.9197657648383,622.7918020222965,0.4836247242841553,32,1,1
93528.1729677479,1000.0,650.7522685992075,0.3601890701328137,21,0,0
22879.129897757273,27131.185214212677,711.9411907492157,0.11245965460791563,0,0,0
82610.5996726678,5061.816274615725,699.0084183384329,0.3674908182401554,34,0,0
57088.784809971854,29878.208412124477,746.8104569756604,0.6034840989631577,11,0,1
77423.29665954634,14659.827808168768,710.29341135915,0.10538498159419712,24,1,1
76676.99546169375,16075.4884670505,679.9910893590263,0.4743526879747763,27,2,0
64463.2812902971,33690.41837515563,687.2378787425348,0.33704999590050183,16,0,1
49889.58508353684,20536.65089164228,666.7984476824918,0.5078460328954177,15,1,1
51662.27911282109,5715.071837285246,716.9221753858716,0.6249587922446412,31,0,1
58728.53646747496,19090.338256413095,709.367775606373,0.4291520059836014,3,0,1
32481.37596243921,26638.47523616033,697.9695065055946,0.26276801000572525,10,1,0
66788.76945442223,13202.80227515566,841.1569506846037,0.11310546928543995,19,0,0
50884.506972631854,34407.62621858441,706.6012875789283,0.2520905822669084,25,1,1
55740.05108211993,6761.200918294138,766.1346899045395,0.30525671083182704,6,0,0
60881.820564282745,1000.0,634.4386260049488,0.4988918132578178,30,0,1
80005.64640576614,33687.23682761325,680.730596288018,0.3218463521056612,6,0,0
89764.22127293065,10352.438205079881,530.1621793826589,0.33189135514505747,3,0,0
92455.03767932576,9231.265540806498,686.2487974261819,0.2533440263633552,7,0,0
73212.61451125213,13484.282241600715,637.1025448547636,0.3040180766814501,13,0,0
57206.19910184514,9240.545325449631,630.5181606826598,0.23621935285641804,21,0,0
38843.23942255351,26093.38551192045,695.0302188639216,0.5638902593908849,22,0,1
113817.70871456731,13816.242163854975,651.8124430613954,0.7380730785308552,24,0,0
100619.05222186219,7293.859116034166,571.9559693067015,0.5642523937888434,25,0,1
82839.18149179907,15535.840342596091,665.7183081479901,0.10154025255564252,23,0,1
78161.26735736764,9840.203430605205,850.0,0.4928960008565497,17,0,0
57920.03017563037,17643.37393136245,709.5275896307622,0.5420258359980923,20,0,1
67609.17044229974,9410.565753186811,699.5262297271556,0.594771232990299,4,1,1
83412.56785982894,16247.507420727501,600.8228028628533,0.5838804164058844,14,0,0
27182.240360012212,16466.20304450512,593.076829626926,0.40587184633042955,30,0,1
52756.65784640855,34784.91489489064,614.4909823879901,0.23369582996172517,25,0,1
65211.660479319384,28602.003032416244,699.6218907755698,0.13441391361614902,3,0,1
26537.51201290205,19554.48261810309,594.5362613975857,0.055860818079813745,3,0,1
35249.72865854456,15250.889798258391,780.0459346084468,0.051062125467109365,18,0,0
51835.920173210136,15134.465949398687,598.671939813019,0.7053447369176464,25,0,1
66720.1262611655,19155.216057128328,736.5264322768876,0.4755678186421055,32,0,1
95206.2083700028,10444.823072842122,698.7291812266279,0.4519373017544595,3,0,0
56056.27766358467,14618.495457686324,785.2937678062423,0.3136602381490265,23,1,0
102622.57919421309,15749.08720880597,603.3946430380249,0.6089685129729329,30,0,0
50454.58648243756,17812.594582860725,850.0,0.20412582823200703,33,0,0
62484.71798797027,19426.834868715792,693.2974201859911,0.566656546798716,33,0,0
35380.307545121985,24544.367996497207,763.8154717220805,0.30395784162727774,1,0,1
56281.86503112524,26304.627007958054,707.4744640925298,0.5454305235259462,7,1,1
26938.175984036723,22886.900715446965,605.6607671444815,0.5444767846231348,20,0,1
132715.5905941273,33698.75879084185,626.2041352613862,0.2707140057587014,11,0,0
44098.62063612457,23919.077497503255,681.7579692488982,0.7039798220953507,0,2,1
72180.20511528934,17502.840476689613,625.9400526662508,0.4053633609249033,15,1,1
55460.746909112444,17257.876733221146,690.4210031252333,0.2304147890484346,5,0,1
60295.64347857527,26195.11027159945,741.7630855119228,0.5216552573199428,32,1,0
63471.23238862549,15791.056564298628,769.7159886569216,0.5756051748837586,12,1,1
83989.28947493587,21661.39965940102,796.8930751942786,0.715479020939127,8,1,0
75163.7059325024,22550.851996027053,676.8314845178845,0.10129167633032347,34,1,0
69835.81672775254,1000.0,650.3640858678486,0.4279597811578181,27,0,1
76593.59417529173,4565.173865621358,558.7114517980413,0.39326259084442183,33,1,0
72422.49348911164,25855.96648786996,514.9224425766563,0.26717292718822383,31,1,1
39476.87768462277,22014.60267985962,673.1966456282183,0.587469074069541,0,0,1
60036.55891497189,1000.0,767.6702832864594,0.18598674852930797,24,0,0
78676.10867048134,1000.0,688.4654354570174,0.2794301699020225,9,0,1
53095.40066653383,31072.931307464223,709.2225450026975,0.5863063930620112,1,1,1
72142.74229245039,23839.917277319764,608.5038557579402,0.38408894445298813,3,1,1
87047.98389407159,30413.11010921395,648.7138691220816,0.1452666624316519,24,0,1
51121.54981160641,9298.243318547407,761.865745148898,0.6759846852791219,15,1,1
85364.93109033402,12485.83516008677,710.9799244211794,0.5615654554325845,4,2,1
62881.65676339906,34379.523142771155,647.4658383295526,0.4439194844022646,22,1,0
66464.86602878473,21710.453659174913,726.8534335398588,0.4765279042366171,19,1,1
81929.12938787078,18758.481945318148,688.5340279338158,0.48819044414871293,2,2,1
76865.34365333489,16559.587358767316,755.9495599533184,0.3995059238725296,0,0,0
12000.0,2448.1411199687573,714.0805094105804,0.5713187297962664,24,0,0
28302.478177085955,28174.30823520883,657.0628255709306,0.5507273211946205,15,0,1
75634.63994098477,1000.0,664.4162122951043,0.05195306961164912,4,1,1
62176.99787838491,23909.53456043635,584.0004256541264,0.1273855726728315,5,1,1
32937.76077472747,18748.685973220367,566.6820187545402,0.06771775505245585,11,1,1
51814.93778743497,20665.212735895067,648.9826379332652,0.16823365060260098,22,0,0
31079.11148498735,12693.504869165674,774.7359731557998,0.1005970603561136,4,0,0
62892.36727028477,31137.59936404987,709.9466830173955,0.18565507400118814,1,0,0
90165.0279882526,12794.362197195143,659.5830659074478,0.42695834652285203,2,0,0
50700.98835839837,17793.67812028307,726.2255290492716,0.5187877569183111,6,0,1
69914.52182796743,18121.322718805823,758.0975394512823,0.6930086745311131,25,0,0
62911.46688957992,15015.144232405579,637.333162903638,0.5675065938474918,11,0,1
97023.23162987232,21659.326481169,637.665697090573,0.07204825309785935,0,0,0
90364.33853235246,24496.02971646021,850.0,0.37809666303037204,0,1,1
33221.29285314031,17010.031459432525,617.5398396243598,0.5229455673094497,32,0,1
61172.1303479224,23655.35583956086,641.3400638173,0.27059020244543486,8,1,1
47284.6205472406,23779.873114315673,654.9638913450037,0.308227250236329,0,1,1
52981.729441963,21577.345170129185,610.0929298151028,0.6119613003780826,14,0,0
80707.3819805909,31566.95218211635,545.1514156875025,0.08292443989934731,24,0,1
68862.01514182736,32560.025674467055,686.3518641410354,0.42776640581287845,9,0,0
80430.23936123584,14415.644092061337,636.0303085750185,0.6131450132157988,30,0,0
19175.948234726005,15299.91431034929,711.0673792573251,0.6081896558488459,19,1,1
83608.88924321932,24237.04405624407,621.5208136484805,0.13440318250714017,4,0,0
73561.73218842865,17422.259751827707,768.0788751654778,0.6414054580210465,27,1,0
97139.12867515489,20794.979638960496,676.3020660505426,0.10409287851496869,33,0,0
52783.74040653771,7452.3462079564015,621.157749311737,0.6968453709684495,15,2,1
86522.1847887905,15548.422153631545,632.1920865591102,0.20140934502658725,14,0,1
70841.0811615788,18746.238094883018,662.3455024922811,0.13066611781889104,25,1,0
67660.95865740851,9773.992884917365,775.8396447287791,0.10176822402257016,29,1,0
55242.32497570933,3127.8526171528247,639.1817937027263,0.29038520823593955,1,1,0
63108.110115212,29483.49121676057,567.2586537606562,0.29400142253366385,2,0,1
45413.91090766997,4113.661445154414,801.8753280192361,0.41830474812649604,18,2,1
57045.051988414714,32055.124620428356,553.6983846235325,0.563062673047658,23,1,0
53184.66865998357,28168.70203789493,844.6638033891168,0.4068261091784053,2,0,0
59276.58599433691,20779.019907680704,551.1054441919413,0.735263025992388,4,0,1
61365.3738117122,22062.212277794853,652.5036168581017,0.19722550800020022,31,2,1
61866.84616607566,24722.281878554197,649.3744337948782,0.19738986530172548,30,0,0
64843.39962336147,14251.867072740217,741.3724602903898,0.5434549615144777,11,0,1
64649.22961432249,14654.46170400676,728.9168306101351,0.2699240829580187,30,1,0
67161.329566835,16259.252344117365,816.355987917647,0.17012173048097143,32,0,0
64399.833528352894,21108.11390273584,573.6575685555595,0.6047119466766695,6,1,1
59590.52784272747,11987.112810535327,559.171151012151,0.20835464286199545,25,1,1
73605.14953087369,13431.520552735528,753.4891257090791,0.574241705388779,25,0,0
89247.75927610014,36022.18975469003,839.1132252165778,0.19468351050328053,19,1,0
58287.96888477396,20795.418517296945,765.450848857727,0.7075910897562385,33,0,0
54300.034467026366,7539.00527010427,731.5704521649662,0.25657085950082253,32,1,0
72531.22074863488,25712.262094436708,763.1167205811703,0.5748071383905675,18,1,0
67155.46382604663,15456.087713630533,585.6600356990599,0.6390075653952104,16,1,1
45663.02514218405,12568.588293186676,663.702696453128,0.1358462927900997,5,0,0
49974.969583576836,39974.24274626448,682.3136009334225,0.09762223272211085,21,0,1
53108.34337029401,18671.262543940535,672.7654790739355,0.46884554472290946,16,1,1
44264.22831246692,10776.464822994618,717.0765930383117,0.48406616789306894,19,0,0
73766.07934156919,12770.016347335832,678.2243102570179,0.48592846664613654,25,0,0
80294.83569450722,19336.91250597087,648.8630899361026,0.36932035793039564,27,0,0
48770.57760527822,19275.841709230306,599.4258687424368,0.7042958561547893,7,0,0
37791.15346654613,22202.22111519462,669.9019303608383,0.5344711202060308,6,0,1
68453.45772537362,2617.7245248865165,589.2737531671307,0.1019516709065022,6,0,1
65616.41842103747,7957.614895012668,673.4092097142114,0.5995054221926438,28,2,0
111037.11687851902,16312.205346513836,702.753729072555,0.24284449409525638,2,0,1
78350.29572547422,13207.925412206818,633.7573434685985,0.5561232909765537,15,0,1
42454.61397862777,8305.587611872514,732.2830757466766,0.09144678005300565,12,1,0
45967.23050159479,21326.941406837203,752.0662534292325,0.5866844246148211,17,0,1
71307.08502672707,22108.47279095371,644.8882176983783,0.42993645073420866,12,0,0
63903.84134561635,33482.24753706836,653.2784252618278,0.5545260613456656,30,0,0
62791.95263893569,24341.804960680212,731.3609418711658,0.395978047335084,2,0,0
66337.6008247198,22326.71800526732,609.365036853367,0.6107798948611984,29,0,1
80507.04560055288,16437.53520720738,602.4570078516945,0.7129186601462789,2,1,1
102081.47067910738,42431.42897864667,655.3327382267836,0.5697403449855337,25,0,1
91588.59653889302,14987.16339768709,678.7488754933147,0.5709169329670173,1,0,1
44709.93466665941,14911.942408630863,641.5516389661938,0.20168822533225378,33,1,1
54308.20950993929,26717.650018601526,720.0513573593018,0.29812743926160457,12,0,0
17927.198891119442,3586.597847657389,584.7181293935134,0.1375294631897832,10,0,1
69218.83226373456,17284.49644270145,711.4965773927531,0.42270041879120074,6,2,1
54498.32260484434,18917.869444035157,642.2543315073461,0.3625905368046303,26,0,0
64612.038387363384,14364.86725515096,791.2258678754577,0.2562905357915864,6,0,0
48542.35573686779,27442.255848089702,743.8506514516365,0.09843309705416192,7,0,1
48330.27617502126,22438.104615482735,688.8368617815651,0.701975403163635,28,0,0
34192.67458680656,20661.889356690048,677.1139508621503,0.4737882262072433,20,0,1
58615.829695833505,18604.459072484216,643.9360111624125,0.27749656176684134,25,0,1
76378.64472445306,14775.581628442635,493.3407548986297,0.2934052673454689,19,0,1
51520.9148629969,1000.0,687.7505558995384,0.3267894432746148,28,0,1
78032.75550011046,22881.20977286692,759.5368433622974,0.6181416140820364,14,1,0
51173.937740189394,26631.60270956171,613.9490465917496,0.1973069919828554,22,0,0
65013.743176084805,17937.30451341647,622.3564446369129,0.6495283397256009,14,1,1
92111.28451788067,4544.138374912616,687.2722931624234,0.267971616365487,9,0,0
55243.020455292935,13548.701633065533,591.3831470471321,0.6597422162980565,1,0,1
69501.5836746142,13715.756979477173,628.8376091703572,0.6771208489043864,29,0,0
70194.27594712554,13869.053720566282,649.1152214223912,0.5376654162397388,26,0,0
70456.5427165064,22505.33157367913,688.6881885895552,0.6763108324679696,16,0,1
75603.47991219003,6217.5848863206575,824.3183998011773,0.5729722634702936,2,0,1
69925.77913882762,16257.572397523545,676.6505714597739,0.15117784319104283,7,1,1
44460.46037194133,16565.537498423837,706.7255973142455,0.7193165912940539,3,0,1
56730.62976183429,31607.61769592139,674.71959192692,0.18307469974258578,23,2,1
76512.46263408785,21566.30147202696,700.972294040162,0.396240052135375,28,2,1
79092.29078797776,14037.944672147476,690.5746400248057,0.3184294308372528,7,1,1
50143.08471353588,30503.29201713408,747.6874637462132,0.2937020299804583,33,0,0
84451.65933875875,7142.444433393655,798.0516133290538,0.5985326375808082,8,0,0
55455.40637608398,11954.397512817912,669.5606896860957,0.2536709159846429,16,0,0
71651.5008716785,1633.9514618205121,654.4814331128887,0.42637417363576957,9,1,1
68903.86415412782,32237.68917182697,846.0554751440475,0.2856310309204687,23,1,0
46738.69167804466,19927.50196109008,799.2401666070972,0.6754331289599371,21,0,1
59514.67982284156,16103.920051325953,704.6012866438736,0.15858283991863953,16,1,1
24123.25511386744,29153.09669497772,768.1667767632798,0.1728448872395373,30,1,1
57127.35842956629,12781.213304766421,794.1522567854616,0.1278573363279985,8,0,0
89672.45801474812,13977.468155755398,664.8254916034585,0.5804590572474305,14,0,1
26902.445754952947,27840.026874022376,748.5349313377983,0.1630447813563241,29,0,0
47623.225433970096,12807.385763532682,692.6602099822959,0.4231734195366826,16,1,0
55772.207018937785,13625.44050692319,694.7050321347286,0.5867464315149836,6,0,1
22301.33338383925,18602.889755807995,737.1176670768292,0.13086609911723174,25,0,0
24818.85805266435,21066.048192369766,803.7585105804621,0.7013307947503825,1,0,0
106204.3324285018,24628.07960063759,719.55719921461,0.24882268698067156,28,0,0
76737.52169752476,16083.537832712736,746.3524493648599,0.6046138919732145,5,1,0
84991.51643576928,2923.346770625567,745.8687296227682,0.6054921478042732,32,0,0
72005.68692410855,21184.00796075657,774.1333733851488,0.2938407396043478,0,1,0
76591.39843826272,19832.325986188887,723.2341005418779,0.4354063113626454,9,0,1
58632.56762481801,19586.969186868708,699.1620067176415,0.4915861016840864,30,0,1
85857.40996921198,11198.008141125585,658.7868846639957,0.34088699666797684,23,1,0
93680.0436532525,1103.0914941511874,728.8863639148549,0.3005175123033735,7,0,1
51470.162817741126,17714.06951088551,655.9720910430249,0.6464921722810391,27,0,0
60043.155377414994,9471.462488226703,689.6490655600056,0.19135091660389492,27,1,1
53394.492388315426,23013.1557568567,610.8751566101039,0.6064540951860831,7,0,1
63289.42094662419,24736.584328946643,831.3108641138135,0.1926077690098053,28,1,0
79817.05823870361,4139.91587863594,606.3998271999385,0.5400831298722053,18,0,0
61424.63230554341,11686.80059115314,722.439891994581,0.25134256692081836,28,0,1
30062.620294300446,33342.232171528485,628.6146727253824,0.6991644763465694,14,1,1
84394.67641893633,13999.205074783564,586.9427175662458,0.4737657481820448,30,0,1
49715.49073615735,19774.418800429616,716.8713370394447,0.4234620633515507,4,1,1
73118.4726241483,25909.455325845094,788.684352478496,0.2566365576599518,27,1,1
75070.03272411083,20005.956906961906,629.656289814835,0.4060652535472854,14,0,0
56446.68409195806,27805.879242176507,724.8815995959612,0.0961066536333186,7,1,0
46689.88962188714,26423.406862833,809.8610649434846,0.15034289392513905,31,0,0
55435.436564064454,29975.358785051736,844.3019154772804,0.25652418137803734,21,0,0
96931.81401033771,19562.012924219463,664.4739227828524,0.7144816061371799,4,0,1
46025.44585252341,14377.392058246442,681.0966872923437,0.3775128532344598,9,1,1
42978.789280891215,6151.301402268737,692.7209599940152,0.3302941562774482,30,1,1
68814.6143328726,21779.452140425445,735.4311077827847,0.5907899737323932,22,0,0
60739.170247630536,29211.388208031367,672.4353973818239,0.5355829515748551,31,0,1
56801.9207919508,11335.093848080951,730.3722786155664,0.5147673239871242,23,0,1
46945.39683586484,12336.038795111726,680.7320311925937,0.47398686766622067,3,1,0
64583.24080777737,14763.74041143333,632.0391750746693,0.14097582933975727,14,0,1
61771.417721395934,9878.665047005987,716.162191902953,0.3234033169205293,10,0,1
91737.50366189863,19343.962810620145,644.6316078567646,0.6808231710524937,24,1,1
47280.99161955868,13464.246208382418,615.3873082613727,0.7217689361860808,25,1,0
55271.556843420905,7284.270535198337,685.1404672052128,0.3528754166475237,32,0,0
90686.47428971276,10538.757474822025,627.7584789438246,0.05073856480492117,19,0,1
54650.15862724099,30974.199980460853,659.7426527848525,0.3995271450654744,33,1,1
50565.63102718308,19014.804787911595,752.8922092295184,0.209023709088279,11,0,0
73934.3796019502,31047.269053787953,643.1024318636468,0.1816486362018791,3,0,1
68169.23143875985,13130.634266970443,600.3824185159405,0.24865464117239477,12,0,0
58815.50353401956,4966.667740970632,725.6741044164384,0.13583961872990613,2,0,0
66511.50906494095,15540.699140209595,761.5008414150951,0.08210448860641074,16,0,0
74488.83897932767,32798.44867748899,653.9924841178021,0.3612905175507262,6,0,0
68215.59248254665,1000.0,778.8284537426609,0.2337857919365947,13,0,0
76539.6461310205,2316.040785387868,724.6066184953305,0.2293359098278654,31,1,0
61237.547387203354,15329.852102761462,785.5757542196366,0.20508892313483307,25,1,0
44404.789082568524,27506.657380267112,617.8324589082936,0.3976488737854399,30,0,0
76329.3142520546,8625.541897505156,558.2275384917591,0.5632584158122538,30,0,1
59579.671747583336,19541.78189172748,721.1445372046646,0.5098347387168531,15,1,0
59060.68037169318,17477.018734675894,683.7256651156503,0.7331552320608188,0,1,0
79920.34675478324,28755.118816753176,700.5376587106637,0.6898015583436286,33,0,1
98204.39034427583,38829.88533406543,713.8729037591592,0.34213729579845914,25,2,0
31395.347845860102,10915.201175374574,792.4714784229105,0.6190860157672436,29,1,0
58686.99478986643,14794.0063175097,638.1722866000812,0.17912986719568302,4,0,1
63463.83754718417,17395.05886017606,802.2828019830727,0.19861579429250198,23,0,0
67185.35921774033,10630.249939960631,648.1060800271388,0.5406464039953384,9,2,0
61356.84329770353,33945.55727658947,717.6697702168061,0.20169601656699665,34,0,0
63228.7382605563,7959.565226267014,710.7721092047939,0.36583388588331883,1,1,0
72339.35326058071,29309.342877806168,628.0032361097906,0.27543194916605584,28,2,1
61100.78973159621,14147.221408732277,714.8740831057894,0.21284674870307613,18,0,0
54346.29641693696,17445.159797713564,613.246126679342,0.15811455632965027,13,1,0
53757.578521681855,19095.227899556674,545.882194035114,0.4782943935661145,27,1,0
91563.9215221567,13666.73857637989,750.4788917920692,0.08933226377333617,33,0,0
104666.21743760243,25008.653998732745,754.3932585781366,0.5417866008943276,3,0,0
58236.032412560206,21852.473783454458,581.403110272676,0.6763093961026931,24,0,1
58660.448004109785,31784.55546751943,663.6029493816725,0.29043026567464597,5,0,0
72838.81114657904,23744.006666669688,604.0330646666534,0.3392528564342395,27,2,1
67669.7542990744,7212.991010655829,725.6810600861126,0.46340787729289035,8,0,1
62052.59125402091,16626.870335596283,759.1023687379435,0.5163673050586332,17,0,1
39999.59757042113,32230.570292547207,619.4708380246063,0.43136731262527855,30,1,1
48691.372724512476,12874.195751344303,528.0882990090714,0.5332445696110334,21,0,1
78837.42304551174,31372.241731639297,715.4092282266191,0.6159913488739149,3,2,0
59421.53506438901,24496.533722240187,722.725959862141,0.7430314201421996,32,0,0
104326.13530879562,25231.881542053314,619.8167996855992,0.3249174165206417,34,1,0
103468.404714904,1000.0,645.3881083852737,0.4592767775286064,12,0,0
46648.62842691562,21785.879375583143,626.1551129813058,0.3133305849524766,14,2,1
91434.10067039795,36711.25634259597,681.1674993758335,0.21655013689349734,32,0,1
62331.45831738645,10162.17431062556,738.567965657323,0.74830515915364,27,0,0
67901.2421837415,32318.895834239986,709.1441772466576,0.059718255072364994,33,1,0
79056.54494499783,19661.59277901611,718.5712355945928,0.09528943347489999,0,0,0
85051.21306860846,10759.519836620828,590.7493369292522,0.45813075397134867,30,0,1
50577.19268075409,15431.654036574295,640.8272515528337,0.5468920698103873,16,0,1
108787.9216014361,2629.250029381472,762.7599830224952,0.5601856397959833,21,1,0
70589.73286728174,18356.877240572023,596.1959344897879,0.5423192776474809,31,2,1
25467.396344826717,21708.44867538914,621.6704171204218,0.6020203845301915,28,1,1
59763.81868198406,39283.67555558722,724.4341603179162,0.5712589380681058,0,1,1
107309.71854159045,21475.466960316644,552.5878422461243,0.4321839917305133,27,0,0
53171.71934023207,30878.06996743015,610.3312764587768,0.37907964289332036,1,2,1
110792.16296274075,9009.670670523528,735.4018646083136,0.5541900298902137,24,0,0
67477.60429451845,16362.477047092067,573.197316766891,0.5626301657958986,20,1,1
64918.16307718577,20864.43409267762,626.5920964823403,0.2827849752046754,25,1,1
44019.244181388196,10247.43734011022,722.3979358188253,0.05206840373294134,0,1,1
77339.0592213664,16042.2259443557,602.2331476115419,0.2700154454755408,31,0,0
58454.98201903069,26747.897335851616,739.8932798911288,0.42431674484268855,8,0,0
64604.84068684764,39890.151323701866,699.3158294902538,0.4182771555440348,4,1,0
60765.811221450225,25389.127888846295,661.7601921777174,0.31590663872403385,16,1,0
81844.66193926604,11631.387585809112,547.1094646120921,0.7026326707472069,28,0,1
60905.46648981361,17671.728793128274,681.6226459287283,0.38344826402392834,18,1,1
14819.46270687809,8567.151050463883,570.2312560961481,0.14733471577402085,28,0,0
48059.082861381554,20317.011241427906,559.5178138389609,0.18548888379932799,11,0,1
38620.92964989379,31392.890765008495,707.7082936979876,0.1162097040184182,7,0,0
94648.56674218707,20714.01108483628,699.3459233704451,0.23779530619530131,30,0,1
76952.00243841973,17914.253133861224,539.3432748386791,0.26330862261033033,14,0,1
65959.1573810388,17390.045529176827,660.6723828642856,0.2839144174560862,33,0,0
61089.90913184814,19742.235362644395,713.0523151604957,0.635321804512539,25,1,0
36699.37823169066,33000.253080522976,698.5329737024641,0.5858351270458914,34,0,0
60485.27621777288,24932.811459352033,693.931401559669,0.3972773777738871,28,0,0
84055.54979653793,8711.68686423408,661.8863826802508,0.3610437615438361,32,1,1
81373.01169547225,12661.959952325373,755.2187645743445,0.314667857069879,32,1,0
73569.57287832047,29007.015327854628,691.6984063151317,0.05949534007664691,20,1,0
37171.413253327104,21670.21288942873,759.2125378699396,0.6938088680577039,29,2,0
50350.91217290307,1526.5114564042233,683.0815298642153,0.2540460773092244,18,0,0
72442.19437990102,27500.22791005814,600.4430310404267,0.639327956519436,31,0,0
42039.5368748609,14194.191131386333,692.2060439975756,0.5685839775525464,0,0,1
79435.61367380011,11669.209492295686,585.9050578956895,0.1300873786903137,32,0,0
38369.92458949487,27391.25059202366,709.9100564453549,0.2692619180786037,25,0,1
42945.873023767774,26832.376264860497,813.0591040273576,0.3892576520939691,26,1,1
38507.52304194862,17024.407444798755,684.3825116998676,0.23351210466258493,27,0,1
55114.44580872947,21937.620376801515,673.162718199098,0.3314768745712162,19,0,0
34580.66161848797,12538.466940543947,743.2075747492399,0.24770091216150758,7,0,0
55275.56109441056,11336.007667830134,698.0044001140362,0.49500339499721385,25,0,0
46776.385423691354,14791.738227604295,846.7098756252951,0.30246259973483863,30,0,0
51304.85159164861,14858.381609799795,677.1210436095837,0.2924077114177791,4,1,0
78382.07823513486,12621.197521549215,702.3063374364491,0.24010037642197235,10,0,1
64788.416265095024,25928.50015888061,752.4763446785655,0.6110679983340794,20,0,1
78365.20731895494,18934.56341282307,577.7032377861315,0.5021541503046527,7,1,1
109391.88194226746,9353.271027640194,730.0147367988463,0.5546753696228846,25,1,0
31240.203078225124,12336.410741644731,649.3247728408869,0.32570621669114497,11,0,0
54100.39412861723,7015.15409101717,658.7784568661507,0.637631082464003,12,0,0
44415.489535164466,17317.148065615438,733.7268361985482,0.3414621405972016,9,0,1
51092.04129207613,31024.632531216106,631.3811630091343,0.17354800279339785,28,1,0
72531.80553369458,20663.125750257987,663.3421972402629,0.40746395024809484,7,0,0
100398.51181788149,18926.129590769146,669.4764069275188,0.36143658679606844,0,0,1
77888.08784648219,4700.417533977026,674.0547999711166,0.11421779058394033,8,0,1
74704.25663673667,30318.74636704603,631.506394305887,0.5138712861370842,3,0,0
85809.51598179393,18414.831022679562,719.0205398418016,0.6183970343191205,32,0,0
94837.96123898275,18932.886083342964,596.8215044920975,0.2993108672782608,20,1,0
100936.9468720571,7664.8060030828165,548.3566153834588,0.5814493364605753,6,0,1
74741.131297536,16914.28990990255,659.3053101983029,0.4600967429550313,31,0,0
45754.46050239126,9763.74889531492,717.4267936958094,0.2410990073304261,27,0,0
58210.9456802005,11901.457088501073,719.3936093986563,0.2907837829527151,25,0,0
23997.11960045343,2680.439929348753,701.718988804346,0.712287782190298,33,1,0
80326.41787406987,1000.0,656.3135745581999,0.2010528225660217,8,0,1
47967.34540612223,37428.74092651384,708.0667612275074,0.15634321994004907,5,0,1
50668.748359907775,19800.609368968522,670.3154610418303,0.10296993005800638,21,0,1
72072.3171197556,28306.88325340447,675.2119881258596,0.6629100339288531,8,0,0
26041.942095027953,15409.687646504075,502.98958428264723,0.5204844731993924,14,3,1
85637.39747583991,16404.778552964945,648.7742787857093,0.13166559504948036,0,0,0
76107.79422806168,8475.84395478547,542.1926352139116,0.5859597701961152,31,0,1
56337.5474897526,23482.868442995474,828.2151510215394,0.49058915103896494,17,1,0
64017.45586328777,24719.241218691262,740.2754063484093,0.7403500747227824,10,0,1
51582.147111505845,22712.855123530426,763.685862135486,0.4079918960771736,34,0,0
117088.20064581223,18023.162597856775,644.2104521389915,0.41149363081320894,32,0,1
46660.9765728542,20686.65351342308,674.4710070316762,0.224487278291451,3,0,1
71456.58589522577,14102.20827784965,589.1023351794613,0.183646670706552,33,0,1
59740.02320269684,27348.35614716226,599.2467321441095,0.5634732164652511,18,0,1
66078.61302123788,5725.475654466454,661.4807978353017,0.31086304708800905,11,0,1
75251.91745557437,10827.545368828363,641.1536701936141,0.557063857557241,21,0,1
76030.85607398704,15990.74272745382,711.5404305820898,0.5921089858265046,11,0,1
57861.047428608894,6643.845654669878,707.7124341372748,0.6823034545767644,27,2,1
41757.33962524928,4192.684470591772,652.2123980878027,0.34920679056529,14,0,0
50358.15313479042,16020.755329220898,738.0831381109484,0.11708886446711018,3,0,1
55787.5698667817,14073.985064260238,599.1388916805348,0.06520531875634984,7,0,1
53065.487903063826,16562.53576379377,592.1243095389311,0.2543167505864446,30,1,1
44164.38876407023,18117.20330506912,715.4309228728888,0.7027338922308266,25,0,0
73961.68076714747,23452.727004958368,717.961145025637,0.5734597273868927,2,0,0
37885.40515949298,18895.020813285442,739.305492966242,0.44140423816762187,6,0,0
63971.80332170286,33688.75569540997,579.1826477427438,0.21773123046935738,14,0,0
32357.32525276259,19756.263935339935,621.7721783434541,0.5489837949232657,19,2,0
86820.97943831977,31919.95632959297,701.0724495920041,0.5685932638371214,16,0,1
52704.20521755291,27450.414581720997,702.7437452963019,0.21131219298809106,31,0,0
50447.9047288368,28306.658501291553,812.5852651960064,0.5456876750701719,9,0,1
47088.06952431075,4041.8128245063544,608.4211729791514,0.13416327111946091,15,0,0
99104.04703169852,19738.885455507887,829.5720755287597,0.1211774019788146,25,1,0
91549.13187323006,21400.472316873598,716.2223122255831,0.08866299061634375,21,0,0
66087.19979082225,15382.206071696482,761.5675030800392,0.6171389958326401,14,0,0
54960.78348176701,19427.681377172754,722.565936825592,0.23942794079817648,11,1,1
106512.55613361455,8858.828723192062,628.2805598080944,0.4729232677697515,2,1,1
74953.6650623163,30931.212946196632,641.0364976105803,0.15113809183962623,23,0,1
59895.13252318624,18109.855639939015,680.2157641897544,0.3596979670223999,1,0,0
53778.98413360456,21666.20228087159,573.3278232770389,0.06939078452399333,3,1,1
81355.91932464446,10863.122746630284,565.8562174333933,0.6519662021331023,22,1,1
60588.624327913305,32142.22178010956,636.7405974372267,0.4278239207652682,22,0,0
38222.05019379159,25440.33885503892,729.015795563066,0.673357219878814,7,0,1
68437.89321803892,27406.499200135448,633.9208262149399,0.37744841135309554,11,0,1
69774.88191199675,36231.126637562746,675.0916251932424,0.27142920499434714,8,0,1
65886.88617429514,16093.835044114425,669.6004952888238,0.3305617402359797,10,1,1
75103.6263994703,23368.86839497492,750.614517991222,0.22069489761685368,30,1,0
58530.0943154371,22702.551394019385,709.7290532636706,0.669893557896156,0,1,1
65140.300500278354,12980.562495313752,739.8136406059195,0.2569315634820542,34,0,0
64800.49085839479,21466.234162307494,761.6644470919978,0.2545451673666759,14,0,1
38222.846433389546,10858.015540804925,610.8362815001104,0.49213307139718165,6,0,1
79055.60513749,17770.94899444052,534.07255945237,0.13591026921300953,27,0,1
76004.19804937913,3453.249888060338,651.3687470244889,0.2034257061833138,5,0,0
84784.49218038515,10925.382336663331,759.3070088087047,0.35093118829865194,19,1,0
44817.27835472138,1521.665262693692,728.5457798457617,0.17782659153257846,23,1,0
56546.936199712945,31641.694763531646,653.5551369219521,0.2301274338615127,11,1,1
87181.93481357911,23985.018158037165,814.2988600791039,0.539949544012083,2,1,1
53476.75377795927,13784.600791556939,734.3522653417839,0.24588876060651876,27,1,1
100929.19675599216,11227.155038459437,637.8533923966047,0.4960372802731833,11,1,0
33811.55665348869,28373.00749337506,761.5687406462683,0.3960850081181593,15,0,0
53693.90465055639,34008.662979424524,569.2591150211443,0.5873371277020932,14,0,1
55702.7338560137,25092.593044274457,703.1652817487137,0.575505816682338,30,1,1
80274.72244887361,29955.50908871156,642.9156574530928,0.18828316564932307,20,0,0
98307.73103485536,17915.852267735958,675.2575063842755,0.7102680408524215,17,0,0
71078.14789600091,1000.0,722.3558300105952,0.6115449318783017,5,0,1
12583.777893295075,17053.685155778225,744.7657707979728,0.42283091702217496,16,0,1
63379.65729551259,19159.8438989421,687.8398041482241,0.4418306089366586,22,0,0
67462.65338422735,27569.990266617555,664.5599683504089,0.6301856269536751,34,2,0
72862.28811856842,14548.282915879745,559.6291543548897,0.38890669020101676,17,0,0
63428.62384548049,7618.8665654141205,570.7308478687219,0.3849409986448759,10,0,1
91127.49460216855,1938.2500755960173,499.8076976741636,0.4911292409772772,22,1,1
47234.44659798179,23940.079568613128,691.6405756126313,0.11181563005642178,16,0,1
44384.79619449609,15312.235093033472,744.6287082222873,0.45749809776314876,5,0,1
52752.6528491259,8024.370901252967,512.9559158610627,0.20673560234195582,23,2,1
117037.40277290485,23595.170702026662,753.7043962733107,0.1316930069653433,15,1,0
61402.900173645015,25153.571280649478,777.316744095837,0.6207900128863448,28,0,0
87976.12678748221,16191.54746586821,692.7205917260303,0.31727175165092486,28,1,1
87599.91927168105,27053.26588148496,787.8327008090466,0.40197003213772176,27,0,0
30622.483931636103,23862.17387262579,676.9661257796001,0.2554198833963811,15,1,1
63869.24948451568,16728.1323148367,592.0461977462473,0.07163421807433536,2,0,1
87404.36995915213,16057.353171280249,656.8779217671824,0.3596742754744476,23,1,1
122234.32725287738,14982.279651383118,792.3296873356765,0.5751825965056793,17,1,1
86567.15991703523,17999.964274608938,637.0800539657788,0.5808316580386976,16,0,0
58151.39041646261,31481.52787821529,709.3727409801301,0.6954320424375675,9,0,1
94204.77358274696,28682.49031967811,718.0373999187473,0.6382824450401715,24,0,0
56376.379690896305,22648.397005361672,762.2850720489106,0.737633350128534,22,0,0
42370.426283784465,34387.14650816197,549.4796018924317,0.4501399622706061,18,0,1
78996.60744152528,28280.595216100002,776.9524198539931,0.0856554194178197,9,0,0
35957.3275547559,16623.058353211673,613.8404000477648,0.6543769627728719,10,0,1
53090.79067755882,23147.7001463961,786.1075544229282,0.71642432019156,4,0,1
94734.80636720418,30247.846691705687,654.5394536680977,0.37492109366297127,5,0,0
79246.692469137,18798.008263828935,654.8415037624364,0.12975548480642687,2,1,1
47720.90477043703,16131.868518060137,733.9259410422069,0.0672366687114522,10,1,1
67807.0891421802,34409.10991387276,771.265352648716,0.47945712299765303,23,1,1
63098.11156272905,22932.419134965654,646.9648300398368,0.5173365635942698,25,1,1
83146.76126257538,27412.45947565144,660.2550996246622,0.06135069570185381,25,2,1
72599.88212210409,11591.36862502672,637.4484170044186,0.7144826591927572,23,0,1
68095.38664028932,26188.110910355434,639.7394096476321,0.42956588259160183,3,0,0
64269.05661082953,16296.596671592883,714.7606592551133,0.478591717668266,9,0,0
43003.44756673131,17661.638615565458,673.6316212069737,0.44490542903206615,33,0,1
92603.06746897324,9328.067719296394,768.0714095269324,0.2718549163598606,28,0,0
73376.67483328978,15977.046683144272,631.4509284629178,0.6804071865320119,25,0,1
58430.39460529615,5206.5981796814285,732.7139598587785,0.052666861745552386,18,0,1
59883.27294211439,28191.292971402778,729.808041568422,0.5730354105472287,20,0,1
62957.26858901521,13088.45140432513,660.298454936093,0.30258166848027573,18,0,0
48554.32190715021,21091.522014622984,662.1583585896802,0.18315666063556924,18,0,0
53644.13315855226,7576.801863191318,714.1178265119968,0.35527433513751866,17,0,0
84663.53612531349,22398.62428349223,631.5448120347711,0.1886244419359454,13,0,0
33704.499801424914,1000.0,654.5407933759386,0.658181517832638,34,0,1
102168.8812726877,9871.718937758615,588.6621146723447,0.6069242343765907,17,0,1
65076.133477946416,30195.56510735504,616.3629301536424,0.649897778506009,27,0,1
49170.42711229307,12058.434128910447,607.5776867473462,0.6351096309557048,18,0,0
58081.471526563866,16133.461976701727,614.3837872910434,0.6273696055321106,24,2,1
73419.78881202145,1000.0,557.0297002459581,0.45699654961441966,14,0,0
55377.93656274684,30180.84555362331,564.4051586229207,0.6813765119842332,2,0,1
78189.58303185276,15689.411272151501,740.8057922909636,0.09140475592472987,22,2,1
43754.47908986252,29880.504349107585,670.1048413546059,0.25011230420361064,11,1,1
49049.713026953184,11815.489105723858,767.2066549322394,0.19879499430599995,31,1,0
69887.29841482021,4671.677779408305,753.2586408309384,0.13475629166452646,27,0,0
52599.13395387363,30714.781231995617,647.6163294111374,0.05444550609665656,33,0,1
104183.70740096243,21549.295402879816,615.1570116724527,0.3318511201730774,0,1,1
81587.4472886538,18941.23384335921,690.624684215736,0.5568006475723697,9,2,1
75243.08603484253,12580.154546086967,648.9211033905027,0.5014203186214524,26,0,1
67228.49096672816,28749.77617302492,724.546074122277,0.5057324560354899,11,0,0
58064.329177332795,1417.141905213437,540.8076741299843,0.6716848138719392,32,1,1
59879.62310533052,25216.97061658281,703.5754342520264,0.7201470648943696,3,1,0
48300.108117047435,7245.43577369832,791.2968974665188,0.526414007762013,20,0,0
69240.1033159297,22134.470761405693,652.1772876402928,0.10944678506636421,19,0,0
40082.42831900424,35930.937963192,722.9485042652486,0.5236922792775424,16,0,0
94166.9340592074,17639.10672732959,594.0830472662358,0.4383424842232953,33,1,1
66220.43247596684,17222.81333399894,637.9606454256665,0.09507982908671825,13,0,0
92395.26922531494,13361.230627529883,618.5487777444098,0.22998161308947046,9,1,1
82864.93689988865,16584.15294221347,787.298774376848,0.21639010102664208,19,0,0
63613.95185468623,14013.206351706176,817.3285194314376,0.5909641780369552,34,0,0
73919.12651735145,18198.220039326912,645.6217308140937,0.2916448865962077,14,1,0
56476.865665649806,15425.06566951375,771.0931489396279,0.40046509213023057,26,0,1
63074.90009423409,16478.847254658733,720.8622979995594,0.600007822599186,14,0,0
49478.00455431524,12938.979445938698,653.1018128643058,0.7055598995606853,18,1,1
98312.6170632559,16866.940228776046,791.3511753444693,0.4267498439053219,25,0,0
68761.5558912907,17650.317894998447,639.4085194159529,0.4387078039970868,11,0,0
81925.59281922373,32961.209390188495,634.8086623142591,0.11710637626419662,23,0,0
56242.62662586584,32330.456221870118,608.2605214676983,0.39602255507123085,32,0,1
96555.54050966127,20941.423908752524,742.130869712305,0.5305266913039762,4,1,1
50507.77699677414,14000.667294882014,613.3738849126316,0.18233635032007123,8,0,1
62701.11969755828,21127.616705212196,669.8818138324991,0.12788311252336262,13,0,0
55579.183727476244,10639.10831477087,655.7216501938678,0.6543353762454934,24,0,1
70498.41574704381,13013.355029558727,643.3239689747555,0.13041359132641836,6,0,0
51182.39372555723,18502.393162080796,664.0882589215774,0.6891533849287378,33,1,1
76811.86561437238,12028.158481153354,650.6971310462438,0.24155938740938349,6,0,1
70263.08690039262,12205.323145002425,790.9592436043956,0.2809745682777387,30,0,0
61818.23234366115,13809.968641311363,710.9132651742361,0.4179057256757481,31,0,0
43689.8885368575,38572.893672003265,686.2501335648418,0.18167259688841814,20,0,0
63383.23107229332,19557.72573947971,650.9723325925676,0.5319874144378745,14,0,1
62893.174474797604,2432.102010425975,592.1797715627055,0.41672461028724833,29,0,0
82928.2081574095,19756.739006945605,636.0467727127246,0.7122790406952716,3,0,1
59211.63209665598,22114.02890652811,678.3882995553413,0.6878519701000301,33,1,1
45412.5019592874,17455.978739308935,675.6653282139456,0.588799223448633,8,0,1
29582.830787311723,23486.03677615738,690.6106187006973,0.17936895481882575,11,0,1
87982.97187638775,12871.385764901519,782.3773475289822,0.19965423414522526,29,0,0
61430.17329686391,16693.919254811168,648.6152973723937,0.23793159631773647,23,0,0
71576.92526244547,17209.83614603922,778.7061229739684,0.6339010486913238,28,0,0
54689.68631166473,11807.748806800297,665.7821529906137,0.5035618806738271,21,0,0
53022.37703310953,9454.560095259929,693.9579524088051,0.17290615269402454,34,0,0
63085.02079495104,18696.14923561933,673.0287974398909,0.3707806183117181,19,0,1
48290.44863960344,20065.166296997082,772.9602575419069,0.7324302145450058,8,1,1
57647.81168625435,1000.0,621.1755273134563,0.5625755470504175,21,0,1
79289.41049251308,13362.451806214032,735.7483453326172,0.7040000213238429,15,0,0
79036.50570747694,15444.865195532955,802.0499066603983,0.6161864175459654,1,0,0
54945.9111312882,19635.801573486748,672.7423023274089,0.5575416391700623,22,1,0
60413.93383612612,25387.338394446655,477.38726113460405,0.6309438627475407,28,0,0
26497.33244160122,15191.142470149318,601.4422697721564,0.534798935624339,10,0,1
31594.679374134765,23229.962067314023,649.7964621708819,0.44715671020091524,34,1,1
54711.01470852031,5608.074813276611,707.7892422093121,0.5651202999665114,21,2,1
65875.1529600435,30068.805947443987,772.1594960532769,0.21062525396192666,2,0,0
39583.95885682262,17542.89074724299,672.8821432969677,0.3932443665674696,11,0,0
79076.62047516342,4447.904921578531,649.1595401558943,0.7159732139051413,0,0,1
82024.58408342546,23362.287528655535,726.6161543480704,0.6160286981086937,25,0,0
48138.413769407205,15613.68803926859,668.5158138092982,0.6984102230267335,33,1,1
47257.716245079544,34527.25077100049,681.8306614290493,0.7272139023404078,28,0,0
73229.31816298544,32368.318831163087,646.1303859780159,0.4610158282008324,32,0,1
98381.89608433281,25992.369428666963,794.5637713203353,0.18732306831903728,31,0,0
56649.05088299454,1000.0,693.2423135156168,0.5687351146680216,24,1,0
83728.78445353784,15956.892659242521,762.4782632719596,0.05513194135717502,1,3,1
64470.48950524305,29423.168846432836,706.1674151717547,0.11239904558969187,14,1,0
66223.06316580673,25565.87951395875,758.4232629096575,0.2502800953516174,12,0,0
61243.347875761945,9698.829998447112,739.5626369506746,0.060631159542443185,14,0,1
83727.05615389936,17060.1989252602,739.0565874871957,0.5283472459742397,5,0,1
104634.26359741171,23348.657137501377,712.5497802421226,0.6216090697431929,20,0,0
82098.49834718455,3655.22491871648,573.2540703845312,0.5776380204077632,25,0,1
41408.3643275335,4434.35059661513,570.9875741736569,0.15113644536000412,34,2,1
59915.54801097128,39931.937034984934,608.2245813334067,0.6127338458730488,17,0,0
26057.779438176476,15230.156214444529,762.3599875230725,0.629943035652263,5,0,1
106105.94507183829,1000.0,725.5332821269734,0.11756974200017482,13,0,0
72040.68960372695,11766.435867644283,656.8476364996912,0.39467093031616135,17,2,0
48950.94499358832,20925.83707468098,782.108041112274,0.531687610740906,19,1,1
70247.51034077595,25157.219731350317,750.6201713824938,0.3346796759659364,14,0,0
102707.70021734029,12071.800616599867,716.9559632802639,0.6724862230395329,26,0,0
48276.553946867665,7228.085871393367,730.2415021944596,0.420399101136112,23,0,0
53594.87687769071,25839.891606635487,721.6577492901865,0.13548378594696991,11,2,0
41529.72475625405,9497.454088314484,593.9610215617774,0.421303925852146,0,1,1
76343.07228912867,15722.606413163374,683.4895607663816,0.4542075561168037,13,1,1
62209.33383810312,24042.856383180417,718.1824717108096,0.7175409487563316,31,0,0
21835.086336149005,13627.124828569202,677.8166493866847,0.34539179675391485,2,1,1
71749.68018309727,36057.33448953421,630.1095282769164,0.6751228487689455,9,0,1
83990.90123820162,10330.151124833934,559.77052492395,0.27397914740606266,25,1,0
54346.08642029919,14688.252700531779,623.0892874626212,0.3666125896226745,30,2,1
64091.82372245427,14441.836378732682,744.7898970299324,0.5226894730503908,9,0,1
60962.529966802365,12269.34070274168,719.2756249320346,0.6698538707831043,0,0,0
78748.96702079309,27763.449534994186,569.1288733978718,0.5918819484409213,31,0,0
31876.298160497856,14864.211728606007,732.854553202779,0.15882263252016304,18,0,0
51864.827823927015,43694.09382818101,588.3688669189056,0.18558829651127928,0,0,1
58877.83523114049,18913.084774354058,666.7052579506945,0.09775183392742295,25,1,1
80413.8172587021,19974.18784299343,736.9971533108544,0.4850352361302144,4,0,0
65044.7861310837,3905.004235609953,657.2905430164366,0.35823252834482894,25,1,1
38816.85912989848,12793.312130388076,582.6445310599978,0.663085392905163,0,2,1
53483.97515406336,24157.04836713279,497.02280746599183,0.7425860601146593,29,1,1
90195.38372019536,22906.676126375558,613.7978633884724,0.66499019331474,11,1,0
38537.453325909926,8445.628467214328,649.6574955055887,0.0826362172776954,23,0,1
85551.72432708189,13851.40816219185,707.8354848563941,0.7110511307552128,24,1,0
83716.35270602001,1000.0,637.9780049823222,0.12209225208483625,7,0,0
89377.99001131643,10882.650584833409,643.9302789179332,0.36304348119372254,11,1,0
86997.84326518505,33551.487899576474,643.8095185676199,0.2581310782388939,26,0,0
92251.59368236577,20099.457009374866,630.1891858299396,0.15951148798000397,11,0,0
29095.080473559537,28101.485769200415,809.6223326515387,0.16986620041821276,31,1,0
91178.62437857303,2841.864010642974,697.6809602703493,0.29208377126252505,34,0,0
74901.75707620292,18862.42523408209,613.6434026469501,0.06777585626612716,15,0,1
53558.98267451647,16946.602112744105,532.2934722128787,0.09525950397533216,29,0,1
41389.412713787155,12400.429743656367,688.7811728221465,0.5499959269395744,31,0,0
65605.70266773469,15924.277994826447,781.8126271845911,0.48836287173187604,14,0,0
112622.2297241688,13255.740242615433,715.8080524426013,0.1195504314852053,20,0,0
75430.934740166,7506.767416078741,850.0,0.3526411032882307,28,0,0
55286.41054542094,19210.764130149666,639.6154803930243,0.4753965316322888,29,0,0
112374.48024900604,25866.843835657288,716.9657785611217,0.11835044375304528,24,2,0
77909.40412706723,10963.610510682433,574.9671893887851,0.7303977291603535,19,0,1
78551.75285885727,11377.696701370987,556.6200738890434,0.6439521018588937,9,0,1
70800.39534655646,25254.91312533683,667.2804774224057,0.20907263594651132,30,1,0
75288.81567984018,18439.23343511108,761.5468949591717,0.4132043399642571,0,0,1
15678.236938610935,14860.989999341471,797.803498655204,0.40537901313981256,9,1,0
68064.64490201362,18887.122965064034,683.9095987680602,0.2839475861771877,17,0,1
80919.27602057823,36554.33539913675,616.6868956263157,0.5817451375430571,12,0,1
96607.82978031163,28347.453424294996,525.7689744396544,0.5108001746021056,31,1,0
110887.58918996691,33514.67575851459,637.7912382539159,0.6549521324852,21,0,1
87092.53431872786,24621.965814195573,676.1593682470427,0.053570213751099396,5,0,0
69248.86769520273,11137.489496313578,638.8882874424481,0.4728019325724105,32,0,0
66408.24720175238,14022.247477330722,553.5734215339913,0.744930137555537,0,0,1
51037.963178205464,11194.215684464525,679.2328594617236,0.602443148211139,2,0,1
75923.85432847013,23604.460211573176,654.7174778277881,0.2910211453693567,4,0,0
104604.20448086387,15265.51275797157,711.0885036942868,0.15927044048776837,26,0,0
57616.22676249962,10497.110656089502,621.7838414609244,0.349795687901567,11,0,0
68716.26138215097,16976.447438971394,652.5321325753805,0.3469886012612061,32,1,0
50836.73534051208,5404.966854943161,679.5969148717751,0.45969149992953906,26,0,0
85764.64093016065,27078.77836363847,704.1985690047667,0.096246119471006,12,1,0
89960.45121224721,9302.457333291322,644.6727052639018,0.321034064776775,10,0,0
51147.22697867541,26212.35488372618,624.3540329313968,0.6483559235755002,10,0,1
76686.21511944223,22193.55380791426,600.8726992654098,0.5005356566054282,3,0,0
12332.675382756614,23184.152009983685,683.4427697233795,0.3542880923085659,17,1,0
59563.54876055529,7690.203874016812,650.8623854049752,0.2671749027408294,17,0,0
90698.06643475441,18597.332878798967,796.4645306870768,0.24584613652160597,27,0,0
55633.12868187896,13331.10623579848,664.3311894590702,0.5738931086438995,5,0,1
38991.78559023584,2230.832498581738,687.3517488201999,0.3500753066877739,4,0,0
78807.16169777725,30924.53142283884,742.515214887944,0.2223583868684108,10,0,1
62807.05944191335,17142.725846163063,751.1768838934169,0.6189051084597944,4,0,0
68931.87182347759,13944.945567384075,646.4759258469015,0.2359252684957403,8,0,0
71762.19791959297,30365.802280764256,809.2757020900325,0.09510765333651942,22,0,0
83194.72577831022,26703.36417092473,826.7328540741489,0.4336649731659162,10,1,0
86636.68520461563,47732.61610945547,654.0193021466905,0.24533667866009146,14,1,1
72744.4200362384,9435.423324324573,677.8617667997529,0.05341847129872791,24,0,0
88557.98702580047,12874.076341886022,699.6631794199147,0.40109125039741067,16,0,0
64620.68479732427,35458.712851748154,623.4919565196855,0.6761808386338026,25,1,0
71396.12374108554,10294.50185543999,673.4131438556827,0.500893820230226,13,1,0
65662.88841831419,11422.248898147205,608.1071003751406,0.06270803184991472,8,0,1
41540.96575768555,17269.13816305238,672.8153867696083,0.3151365446127259,26,0,1
94790.54900769673,32835.922068576554,666.38836197162,0.2229287505205904,34,0,0
66202.06468178227,13226.735093934305,703.6061335780229,0.5193097642035079,26,0,0
96986.55561117508,38498.7564157533,714.2769362275933,0.36983686600605326,15,0,0
74300.5554342639,17880.627194809807,674.0028737290963,0.17091357498804471,21,1,0
73535.2956866999,30072.538774718996,767.9545927275636,0.36940151947991084,29,1,0
84010.25844890617,14931.358690455858,611.5055802392206,0.7019759485687382,25,0,1
70971.57199320724,9224.672530265265,650.6305328919893,0.33755889484957147,32,0,0
52726.14017846164,23161.452586731455,628.6103157621608,0.6592318209880432,0,0,1
62322.047883237115,4920.185591210864,783.7894273680779,0.38280805131840245,11,0,0
88520.094628165,3223.388732718604,664.7810263529863,0.5803545891618757,16,0,0
79465.77556953061,24361.123863544526,665.6236215722972,0.6000945216188057,24,0,1
48049.31827952618,12846.851319948164,769.6893665345956,0.582521645182177,28,1,1
71149.51706995869,5597.897399445235,571.6327703671129,0.49694888656274766,27,0,0
45503.04281092241,12600.005190835265,606.7660153861186,0.7167417983830786,18,1,0
66990.27568312998,23055.517577067607,669.657265807257,0.700004496688634,9,0,1
85400.35386430935,9534.374645282844,639.2593404677111,0.261948610356065,10,0,0
53028.87803245331,1000.0,740.4861047859285,0.5362628257642278,9,1,1
63101.28424974703,16555.987188232783,579.3994319237501,0.5153530524187884,29,0,0
46335.94436045274,21227.349707236703,720.6173770750445,0.19018273592157087,6,2,1
77218.17430311943,25303.524357886585,609.7542680487139,0.23554766469001548,4,0,0
67932.09153066094,27201.386316819946,698.0175488915485,0.26752779809851934,27,0,0
52200.52672508054,16570.968918180453,741.5957830708609,0.28211045010350777,19,1,0
73418.15482506795,35103.043070189655,810.9130670407538,0.6480538935295801,31,0,0
64527.845927392824,16892.042977418318,574.8108366677029,0.5801472315342673,11,1,1
75043.30749274442,15961.059565223755,687.1732991936668,0.6154140958230416,4,0,0
46525.9529111969,15393.9585951229,746.6286327247983,0.6891174161526965,29,0,1
58517.58754101468,19282.998442386783,684.8924208067061,0.4100394401776927,32,0,0
67740.29610711848,22577.543673335316,706.6568105983245,0.6348024115164327,9,0,0
78779.44268215692,30562.769866551265,630.9673488292592,0.5367371338856529,26,1,1
45484.72834083484,13130.075199893316,657.2288681841477,0.37535536989264123,11,0,1
67292.90468862731,10777.08111296234,625.6507321064825,0.18569779802987807,1,2,0
84843.59418460554,19269.368837616792,722.4775706626606,0.3511900408783474,29,0,1
66235.83827706963,14058.226833877421,809.6454954342246,0.19460499834065254,4,1,1
58654.94911357378,7913.966842450322,691.0044728315231,0.25101623641877274,13,0,0
54238.696588090344,28836.96713213816,684.2336539167635,0.24846016933701354,25,0,0
54572.82509070594,28552.469912236993,530.2440294952119,0.5827233261612724,7,0,1
69488.73837791376,4779.825804540749,675.1294096306721,0.4054522487514283,30,0,1
25291.208034557036,16773.085990429223,719.7285024015316,0.6051999593348298,2,0,1
54054.625152291395,23193.174682124543,564.3102974183035,0.6641851136623549,27,0,1
73355.10832343317,35297.4378619159,691.344906925432,0.4781687948705251,13,1,1
79910.26929744131,17440.830330474913,678.9350557929736,0.33504349182770177,10,0,1
46283.47637224935,25768.107541853667,539.4377081545512,0.6497405333525546,28,1,1
52440.45967297781,14679.30013776927,709.2402059668677,0.44727465372308706,11,1,0
66487.71122730456,22084.86038474987,650.310851441045,0.6498557159890281,8,0,1
77423.62171729932,26113.834649566114,688.8464464859674,0.2357955738780071,18,0,1
57598.12320288717,21139.89331435075,702.3137988811304,0.44603112245824217,6,1,1
62477.81016148719,18239.77486106405,626.9346608304289,0.19822378020087872,16,2,0
71777.08482809132,26708.7186922211,704.1042699753547,0.5388500249226793,22,1,1
41926.520269169676,30305.50023983071,644.4530001507925,0.46082370397900185,11,0,0
97500.04361132566,19356.392094384988,689.7181566362966,0.43919982946302477,6,0,0
66653.90426115535,27294.537360666305,634.6547786656226,0.4973755875770752,24,0,0
57994.77178292995,12949.628271391184,755.593607128593,0.31278204024462913,13,0,0
87811.66168684604,14415.703327135947,728.2559632809018,0.18438355577141669,30,0,0
67545.84222721259,32114.295123730088,656.0142231110481,0.6144888936626016,24,0,1
61515.040276994965,1000.0,729.270895802687,0.3190588406402075,10,0,1
72439.13480122935,15854.827328336718,650.8213398490575,0.7422552925031142,10,0,1
65833.2359512882,19949.822514842886,695.2525092834068,0.38670152587947737,6,0,0
52688.89710533446,7530.5664178052975,620.650401429163,0.3930098738903819,2,0,1
86344.71657016734,27686.772356079266,747.4884511425548,0.5244729079338969,14,0,0
35046.68551264987,17567.489556772984,671.5428342138964,0.5167160253797551,2,3,1
56899.535440112195,24419.66981458299,632.7857132022648,0.17636312439075474,16,0,0
102086.90063487677,31585.377493680506,696.039796201158,0.2406172061213544,6,0,0
67111.69605784913,29077.516945948697,558.1452355584993,0.21206147798960373,10,1,1
33289.91964857688,14872.674301171117,609.3103215615984,0.08738358305561145,19,0,0
87588.056149523,7763.76354032583,659.3882051285165,0.06568778879685454,0,0,1
59317.43546042917,14365.046507674757,688.8355774611576,0.5014940379821751,31,0,0
43806.37682846148,19410.272125129428,688.1575743478694,0.3990140164404435,20,0,0
86070.77918932463,1994.8069087926015,642.1109589713841,0.6762169374907437,30,0,1
86945.10041659506,32288.89843347946,720.9634400070103,0.2605398463769185,16,0,1
93542.89478928623,19092.062046608844,593.8259778116949,0.6012594771894962,24,0,1
45622.30843639467,15896.118835348932,661.2436772789863,0.12220782373277475,32,0,0
62201.50816099847,1000.0,754.4437050674295,0.621509162682508,11,0,0
59143.687300311896,18117.98056313333,720.3253978172579,0.6948156893450157,27,0,0
46343.488687389196,18862.2972154704,769.1869309350493,0.4891360985586188,25,1,1
76441.7965616436,10449.94244441487,837.7092001633756,0.5651720834031277,7,0,1
86865.78362898758,20678.756335416096,637.1251914347336,0.7414563453146128,31,0,0
55879.65837811852,16836.362082095864,703.8513618908207,0.3147309319688868,25,0,0
68107.72548069354,3553.0285376911033,623.2171020794725,0.07055284929567877,4,1,0
67884.7127535179,24151.31233626125,603.0964402539165,0.5278221328510236,12,0,0
86678.4469085515,40236.67068598577,710.2187316856441,0.05933083695041637,18,0,1
65153.61901282176,34112.51751323319,682.0635010434544,0.44781788643676596,5,1,1
65655.26974503777,22425.003953199193,652.0119077327465,0.4682345532161576,5,1,0
83309.7648567761,20494.816501409045,720.165364395212,0.4591504980175412,15,0,1
67470.82943490829,4433.868960108346,654.6117432197532,0.1661432316581335,28,0,0
53620.25941347721,20264.404577285335,574.6564781504235,0.10367325744194077,17,1,1
43125.74595887753,15357.824016391667,727.4349909377531,0.6854205811324459,31,0,0
52623.91042771111,1000.0,632.0268180686181,0.4291209376611641,28,0,0
69851.97548378038,14610.391073713537,732.5488680883581,0.276158858334068,16,0,1
39006.288048487855,12828.8335767364,705.249722002173,0.5902217049423429,4,1,1
70465.45930454918,4093.649239918601,496.06763554828194,0.6951579958966462,31,1,1
34761.7898007818,17086.675759037218,659.4130609707487,0.3329514000215305,28,0,0
45072.113938352006,4699.399217004937,613.9348393981716,0.11881365072727301,28,0,0
78043.20544920568,21643.44494629478,744.9360108736571,0.5348316497150557,2,0,1
56100.4631319707,23024.250958553675,640.2183764200154,0.6852693474294594,3,0,1
69603.19691623848,1000.0,739.4910625339754,0.7362849457998354,24,2,0
63895.22110453564,14292.59688660892,684.5462233891332,0.6194793252552496,21,1,0
96154.28768574425,13783.847021927908,639.6598349863543,0.23775168010065,10,0,0
67718.72311293823,15875.80864532595,715.0861794302,0.30075416677098343,7,1,0
44543.361621077565,1000.0,741.8893975631511,0.14571779649076974,26,0,0
77165.4589083284,21472.44157907271,597.2724323688352,0.5489219027333159,21,1,1
43937.07125503445,31669.339628583562,572.8954862987539,0.16847808150803834,2,3,1
84841.56160975037,31647.63262724188,674.526620868027,0.35237626372103575,26,2,1
80869.26091560365,26186.82667838876,651.7349851853131,0.42222891719292227,10,2,1
70924.9924738201,1000.0,713.6835782417895,0.3177729032583611,26,0,0
80100.11522842839,12337.15920838045,735.3929826547236,0.15478722492383945,6,0,0
88468.04656591805,22532.201353058055,563.6341710100985,0.2528743114025434,26,1,0
64454.689717101166,22147.06858783643,653.7484507969293,0.4929355242946966,10,0,1
68413.93963280963,28451.460553273148,570.8705321849314,0.5587765610713775,24,0,1
69844.81690777876,15637.687062432413,584.96567828246,0.48024527995600996,15,1,0
50343.283665371295,7019.604893765918,562.3797531654466,0.7260264026653213,20,0,0
53476.47058286507,22772.941160683764,653.3419320627406,0.479541181165091,25,1,1
66155.13584803884,13711.817064493194,569.2689313590361,0.20773767362818946,26,0,0
64880.49987384602,30552.564956482405,633.3481855177748,0.3937370414761163,16,0,1
70084.74722053757,24049.577448847394,619.2939108209142,0.6353605634610476,30,1,1
55129.39547919445,14676.33519319329,656.0003560502296,0.27806113727799725,13,0,1
35553.38089426703,19515.31098611242,679.9073863445077,0.5659215351857698,22,1,1
94399.20150350305,28046.083321509206,674.4805987874532,0.5996343511402469,1,1,1
37130.84488753082,22772.2723495119,594.1663159153441,0.7037756562208008,25,0,0
81272.3544145796,19243.079658992083,677.2831857622556,0.33082277109292546,25,0,0
58917.379112782626,20267.79740598059,650.2733121831577,0.23159696925191314,21,0,1
68995.949216726,15255.35358369137,712.088394740495,0.4055637797739655,27,0,0
78249.24762178797,21711.31442361584,633.2963824567498,0.7455783152384998,5,0,1
55872.918718246234,18203.775717297744,720.7414571286496,0.681490979606281,18,1,1
37646.0328897469,8667.327533962141,611.6160382555903,0.24876854457982556,20,0,0
85000.12981304392,21850.36967764736,614.9968766900845,0.18770101484139934,19,0,0
78373.1845417547,22960.41041827613,672.326880348393,0.38387056702615313,30,0,1
66442.35119398424,27063.24526035055,559.2848826754021,0.16604215846084724,26,1,1
81498.34630678393,3738.8042618654,618.3388358111538,0.5806219103810307,14,0,0
71563.18500775688,20407.877877860305,760.1757423890101,0.07562882034567546,30,0,0
63903.26213062512,14509.168995527369,726.6326478226912,0.20730802054552377,8,0,1
60988.71660297248,23147.057756041497,653.0127810027637,0.06275456532505183,16,0,0
22002.076066297428,6907.698686799671,844.553775981557,0.20871677762090035,18,1,1
70351.67183140363,29664.304203276653,668.2988068951972,0.08661857591729155,31,0,0
44681.79844934137,8336.299236708024,690.6463956896062,0.5214866261172345,9,0,0
73794.57246009461,13453.962833577814,781.3819586474135,0.4491916786444755,4,0,0
59175.08005865222,42409.5532281246,702.7348220239444,0.19973971437066473,12,0,0
30442.514827481333,18838.08057445182,657.9541821700259,0.19355402859241794,26,0,0
63739.403169950616,27817.059439460845,728.6731010558351,0.253835455730533,1,1,1
56010.641472597614,20230.211604229306,722.7065737964294,0.6087490440665971,0,0,1
92565.7594862849,29415.782807339667,629.00825478022,0.15535228772099755,7,1,0
24952.08457680184,25239.340788250636,664.9123659582403,0.13519057149530886,9,2,1
48402.39559018921,10814.062497404211,689.7027738600682,0.40563523442589816,27,0,1
41439.319531859495,2004.2826662948028,690.1864917855871,0.6554650937228208,4,0,1
80796.09553716352,6512.979259366448,619.564997639936,0.20687770308822984,1,1,1
69249.80516276542,13453.715113483473,700.8373067302394,0.12437940410638713,16,0,0
79940.48105009052,23082.79780215666,654.6188239841556,0.3941819935157316,32,0,1
42705.922408818726,27013.207245814134,713.1714349963734,0.5625084173521667,24,0,1
45730.72562718409,17578.721618657197,742.073638978894,0.48282563669812645,4,0,1
66163.95235943858,19493.623758474587,622.8644277913376,0.3427159658073524,27,2,1
99697.93917230837,1000.0,654.3436033001713,0.07827863906011658,17,1,0
75873.14585063928,15444.340634425676,693.0195163995658,0.26041530234492455,22,1,1
47452.91400310944,17153.51525796655,731.2320326138054,0.6934759963388271,34,0,1
69358.2696000702,22039.700250766284,639.9993206652574,0.2060037225916745,17,0,0
76917.31374025387,15065.605743822392,682.4420716454803,0.4797682505798471,10,0,0
37810.26949622151,13492.519937016477,792.9489517375878,0.6852099151239167,9,0,0
59898.296217955125,34994.699377627956,737.5667738941345,0.3916766298321986,9,1,1
61387.21398593917,5594.822481006659,662.6571502215979,0.36239520638229017,8,0,1
100913.5245282115,30298.564179162044,810.7772933540532,0.14874476482774351,12,1,0
66924.06111586059,23612.001768174734,712.8738919220225,0.7364281473277767,22,1,1
98274.58151012173,16865.110157960284,802.0063326250705,0.1736687269941799,0,1,0
50036.933988944016,37821.9529228936,758.5545691885852,0.3870204298044356,15,0,0
75956.14610540468,17419.764495043037,850.0,0.16993058695985686,18,0,0
37263.11722928558,10287.832090228789,783.3691656320755,0.29386844009403384,11,0,0
77312.17384721701,19926.28963854532,648.3437895205815,0.6688061702494696,4,0,0
57261.67492577993,25881.736701329508,736.4926654532107,0.5003245023877722,4,0,1
58504.07533695079,22973.73245707119,617.0519872127701,0.056890973768016606,6,0,1
79256.03747480879,13138.0781081588,744.2953649820164,0.7267337286728837,13,0,1
81269.18799156256,23986.168522929183,799.2046645354235,0.5987352462221498,32,0,0
71099.47598398145,2537.703554129763,621.8646934596526,0.7482751881571827,5,0,1
101154.0892569281,30251.145399760404,731.7795463231324,0.5840066929516086,17,0,0
66371.51839598328,25200.99350060006,724.9589396785918,0.5853975604432572,5,0,1
71542.51251812589,1000.0,727.0746336713576,0.5395651600569726,29,0,1
70292.74418496163,11414.83683967841,597.2417710416914,0.346272269924209,11,0,1
79026.14407537227,29216.54198973009,646.9668101238307,0.2704616718530791,34,0,0
65482.77961098008,15928.068691494047,702.6101712479975,0.4176309686674038,10,0,1
44544.02629779864,17680.998807642038,654.4389277425352,0.17476629828523377,3,0,0
72574.13935428402,30654.19315277593,612.632732446373,0.5557018028246715,12,0,0
34286.8856084602,12662.12311453154,747.4995224703866,0.7481233910459376,0,0,1
82138.70439477639,1000.0,634.960855450666,0.4706541516898185,28,0,0
88447.9827599444,30440.014267145187,677.7740971879459,0.6495202686076058,13,0,1
55288.98107512674,14065.656637501463,836.7448941129261,0.17063013757733436,20,0,0
54613.00616556454,17761.485388322257,752.1216369725125,0.6275493149978636,30,0,0
25955.32318393561,16249.100764064642,683.2051582221648,0.6852033834302842,6,0,1
63922.53459001694,13634.466390945314,708.0629414837368,0.6372072938294829,14,0,0
72660.65480682033,10231.760729073396,700.2306021649309,0.48908167506812267,8,0,1
71649.36800941818,16380.06129243899,578.1552818874802,0.6984660385620858,28,0,1
70383.79008993716,9395.116308926992,703.8130661619367,0.7230269022314082,23,0,0
59714.44960890096,30339.099527487597,760.0947105955663,0.620754552051951,14,0,0
83218.3083158024,28941.874806008498,674.4734518644357,0.43298024465786294,20,0,1
45675.611866762236,22978.885824266916,732.3896321109553,0.6347093579547345,23,0,1
46179.794203710786,22690.157658937685,716.7459532886622,0.3103584938932535,6,0,0
38012.020887391685,2704.859835224568,725.7397440290838,0.29261399659943277,23,0,0
51866.87629191752,28179.413238750596,606.2458348652724,0.2935352090843448,22,1,1
42106.27027889417,13957.685380339279,708.4611260169991,0.18945276503873937,24,0,0
19226.394916730198,30152.193041640887,800.4578356187563,0.4860614044283582,7,2,0
50560.99858084227,33276.71811967481,678.3241676846802,0.5130347069631203,33,1,0
81233.23678332326,15824.870306635075,661.7740279141276,0.6517477327079549,34,0,1
70794.35917502882,1000.0,737.8266592425442,0.5361575218615482,21,0,1
77579.13219850516,20082.252070810264,745.0641187582742,0.5959559995116792,33,1,0
75559.98899242248,7585.819525376573,765.3501249617575,0.5321824814631247,27,0,0
58537.43323830803,12604.245005347162,671.9794108893475,0.5379318552730582,0,0,1
60429.641560872165,16101.462571664331,717.5179610637161,0.28838390759410804,29,1,1
50642.792858839945,26528.0221942534,815.8052712846941,0.7261193422818585,24,0,0
69954.86085851616,22048.559699018042,623.4059775547421,0.4971536037250764,1,0,1
122172.69104016077,31851.3744158278,583.1086905942227,0.46099556602589237,27,0,0
38925.61672185977,10851.187341417008,735.1727489612558,0.6430516989593391,27,0,1
84955.63167169227,28142.762680040738,710.0757807110083,0.34466923420860046,22,0,0
54339.79308894507,24974.195870748597,651.1699294196144,0.11737674706188418,23,1,0
94069.61784006431,24061.208929888086,634.8464883013354,0.2180718018064406,34,0,1
72359.95998020767,28004.235424010953,674.6345151708398,0.6156641836869802,7,0,0
53528.365021795864,25462.037317888688,750.9231269819303,0.5622700689457246,17,0,0
60282.854877905644,3447.522290897283,746.3888258547672,0.1320321489965019,19,0,0
79332.93258969713,12801.944852036519,695.7363276389785,0.09875690648907717,3,0,1
98795.51049395246,26772.047281867002,646.6941101083537,0.48533433590198877,7,0,1
81131.34865504854,22353.592344389435,504.23902409703385,0.7070537750868751,25,0,1
56115.19466212258,27354.22876750684,711.5475236724141,0.17244447856462478,19,0,0
74753.17428917199,19837.252350035895,726.9054923829658,0.4343155117092378,17,1,1
96943.0335643147,13221.081571360151,669.964016670008,0.61837721038033,32,1,1
74299.75646121202,10614.743999457842,843.2856390257631,0.42008485497851006,17,0,0
62414.16882864711,3182.3106898999613,628.2108639885986,0.295788483494465,33,0,0
36727.815127007954,22746.57603766257,783.5340111320533,0.6034011772860868,18,0,0
89590.64429678579,4980.585797321666,733.3807786188946,0.5898581638730364,32,1,0
62417.49975427978,18005.32269202586,667.1966520843074,0.6313397745828769,20,0,1
50836.099127665664,16965.610450699558,567.9578769809602,0.7115713167335231,6,0,0
79651.7290921601,28029.852369006403,777.4163277514386,0.155441779738806,13,0,0
80440.34068876872,38641.76306062662,683.9151800009109,0.28854657073851153,32,0,1
46539.17402364795,14511.642904468605,806.2921151300127,0.7401911198977158,3,0,1
49911.50144592223,22724.77939866561,684.7545208289579,0.46617537853994895,1,0,0
76259.39315607364,17983.65193745861,781.64695259143,0.5190909555516575,30,0,0
89179.35813242666,9939.550961679348,580.0818228403815,0.6688666784617083,29,0,1
58407.63279295359,28635.019968980952,585.8742771051232,0.5337308718149146,9,0,1
60858.97231558521,21599.013591889674,651.8172835480309,0.5282635472952003,20,0,0
51189.09101502795,23303.96285256751,528.2914319959784,0.12315209387356378,22,0,1
89633.23614568662,26077.795461657413,702.0765414290635,0.40478864781549,7,1,1
78134.21927993465,26142.84194202562,626.7731610759942,0.5212354040408669,9,0,1
42701.06305281546,16517.80772390086,732.5750566149002,0.6151042175235812,24,0,0
98217.54798061374,27454.3854210824,544.487488242802,0.3392666677044407,32,1,0
134011.0957416129,16537.949177015882,760.6592489093723,0.13647453725306752,16,0,1
29007.649571274065,7161.96160398438,685.9891531435709,0.30607793763843916,23,2,1
71978.02860012386,22485.733987757892,743.6307855603684,0.35081474598427187,29,1,1
34071.28844676746,30198.495693262565,667.9529097060927,0.5757062701999864,0,0,1
59069.2142206461,11983.540027017836,563.3321169328811,0.06384663119151072,16,1,1
35660.18420463611,3769.872698188168,772.477622844015,0.3200584761480633,27,0,0
94405.86846094439,19137.61899303232,732.429579520872,0.36351853137973117,12,1,1
57639.36653749324,8578.379921480906,747.1892162094249,0.4350809170625597,9,1,0
85217.04881727342,12889.104427207263,688.7846954383813,0.7289996453191812,0,2,0
68445.18559533524,18850.452347426446,808.648164703523,0.5684214436445977,19,0,1
99083.1185255205,1000.0,850.0,0.20570048320201262,6,0,0
40795.15761844966,13886.524204421934,776.3431559792928,0.49356361676130356,31,0,0
21131.37354628965,14546.331812995115,580.9814338271224,0.29228963607497704,20,1,1
53427.90297209576,34643.76218356675,697.7431998461733,0.6179902018122708,25,0,0
57525.34322301473,16592.81671451163,633.2069781434583,0.16974880832759312,6,0,0
33143.41476153633,37188.60575483216,585.572950791006,0.15115216142022753,26,0,1
73585.29044041506,29119.78458005256,671.4670520356478,0.12097571485140976,33,0,0
72635.71090646466,22034.12057104076,760.6541266174211,0.4308732787271719,11,2,0
91666.26823802985,21219.996442968164,649.7020614336586,0.1362785477417927,11,1,0
85696.47017895077,20925.89978188887,639.5971680606918,0.07922752320987411,14,0,1
55018.63853013126,19218.544980474522,658.6915771685138,0.2827192286255159,19,0,1
41855.71047667995,4674.029612614728,826.1307583421708,0.6087166081603085,9,1,0
30712.844760639542,21130.008971922816,716.8676223496956,0.15925166718413733,25,0,0
61052.28254929895,18858.68716208446,630.471690366086,0.30052318563694363,16,0,1
60703.96134386183,19890.17502340746,802.4478520786932,0.3550166240740839,9,1,0
72704.0274868731,33676.889740132836,689.2635099352527,0.6631790996550129,10,1,1
32380.7152000049,16132.925691861386,621.3155346832054,0.38345435250151255,16,2,1
67807.72228215009,8414.066997456892,645.8199166182624,0.4083687888916618,10,1,1
75551.94486164289,12953.858819552584,622.8005379718102,0.2282373291402528,14,0,1
52035.45510278313,25518.171388051367,670.9038175771832,0.5179800825443486,3,1,1
76275.94467463931,20559.80690011634,675.6105136604094,0.06796367681248593,24,3,0
60188.24819939328,18414.449145085615,693.9729668717348,0.7251079303455689,30,0,0
88699.71872291749,5638.688191867785,642.691393071904,0.39868419831884333,28,0,1
93675.97742810746,28780.98822884186,723.2372602882397,0.09326927637934838,30,1,0
65549.63035124236,12494.920454280818,792.316072889117,0.44141931224448816,8,1,1
82192.22778891101,21244.563864197422,638.9781364287047,0.4097875176653853,0,0,1
37966.436470061395,17096.59808995162,770.7470348363267,0.21849174275896294,2,0,1
55500.9222346842,3704.896336279444,694.2832620768359,0.19616672864167456,3,0,0
72340.25693596697,21333.508067740964,669.413204594065,0.23953608274670024,18,0,0
56057.31821108868,7216.070169664403,731.9257116099279,0.14081240678647894,21,0,0
59449.710688429186,21028.08886356883,715.078607869084,0.42199568119967484,7,0,1
45515.17038979386,13284.767865092348,725.2858609388745,0.6652551815560238,24,0,1
99647.05220687753,16272.36448154342,631.7854698766839,0.696189313012065,3,0,0
45879.14206622235,24386.026756971125,610.0872741993975,0.7170909434953497,13,1,1
80424.58477204801,6643.265924367746,532.4337913634025,0.4702619361439617,4,1,1
54899.380645312005,45887.08305894918,708.7797509685282,0.4850843393247502,28,1,1
77426.11368561043,10389.810733960614,616.5658795030398,0.26736172869307306,20,0,1
52429.1817787115,24283.02920564538,639.9624007383463,0.6697418999713703,14,0,1
57921.734901267504,26116.042894220307,673.1673776626553,0.3917018780464239,22,2,0
73068.87857144958,31746.89020886427,593.9494260032463,0.24551603914376763,16,1,0
77133.78375091212,11983.237485294712,781.44659752831,0.7259675024363055,2,0,0
82565.18300726303,11266.861639467328,660.7518199988639,0.5437647020142576,32,1,1
65572.34468028798,27873.115284726264,718.4513196942306,0.37525601286565563,26,0,1
86495.42379005611,22900.55338277019,742.067461350666,0.09804578353134404,15,0,1
69648.95482566385,23100.745883232677,554.7605594817152,0.14811312954836575,5,0,0
61997.160803292114,30578.072244135437,655.2271980420253,0.18753368456483704,9,1,1
81906.51382841461,18859.541378354792,739.3921793539314,0.6819885306025054,28,0,0
67147.14761007547,19627.75575256176,610.6928085353691,0.7301121525713877,16,0,0
69759.86634897333,29963.506388046084,702.8769845622472,0.2368851212372281,13,1,0
45249.472622240566,19585.87566660938,618.3123378303902,0.3988205104436966,11,0,1
52150.73282417428,8871.931072619636,708.6203571399867,0.6043197199438152,28,0,0
73152.15643571613,9913.665920597497,642.068292167301,0.31924626460714817,13,0,1
47344.856762197865,15592.724376225418,686.2685093658281,0.3946640971464744,7,0,0
65569.908522241,21206.961475055607,770.1955778538739,0.6713364644272581,16,1,1
27053.046213467518,26625.020494934666,730.1838047793593,0.195257737619155,22,1,1
103105.45758276535,39578.241276618945,629.6966407479787,0.7456967243812846,6,2,1
78486.28803106662,15782.263271528274,717.517694431138,0.3694143246054387,11,0,1
56012.38986616276,5389.3095273297695,708.1167271340612,0.23081206833455847,15,0,1
95153.5690163364,3646.2684623799505,762.8667921171618,0.6747457456447165,12,0,0
47161.33877933549,16071.200079468737,686.9688521308249,0.1035528122879874,18,1,0
53777.90052168218,17911.419648802792,684.4066288805233,0.49962345487142407,2,1,1
75150.44498307402,23531.01669073292,736.2077757728133,0.0931824460934123,7,0,0
83627.23587180537,40026.101168635985,737.2599021296527,0.7123348252919378,11,0,0
53551.3619358208,23561.74547046401,850.0,0.4978035917616589,30,0,0
74174.93021246417,18775.910735685837,788.3729214924019,0.32857942635931986,34,1,0
71730.95065439951,27013.611457758914,681.8301982113388,0.3470821313219032,19,0,0
64498.458066878484,3749.190469741099,674.3102585076996,0.16559559998373008,27,0,0
54147.57025756147,20247.0374573888,628.1832796456242,0.30200567939905976,1,0,1
81847.27220443217,3354.8611710909936,575.9098007574779,0.6826592819635968,26,0,1
24699.533718484876,30669.466610712436,688.7439088891093,0.6137624699651074,2,0,0
67782.37469870325,5846.554274072612,531.1269320704436,0.5130374921053452,20,0,1
51329.54420485599,26952.9150496403,818.5853291462603,0.727447524476363,6,2,1
62564.947841364534,25310.6437869851,623.8570744107776,0.45140567369875734,32,2,1
51120.279239420546,31263.888420481293,770.9206615598857,0.1733946905789447,32,0,0
40864.20937964643,9711.916748127609,672.1856184533783,0.5495306068003328,16,0,1
52091.32846379125,17475.664502884087,720.7408512593836,0.464340484518085,5,0,0
53905.478268655745,26845.76998239668,591.6869919675689,0.35558294865341084,20,2,1
60370.88087854111,21126.069931936145,721.5330821585839,0.1528871791482079,33,0,0
64762.73534669436,22418.11917066296,690.1079282010119,0.5243613180366742,11,0,0
77539.0959575481,24639.732740806066,817.6546720483525,0.3608460866475899,11,0,0
94638.33765135048,15009.540499271701,591.7492754083895,0.4550434018168571,17,0,1
66355.06958282673,9334.03342106577,588.4568168549172,0.27078160305452825,5,1,1
44121.58516989011,10883.736081429131,608.9860583369299,0.1590093012722072,12,0,1
80513.94275815961,17196.40054502794,538.5938400653315,0.3019352734922058,30,2,1
70300.2581132056,11289.612989075838,621.719581314471,0.6464733795903091,24,2,1
45050.0749894989,15429.144664515308,613.9298998173164,0.1616961526924412,23,0,0
66510.23149511969,17787.336551062028,678.4111711807022,0.3798633103883985,10,0,0
78520.00935207037,31667.355638645146,683.664417563296,0.25832591026095547,32,2,1
48093.33439328526,8119.7989367042155,576.4190917545213,0.7236325664284725,20,0,1
53713.37120755493,11172.161621097435,764.9947394881481,0.1092714736431667,23,1,0
66515.06519955484,17618.195456535,721.4353322188231,0.22174428433011467,19,1,1
59184.73719681317,8727.833953586658,745.7310334151589,0.36468971904732317,8,0,0
34050.306217821446,1000.0,764.4409315147457,0.2230946770872635,30,0,0
111899.9701716043,12458.851838170613,613.0422518468911,0.5446149231980676,27,4,1
52950.40414466254,15643.78878699056,640.4917381298768,0.309619591416106,4,1,1
50989.45714518916,19638.199770100826,708.0433755182332,0.5965438530827248,33,1,1
57447.3609275615,9282.71021251522,771.4348015680143,0.4358914130915754,9,0,1
62763.537180640385,33056.2464584641,703.2171656296781,0.34877680929930527,31,0,0
71211.86158274215,24990.324175231322,680.7972263048333,0.30541328402269247,16,0,0
43400.94394434184,8028.067253433939,634.4298973480269,0.20541306972507056,12,1,0
89928.67897222047,12497.720679432889,589.1656745836336,0.22679087516414997,19,1,1
36322.72855649862,11818.039023016037,762.2837123287164,0.17346579268647444,18,1,0
55864.91191813516,8347.427074860147,655.449892433059,0.6462216748751972,21,0,1
80070.37616484644,28328.529100957916,685.4458986854877,0.4337985873048657,15,0,1
78835.10664200626,8400.118839563089,800.5749495812441,0.38801262530354086,5,1,0
12000.0,18944.04579340329,656.5889469922939,0.27557572760586174,10,0,1
63561.16303831675,13330.897255215834,686.8687094199131,0.4118082479514088,9,0,1
65867.11531514484,16205.45244560894,649.14122211741,0.6677879007395523,30,0,1
69484.57355338275,27262.390009795883,590.881222815134,0.6492690434630315,17,0,0
52719.3848085906,20858.247782282742,705.3640106171684,0.46936373298749356,31,0,0
59730.813646822084,21271.765579174204,544.7557923507073,0.4209699307211261,23,0,0
75149.33886483434,20844.23635825238,783.3903877487737,0.2080473433423336,15,0,0
79745.20406612974,22351.15046648756,537.9356014830032,0.5350496949737961,28,0,1
36102.07488694519,8566.217464714255,662.7734564952875,0.6473225071397312,24,1,1
74132.16866141079,11876.141202243258,645.2203007587307,0.2639839153918781,24,0,0
71838.27288844723,21334.32184974911,760.3417073837712,0.35487854604697294,18,0,1
81745.58719673009,11493.890689719394,631.9905164510773,0.12469726530236809,9,0,0
47550.658460361155,14833.104478165325,570.7806514670673,0.650738285274699,0,0,0
73718.03834790671,20468.154885104857,590.2779718999877,0.1183959181524715,26,0,1
27493.631667653986,27936.10990046669,534.1646593116367,0.5430361900751053,21,1,1
57503.81861242479,25689.342435627113,743.6554925845148,0.18088577879469242,27,0,0
58453.56157843118,32388.686227823127,810.9901488755617,0.5635540822547881,34,0,0
66570.8463994173,19319.513037688565,767.3269488989379,0.4998751517928464,2,0,1
79487.41258643442,19062.646131281974,685.4432280449964,0.533276808636621,25,0,0
43095.08489017202,12045.162350000352,706.0379460760811,0.49505854751663364,4,0,1
89012.52805045014,22991.595352143137,658.0390409383089,0.32766943619651134,9,0,0
18027.897706029027,29292.56474162569,643.6138475242453,0.48413524623223597,6,0,1
31227.92433737323,12938.400881653188,717.2380515715847,0.21425761743333205,29,0,0
83812.96369311454,22013.42325958221,589.6666486042295,0.24175608096550438,24,1,1
67078.1555322544,28070.037911095133,720.4992739935316,0.09559325021435325,33,0,1
99133.58914401675,10490.002919520968,679.223721489704,0.4789793585365767,20,0,0
80319.37014567737,22940.77691111116,728.7565559727701,0.6385564908833059,28,0,0
65247.26128644048,23452.899420848786,718.2155906686988,0.31491498797244516,16,1,0
55157.34192414987,1000.0,596.8140292442392,0.19607479052600885,20,0,0
52451.76763252494,13179.503855586547,735.3963808745235,0.6267507327051197,33,0,0
72342.92801283151,7960.7664256968255,789.3518710770373,0.5008885011603714,15,0,0
53367.64352537767,13393.464067037272,736.4378695205379,0.6754707591085646,8,0,0
69989.65829785065,14249.741845299131,618.0198033333835,0.05437055746366085,2,1,1
51484.308148978926,17663.769547517768,743.4058183794976,0.3308095172684171,22,0,0
69050.16854681166,26159.749205977718,713.4466259136326,0.6806706465952992,12,0,1
95790.2384617743,28977.142549477096,550.3397426072358,0.5227680529114482,33,1,0
76089.94952519491,19573.672670819327,665.697394099004,0.37820630620479107,29,1,0
55628.78981251219,29681.297539739877,739.2711598427483,0.3401841730631966,25,0,1
72015.10875959462,25472.88201849548,676.4156159914734,0.6766123340840151,31,0,0
70530.3549988622,17230.90484367126,718.9378983485249,0.6322565697934761,19,0,1
69134.30228712328,31193.83654378263,641.0597533980203,0.05861824981565709,8,0,0
72679.67393431626,18602.642738646533,702.0837969055041,0.134763040210451,15,0,0
83147.24836365113,20229.038694248182,768.3740867600109,0.4086207217589337,3,0,0
86495.35708859941,9288.041653358245,716.2748739852831,0.1302453427494622,11,1,0
65043.934992660346,21239.73309863347,699.2303948690969,0.2423348310562129,25,0,1
37440.42760314302,21796.92445564392,688.0759153267549,0.6344360964473312,9,1,1
66696.0782561456,25795.57042089165,675.4872537170287,0.32029748710677447,15,1,0
61847.68657747115,15973.178210745991,629.743889239874,0.3656402000806748,0,0,1
76016.93458181765,11449.612975452605,658.1802948805156,0.17193370828981197,11,0,0
40783.90588509767,21683.256821917403,693.6609146862112,0.4716198221689579,21,0,0
75008.99388805307,24655.164618210434,542.0790117873308,0.13421710527755393,28,0,0
67553.31282199467,14963.612212862623,770.0272842585512,0.4911549741574166,18,2,0
45516.37271863103,10436.699918920247,644.4301609523508,0.5727150879447828,29,0,0
23521.659925640946,14289.862920391683,597.5173842092612,0.661526237985382,27,2,1
82384.70732185987,32288.053724047983,820.6935832249205,0.4577135204017334,20,0,0
45217.583001377425,9236.416529602868,694.1201506467287,0.28236811714256277,17,0,0
35401.57293489222,8993.981349552188,756.0575292919783,0.646173717499665,23,0,0
53708.184509830215,34815.65331680425,633.4411749491227,0.46763699129356795,25,0,0
88426.17496915584,16590.008706187742,759.4140157679716,0.3006963217754606,15,0,1
68906.09247264873,6993.566407011898,730.8749578711656,0.2757775429910952,31,2,0
73893.667394335,5276.4781989148705,657.9204752491441,0.27442991077162626,1,0,0
64042.49066225517,23165.138514560684,560.9719725189491,0.0894404123088909,8,0,0
71030.96104053833,21017.12040661397,753.6886754601758,0.12093406296180449,17,0,0
60916.553542972055,23238.194353315674,666.2832332350924,0.11279502383537494,18,0,1
55583.31300132368,10247.415164250811,762.4551013208621,0.2685315784750121,11,0,0
52190.61325477952,7312.078765166229,655.5103416041359,0.38178368144895447,12,0,1
58870.73439963891,22850.245753872492,674.8302942589065,0.15330600589558313,34,0,0
113268.47917583882,8587.702065031364,705.2517663770387,0.6295658878031646,9,0,0
76408.01235808768,16515.508630278888,818.4739643387226,0.09593147191925,21,0,0
47845.02795130386,10032.81789316839,623.6346397340274,0.7117181627603578,9,0,1
38389.87758637246,32833.289548450375,650.5950609467061,0.10210382448625607,34,1,1
63195.62686141177,26301.280458482033,641.7722481617517,0.6762663408732912,15,0,1
30814.01191384447,41714.03365140769,635.8747342878413,0.2324957561706032,10,0,1
83122.66849334129,23748.36379639579,675.8545154463338,0.7407227333302909,16,1,0
13942.748299829793,20818.89857295519,758.1837908342195,0.41492947850569584,24,1,0
58759.09299094293,24117.787943415206,653.9376259451639,0.06281537742955143,0,2,1
28999.540284519062,3841.2109445980896,811.7195162037345,0.24786832117607915,11,0,0
73957.97492319078,1954.5478853479271,772.1665627436792,0.7081143816621726,2,0,0
49840.10418066272,24402.947938335958,672.4843456215941,0.25976607302289906,8,1,1
79092.40586098266,12771.727154391663,628.742507212573,0.3017257877224925,18,0,0
21722.930745714526,17995.29167457416,731.8879993607529,0.0809037450359818,18,1,1
87592.05411071809,3340.336924099558,784.1151666620208,0.2272794847687905,19,0,0
72022.2167054629,13332.1915081108,752.6425915021896,0.23152410787458994,10,2,0
64304.74283815304,14747.826035419737,632.0119887047904,0.5511816790608587,23,0,1
48152.531145986795,26323.790061896252,669.4171197107823,0.40403779475451485,21,2,1
58805.34281293129,19197.34755273136,578.3963582470308,0.16270537651596068,0,0,1
79342.57182292135,5579.483992967476,587.7895840569361,0.6069195747476933,9,0,1
48289.24497604386,13314.219504198038,747.3056422577869,0.47806312491867203,10,0,1
62765.841564043825,27983.34225982988,721.4530142307644,0.2379215134870244,7,0,1
58986.968895902115,13937.094817993908,795.4955770655635,0.20664855073001936,16,1,0
68632.25301301689,26104.53492829635,597.5814648240338,0.6974356475226111,5,0,1
37118.257138463014,13078.112209350218,774.9618479320399,0.49593939051476027,6,0,0
94039.79617324405,21013.880783085886,771.551561796469,0.615191721494546,30,0,0
83731.17737944543,18528.742773030946,825.5498387386078,0.2078622033617466,3,0,0
29545.826642047934,17025.644904308985,741.17397235774,0.4621152279589227,6,0,1
25714.544724634055,6192.939442905657,500.3811395616552,0.08744271039586485,15,0,1
93117.40323349417,3478.863248851694,718.9692505337476,0.4663042468265759,24,0,0
66328.11694292382,20189.896989102137,550.0578616211575,0.1925078032077075,34,0,0
28962.176110780274,18333.531754275646,527.0857207282255,0.5183649564271289,13,0,0
55110.88112125584,13203.827817089572,699.3427063949822,0.7023764821572752,8,0,0
59203.85096680643,10128.26551861678,735.9480422082727,0.37109681949854767,10,1,1
77781.2838663761,30046.692269789328,560.2793607541886,0.26377742886399697,0,0,0
83899.48112594464,26914.00111627468,527.3353220546646,0.13628704319444707,8,0,0
67508.24373326558,24715.273038514184,649.9024059049119,0.51941420732803,24,0,1
61550.24373565453,32509.908384392125,716.6457979776098,0.4589244363555415,14,0,1
55510.09618347369,8112.007481429859,678.929795860682,0.43119948745269215,23,1,0
93157.53328465705,20480.725861077743,656.2135561568755,0.7051762455145195,7,0,1
56553.79386145832,5493.079722442984,595.544744383839,0.7347087218915258,28,1,1
75337.49820713638,14377.764786232468,656.1881098127477,0.5518886534940702,6,1,1
43529.198624465964,15209.405667625499,749.9879265404845,0.187192572837786,17,0,0
39663.70035212558,11883.26563694508,692.9274698789839,0.7127343935343644,2,1,0
68816.44355071348,17640.750343158346,703.0171041895956,0.29144866304947326,23,0,0
57410.09704743487,37358.157309527116,804.4025015541444,0.1054084534974004,19,1,0
37502.94476158177,20353.9441618695,818.9674443873006,0.21875935242419753,30,0,1
58561.901589012276,26820.334175937434,812.302694721984,0.6312635071344332,25,0,0
114754.91376870274,18929.338199067915,850.0,0.19263536507452805,7,0,0
64251.74182026014,2927.219302368272,619.958330792379,0.32654717676739325,31,0,1
59002.54943013144,12323.671449415735,596.4713373822161,0.2414542485140515,7,1,1
59036.16044111976,13184.443981599245,718.1776300493657,0.0834723118116211,4,1,0
88973.53457463434,17617.785743158685,661.6043731472744,0.44320338768480416,15,0,0
62096.24164323541,23440.43607061307,682.5721067687649,0.4901299119398141,26,0,0
69966.41585490156,25753.36551550354,536.2974668308973,0.6038030581243934,0,0,1
79334.99145292433,21139.44901924698,702.972801635316,0.34026235788753045,4,0,1
91083.27268917405,27544.380310489818,651.1880680839733,0.14893133801516623,2,0,0
50449.87843850623,12127.83424728284,653.1305548229194,0.5065090590739865,16,0,0
45752.81270177976,23053.18182654213,669.857882864555,0.6730456374025221,32,0,1
50720.783981690736,22504.448773411325,568.2927458396028,0.1338749552809217,18,2,1
78061.17949337991,26108.59773729465,636.8386651407399,0.17783183561713034,3,0,0
80353.58420377101,11402.780275550973,783.5229114812289,0.2804386818383281,12,1,0
68919.6854429312,34571.5492175439,703.2665732754771,0.5052075245186346,25,0,0
84582.3265517881,10910.223971741752,781.2320520287024,0.4166686531240359,30,1,0
80373.41399464998,13827.76548378748,597.0672989104465,0.5486579576217199,34,0,1
52563.896160127166,24714.1170573051,697.6837411029965,0.07193635616060431,15,3,0
35008.649833699645,3871.3291469626092,604.8803315754532,0.6173204423560987,23,0,0
56214.51381498405,9595.669346141598,828.692214213101,0.7412377716646232,29,1,0
75747.06959239038,18778.54499980671,601.7400876329837,0.08266514053496521,16,0,1
74875.72451459376,1590.1665348942042,751.3253245759222,0.3967908314094423,12,0,0
28936.993868283032,10826.708711875948,651.639679703955,0.567939953145139,6,1,1
17778.013062043414,18792.375913978576,762.0891442983866,0.38347956503658553,8,1,0
78810.40961842304,10596.368965895203,586.3904263825091,0.46505784176108783,20,1,0
79299.30587648896,34037.71801476169,644.2318150921833,0.6946488685726352,29,0,1
72189.36389637309,24526.436967521266,724.9217447101098,0.42789051163809577,21,1,0
83108.39210541127,22060.17506314879,674.3376857523152,0.21561640098399332,30,0,0
69206.1570771199,19263.029885935935,692.2185541087615,0.567038788083719,3,0,0
38423.5496094747,24901.017910026378,651.0279277949479,0.3128004949335225,9,0,1
58789.981233604354,18520.34635758395,666.3368794118094,0.24958055478109764,29,2,0
63455.700086368284,9079.067922722523,662.7224866356098,0.22388380550930964,29,1,1
53597.3907991236,21076.192077754815,627.4533562200027,0.1055545271673766,6,0,0
53245.91543454867,11559.17465551439,822.029389328453,0.7030351379548249,14,0,1
63148.160492257164,21855.134471321442,794.9653381794631,0.44435028887721195,18,0,0
48431.037879097144,20658.519375429678,780.9618550893745,0.7185704298540806,9,0,1
22378.226898462082,12318.107497062045,730.4614781225913,0.6532521746785218,26,0,0
67140.59458845967,36526.17892106139,751.259943565151,0.07115993393343176,2,0,0
89902.63088864717,29471.27458436252,632.6871822138846,0.22309967579085938,34,0,0
20902.421241392643,17505.591328437673,605.0535283068951,0.270752865550509,17,1,1
68318.3100990103,22566.84399351298,770.4808950823289,0.3928752665636007,23,1,0
44779.59142295002,21006.796302617026,714.7661364285299,0.5512900169532375,12,0,1
78599.6703017393,13131.419765722956,771.3730924729882,0.5265378910220369,16,0,0
72617.93001979473,23140.607362959785,712.2833362984793,0.741090358801933,16,0,1
86053.6379920292,16230.116898527176,630.522219869459,0.6963258204921592,10,0,1
48114.65013775758,5367.648065485033,600.4942579482872,0.18038670297659387,16,0,1
66314.55430160358,13397.333333400129,722.6183788308613,0.6519069928688052,18,0,0
114792.2720702755,13451.551416020835,741.0259174867846,0.6400546835763833,6,0,0
69058.03851525577,1000.0,723.0059794749034,0.452358876799128,18,0,0
79187.30919992807,30014.973358244308,613.9408442079342,0.2866845448242945,33,0,1
93063.61895005016,13267.921543217019,699.7006909428728,0.1960317565575344,28,1,0
47348.54166771771,14602.665912218166,703.0056627751076,0.19872015096326057,29,0,0
24623.848801909648,38257.96125162038,636.6250008641704,0.2864783218460605,28,1,1
31074.851980178362,9227.955172646098,777.8968577076419,0.40276255499908115,7,0,0
41803.80904614915,17150.029197641612,673.6104526540261,0.45867461671589566,3,0,1
56617.25394293176,3695.6465799077796,790.5684071253457,0.2775280547938208,27,0,0
74932.30834044727,12238.961235635692,711.3841278164531,0.2996053939696105,10,0,0
84063.59623610259,13308.372337750028,673.5531495281609,0.05946355856208856,17,0,1
43491.24979260526,28080.174066403655,693.0476713197596,0.0514836601904674,20,2,0
107894.72145974956,10494.311799864503,538.5747397601963,0.6850277175914147,31,0,0
91000.27796779736,25653.81713478949,683.7140419772763,0.05980960793873477,16,0,0
54881.8813797549,42300.533283558616,520.7944393730164,0.07318499432864266,33,0,1
112623.22140153078,33752.3418479783,647.6990130943188,0.19394471555238718,16,0,0
76871.34713776596,1000.0,712.4452542832939,0.5703789405554162,14,0,1
63663.96528350539,22447.381617608928,656.5142899592093,0.5252442904727898,19,0,0
46259.62005016291,32142.45422647428,790.5873623866545,0.5030239529135043,10,0,0
42700.2914983332,10546.762201758527,685.4955678400925,0.45246721419171493,18,0,1
83745.47578004646,17233.25720226746,730.8711115212998,0.19118929780862148,31,0,0
66925.90222550137,15183.213774519572,676.444510813568,0.3285536182891306,23,0,0
73489.64584746298,26592.12717618444,711.0060891461258,0.38467001696979486,5,0,0
42265.631302246664,13710.69223517416,663.8717840670673,0.45770996604872116,17,0,1
75885.27824405514,35199.81008963012,729.1741729231147,0.18890051671464386,12,1,1
66485.85519724537,29063.055909854695,767.1440599147494,0.5603235652736888,25,1,0
43297.56449234024,3885.0889111620327,694.1879081968722,0.2662402258034675,7,0,0
36552.22590903616,3997.0572783482585,782.1234964430605,0.5121568489697779,25,1,1
65771.57413946438,19889.601318951154,666.3816023277108,0.40978821554529665,13,1,1
78694.12015526644,16069.740270072863,775.8729025392498,0.46455012249301125,5,0,0
86223.14083252085,17321.133798029747,739.9799705008105,0.33920388437269644,15,1,1
69658.06049114962,12874.979433775597,669.1655302979763,0.3615483381761266,34,0,0
48872.42962448101,8434.19021138445,734.5543494580816,0.6577313632074816,33,0,0
65413.43149675894,18243.409133768215,732.7622821160949,0.3831127361281777,26,0,0
72105.25021481831,22242.27235213662,747.223132432637,0.6057221765116776,11,0,1
49713.39805268759,27367.978346408687,536.9138506680868,0.32651720928533673,0,1,1
55571.7448788514,28835.54548969334,606.5327102710148,0.5403724994236808,28,0,0
65578.23230171697,18372.091469375704,663.7271791002447,0.21302663884569856,16,0,0
69436.62458915626,21214.468663620566,701.0177662926245,0.6919133005562466,17,0,0
39840.09362894425,2897.6985363374915,725.2356566017448,0.7270934334038266,15,1,0
53964.843364154454,24458.079106121215,652.962035157076,0.6809270600616517,34,0,0
67803.5677156314,30048.9572986887,738.7061304773683,0.2924921543565146,8,0,1
74936.0530615662,23896.17549103708,532.5890214551414,0.2435430488259438,5,0,1
67791.92547870557,17568.037719512184,584.9727534401087,0.17770773678446744,25,0,1
70839.55379525019,9377.245714933037,645.3379378734716,0.6610959928554467,16,0,0
70129.3316370229,9398.559019931441,827.0087291474596,0.13303151425838677,23,0,0
48563.68501955751,16261.532503944089,744.8795502249806,0.49963120265630057,9,1,0
92560.52674551288,22128.7649020308,653.4526135172786,0.28202478792128116,31,0,0
57308.66176886398,1000.0,798.4396195261805,0.18154259638359177,2,0,0
49901.24869368631,6092.406789960105,612.3298329754373,0.17913970854592792,18,0,1
35835.997046978446,26453.510678145,629.4031459853946,0.6596790636904507,34,0,1
54665.21990745197,33548.897551047005,699.7766774247762,0.651874375233237,26,0,0
51111.91786090618,16425.683269325855,688.5295869780101,0.24042013829764003,24,0,0
57468.83536598832,23899.338096733976,709.2327101517626,0.07363685418719687,20,1,0
71368.3276371071,16959.35844500958,655.7629806701865,0.6583607449678739,1,0,0
88791.97067649427,19110.780925945306,728.7057312079484,0.09012774055368876,19,0,0
81261.55794727552,8137.675186364253,689.3853090955045,0.10930412989406804,22,0,0
24730.429562239522,23007.922686662565,766.0257985839877,0.6253444910409615,32,0,1
85164.52512753067,11319.195831369485,737.2037113885046,0.6220537195975824,7,0,1
75423.56311090794,20194.212724953784,634.1135555350317,0.19174278481444684,29,0,1
101027.5132241825,24774.112928971575,597.7786743273753,0.07675284012476628,30,1,0
52244.66192256096,23651.644063851807,755.3660600372486,0.09408753867855443,17,1,1
44847.26287877944,10740.781303043823,603.256474186732,0.3673724689260958,30,1,0
82298.23462541934,20430.880681914994,754.3254474350633,0.3427642075160708,25,1,0
80074.90052544523,12824.114163917055,661.6597817905771,0.17760227266433126,23,1,1
51463.25267920983,24656.176867161757,724.0721555614999,0.6863281831412711,4,1,1
59918.9213724617,25524.349841429233,637.1574483874117,0.43668645086979097,10,1,1
74574.91264580392,25023.092191926524,713.0685197979838,0.6151372468840155,23,0,0
71974.66997056582,31480.720075962912,761.0023711525295,0.12260821036238827,0,1,0
64275.31516674454,22828.993083535992,649.4860969264347,0.7314209754720735,11,2,1
66847.03443920531,31994.840910281135,618.0691983152876,0.6168163527648307,22,0,1
48633.678985872626,24752.278535028803,624.5126416376335,0.25147682953708916,24,0,0
60964.07391222699,11965.978227861553,515.7775988816713,0.06454988569074074,11,0,1
37295.44263390355,20452.202566614065,621.129627423766,0.16515615126806954,2,0,1
64890.87007227275,27949.547189571265,766.2384761245148,0.34295431597024745,23,0,0
37603.53384940198,28623.693602115178,561.365815538043,0.05208981667234053,25,0,0
42930.09311119628,14552.822694479026,643.0223261847939,0.07858835613235897,14,1,1
128739.70914312065,14444.383304210769,690.3132038107241,0.11904521521297387,30,1,0
27007.01712870194,24057.612981835835,688.6891085181263,0.616801521953503,20,0,1
84498.38820094359,11568.668883411556,621.9353950397652,0.43280606346447337,20,0,0
70444.7673817189,16769.12818616569,772.0840683680602,0.18368653084787623,20,0,0
71005.65581161171,19588.795466264357,733.3478545376097,0.23512639050262507,24,1,1
43660.60814266394,17272.69427513955,612.583992185919,0.49952512416435013,11,0,0
79597.23562174682,26011.546948233932,669.8129855808869,0.2730271086510193,17,0,0
28647.65058412899,25357.643288910764,638.6204645437246,0.5274927532240852,9,0,1
55125.76929146776,20042.28714094396,714.0674092196433,0.5947597704254063,5,0,0
65372.45729722171,8513.11960242456,783.639422067464,0.26463710315097355,28,0,0
98264.8299385649,31179.45525611572,715.2020145738388,0.3065588837525837,28,0,1
78111.80694642688,11743.754564823492,792.8978060538277,0.08505195430138476,28,0,0
56366.118663878966,13601.989555160075,672.7334338263486,0.623858837229832,8,0,0
59421.68939525168,11084.421866907167,567.3059513055842,0.4742492516040106,31,2,1
76467.41829947312,5010.462927823055,629.3972054399198,0.6717879463773154,12,1,1
40759.663706157015,27304.77799255368,731.2508876583097,0.18224373143651684,10,0,1
87198.8394191874,34687.89537866411,675.1754433527401,0.7224203092896925,33,1,1
63103.59901149002,6934.671196193336,688.1578614779298,0.5447149708304627,28,0,0
47495.93430622404,1817.1743035714808,649.2306548000041,0.18762723833115624,11,1,1
37101.41735138724,19505.711171849354,641.5545424060631,0.374080269174367,30,1,1
15058.817371475612,21294.30743789136,760.6880204280288,0.5392656624588082,21,0,1
100036.16479174183,1000.0,810.5627441505113,0.061880853615872006,25,1,1
27267.259355509603,8772.79338352002,647.0349240973401,0.5962006500714366,11,0,1
74590.48720603698,30006.12765185978,635.9613652381325,0.7133761992348865,34,1,1
73675.91337444713,23582.363428056076,740.4225084344911,0.10704745574254126,3,0,0
55465.59952986785,29934.248675981515,789.5053798528498,0.6786824327675467,9,2,1
62732.82059206703,8691.120024327005,757.7150024032211,0.3751107503784157,17,1,0
56983.5501298851,18048.633360872915,816.16728269522,0.4109191019590347,18,0,0
69457.39197779453,17496.72950203703,761.5855524235105,0.638075608662296,14,1,0
57217.98420673676,27743.655846093105,737.8068850726131,0.46276067879614907,22,2,1
59215.652197073505,12333.84039232239,768.9183100928692,0.2959980288318209,22,0,0
63344.67867903076,13465.023985778987,712.3202647122877,0.562813774570014,20,0,1
77500.01201513664,22622.035738239487,689.892536236961,0.14682900774475977,25,0,0
76987.25464660066,25095.00705309745,721.694578645894,0.5163926010850206,33,1,1
62503.683208122035,13934.564468109602,718.2791901836741,0.5922366445206056,12,0,0
59940.32114405275,20136.792909461914,634.8193896793473,0.28433878427501225,24,0,0
76263.62134793925,26506.804541706384,718.6327794687696,0.7291628827205131,32,0,1
47804.86552695592,20866.843084608256,693.4387473542715,0.4984213056708176,27,0,0
41688.31994123378,14038.680007488338,716.4227938236812,0.11697508932039671,12,0,0
38168.00087349067,20758.507059880423,684.0682328805373,0.7263990986572321,26,0,1
69783.54353784889,23878.393191831165,710.5557642020912,0.5707951463557174,7,0,1
86885.78844247574,18751.677911916882,703.7158261004674,0.5369513369820739,5,0,0
66417.29775327629,22843.743022720868,603.9292408991423,0.22727482388590314,12,0,1
70282.74767287016,26632.071329604812,632.2375756037972,0.3812028211462307,19,1,1
54611.106639471865,21796.25052469659,578.3720776388408,0.6807356332812816,4,0,1
70206.22570348665,25806.78414308407,780.3459397712844,0.26570806465084507,26,0,0
67738.01143533319,16562.131934787787,679.7807001500718,0.34633228751539713,18,0,0
74657.50328871243,13708.889998371076,703.6638449484868,0.22972638743612295,0,0,0
17182.285854394308,30805.327981397568,679.7849763195849,0.20113116588808105,3,1,1
73570.38601611367,1000.0,610.0459821844639,0.08060053811073722,1,0,1
77613.10883768735,21817.190706922036,668.3161514274251,0.5658298273565088,25,0,0
77139.78337888326,15292.527081942266,680.8276360399802,0.11353144141148294,32,1,0
62575.27609784647,24171.997622892817,557.143611412976,0.42192695937248775,6,0,1
100101.72250428345,7374.833871400098,716.0539539733504,0.08485683639434657,28,0,0
83748.82213596255,21300.278043807484,704.8124255822762,0.7387138579446146,4,2,1
94032.43186885999,23338.65778983772,656.0516631824745,0.5466120403506122,8,1,0
74068.0676633719,21620.283975353028,782.5710638550988,0.4912692427243109,12,0,0
65023.395091981794,10175.500289695123,707.5733365686947,0.1804753950345131,28,1,0
76832.77874150923,12606.061743376136,743.2993340161469,0.4196378434461828,17,0,1
52479.31991469346,24329.203657924038,707.5984246349274,0.4024906555984439,29,1,1
81565.4695907348,17055.124209717684,708.5385135242626,0.3010540793573585,9,0,0
55919.99438923846,1000.0,528.574262485346,0.15927836183720379,18,1,0
53216.02653835989,13734.251423298225,643.4326329591343,0.3069916544856796,8,0,0
38674.90943235533,28671.41725986616,672.9934321290879,0.47637284919480705,20,0,1
85120.1829814925,16699.901376556278,603.1850821917892,0.39114526489292833,0,0,1
105283.86297316123,6131.1495753867,662.7338849296432,0.44903097011336535,25,0,0
92361.4649626458,14795.513295730896,744.3414107911034,0.45041252288113254,13,0,0
83020.67796029641,17844.31305753714,680.8066392513235,0.22127235103592396,28,0,0
83585.86643462058,11260.53095545498,588.080448403631,0.12768263969506544,6,1,1
82898.34778156478,30131.21316514433,713.8158280345087,0.41522598355913726,23,0,0
62470.582376562124,15308.790573686361,545.149624637892,0.6746605161044551,26,0,0
57371.58650128795,15991.838384364435,721.442598727271,0.7467561714135575,1,2,1
45527.130917849805,16626.644129819204,643.4485110999751,0.600129688967957,1,0,1
102238.93683842485,1760.321782418514,812.9355164461492,0.20478175971716345,15,0,0
60989.67620872424,21395.55222802621,578.482977985772,0.49122635299264905,11,0,0
67849.26762162035,12682.322400208668,677.6589757891754,0.21720648864723158,25,1,1
42535.59478538309,1000.0,602.3424910401219,0.45351661384024466,9,0,0
49520.06530763937,4507.712490242862,653.7326998734833,0.3864816300761479,14,0,0
45309.53735520555,17534.245019394315,831.8451679506683,0.3170889861689776,24,0,0
57814.970226248086,29068.860379415717,652.3840590656098,0.4991474846886661,3,1,1
77753.62404563183,24462.74648469736,596.0790264489307,0.6503983731546026,25,0,1
74326.27466920041,22998.033196628297,723.9994501558895,0.2862335530770864,22,0,0
77036.58885290667,18916.33666061584,654.9997163653583,0.39037811603201994,3,0,1
64682.36217732035,21441.772795369718,654.7747229862648,0.3690774128139355,0,0,0
79975.95916244408,18885.55686291389,656.1238786920636,0.2244567824018735,0,3,1
62051.38353769592,11372.746705006753,656.4353997074248,0.34477809133846754,2,1,1
74121.8196011997,11712.259035395124,761.1266503511534,0.06510915757600927,14,0,0
57146.23344812358,18135.332240312924,570.4586075888404,0.41220241503656346,17,0,1
87085.10067681532,11127.806266007628,684.5795736851749,0.5545549240790436,20,1,0
47099.939864223226,2842.866594868754,698.5237709088586,0.307327994532704,7,0,0
87530.981051701,23399.639745420987,690.8730212313404,0.5726019259428684,24,1,0
72238.55797835311,21946.115224819077,601.7977929328592,0.5754592805002743,31,1,1
95343.07483707438,2646.975220113114,608.1327677646777,0.7388807539256689,5,0,0
51786.76445706887,6915.31980657677,657.6559808549976,0.4321609000762154,19,0,0
60385.02427880252,21035.376251584123,609.9355589504489,0.3328448729449731,28,0,1
59833.17265271004,7686.396344625102,701.8224645189969,0.49766702720459205,4,0,1
47734.403076686445,18248.373888490067,762.5982284716973,0.4886033975963012,34,0,0
104454.13434522337,25575.049057846343,684.2373784068652,0.741139530711977,18,1,1
50752.31065795212,13845.818871153315,658.1706187564132,0.5453857261559713,11,0,1
46511.80242569769,23955.53276698009,530.4517718364397,0.26460632265995043,32,0,1
94044.77611578515,13451.876536532045,700.7217583975046,0.18125689942005863,34,0,0
80325.70126838186,15032.323654463493,624.5394814419516,0.6049083274494212,7,0,1
61191.17851123227,21745.278490002034,656.9608928183147,0.17583171056145946,30,0,0
27949.684808010534,24051.339890184376,628.3549674483708,0.48920980069582004,10,0,0
99280.4909261647,6714.386612627206,664.9352473478212,0.14262137277898645,3,2,1
103919.37025431346,6132.8071654645155,694.6818298152057,0.5530937937650817,4,0,0
77207.82000406971,4275.815652619298,708.2216868220049,0.5980263554560836,21,0,1
75415.15546467887,33089.11919043469,753.5240530058721,0.7433779337397791,16,1,1
69088.75210776935,14081.411244308862,665.5862290628448,0.7179518956260414,19,0,0
56406.93543966239,11710.989048667034,664.3927679753214,0.5496649078446143,11,1,0
89203.11408059216,20629.30518560012,766.4723353514258,0.24427100306278154,16,0,0
57331.43357204021,3102.3101906303655,741.584719343141,0.08060268760385086,26,1,0
76157.76826717902,14631.71983570338,770.2812430266168,0.43866905945979134,22,1,1
69363.01192694667,18063.93920131211,745.6841173829895,0.5861862886927275,4,2,1
64764.09765206431,9252.447511558934,850.0,0.05743662689578138,27,0,0
47953.064198302396,7595.338104663086,732.1218140381067,0.41736089292259543,29,0,1
41101.03721844069,14605.46691199566,605.4015416199015,0.668021533248318,28,1,1
74889.53573099339,13583.797078009437,732.1005577457582,0.4960524918368209,13,0,0
56365.62133058299,13326.79449420698,705.9929091648065,0.5286467164516037,7,1,1
67890.10099105659,4560.252357839903,654.0493645695261,0.382032527409442,26,0,0
69008.800625822,4493.87807384279,646.8175647944098,0.7102050055023617,5,0,1
71191.75115444986,29326.43649569901,667.9425199152547,0.31225306921725404,6,0,1
62601.50778789712,6206.1041817782225,530.2872523877545,0.3153678503145846,25,0,1
77967.32836879767,16141.126732359995,501.73914251262875,0.41241641010751934,29,0,1
63365.24900679925,16522.32505824946,685.6143497864523,0.4601525323927009,16,0,1
60194.797922554695,13680.591452906054,645.3339734915676,0.42619757940642566,5,1,0
79774.52076361324,16532.120180498816,641.413720881961,0.6230420949973154,2,0,1
65533.922035928386,14793.437222378174,655.768655220859,0.634159091309475,18,1,1
69645.29759325275,14262.92541629499,572.444850042571,0.14216571535717826,18,0,0
83915.95555412947,27481.02386801747,731.8326809835271,0.4673146909105296,23,0,1
73443.00973426382,9419.815539295658,658.9872001339097,0.738729448848389,27,1,1
83637.82586002146,12280.030808661995,682.6688564340283,0.469760786633713,34,0,1
33379.95524414742,26214.883518088645,745.820681771707,0.5317148700812279,34,0,1
117862.52630797925,12688.199603052195,655.9031613691334,0.6529587538213126,4,0,1
79410.85283208359,13965.252798844587,742.2512866711172,0.6566213189996154,5,1,1
76976.32282152389,12569.808853986371,705.4278269332533,0.06203353209688648,28,0,0
62240.28202871323,27433.802793519422,741.8178136122569,0.21760272629602478,22,2,0
35000.911896658174,25992.277831270952,747.6584557480335,0.6540147482835438,31,0,0
79373.53125021278,7326.35040738749,715.8650132372846,0.516970469737292,0,1,1
87181.3052651622,30721.613931110514,673.7680840285605,0.4921940520455479,33,1,1
30896.33117106551,1000.0,714.8512639251495,0.6519608991378465,27,0,0
82717.38830040442,2923.703643330922,606.8098936795554,0.6145850670879801,6,0,1
95880.18348988661,3747.3871173420903,706.4923690482606,0.5759454227967777,28,0,0
95074.53816961158,8076.595238852162,735.7805381275932,0.08314697517317146,18,1,0
75624.57893199944,14111.938730725926,613.0774052915042,0.5971584072027739,18,1,1
63440.43099072728,8352.55089232098,770.0297186172527,0.19042651215775475,19,0,0
83957.64273106793,7114.818262632429,675.744059610015,0.06820613186762425,14,0,0
73277.28797113852,22157.37834271341,706.8441930297091,0.3943229091736945,23,0,1
72292.32697235305,14720.719451084078,595.8044315646931,0.7096520873565926,7,0,1
54462.72057471289,24600.337641937916,524.4937631742415,0.670517224484097,6,0,1
32737.115177784304,25756.107667270066,764.9637782175384,0.7374400613033995,18,0,0
82142.46259647963,18861.034349888516,670.4186360835703,0.2225724979161831,27,0,0
58512.085688783,23695.75291948613,749.1669243518905,0.5367750323894305,11,0,0
45397.206729605285,15722.07362824709,667.4627108450735,0.08909239575903445,25,1,0
42755.945928103654,6215.261007586325,619.0112760525425,0.612416960732636,34,0,0
61370.06160360802,4717.650908122647,801.2226440812308,0.41663489243222734,3,0,0
40540.841149073516,1000.0,674.8534456153714,0.7474002549902516,33,0,0
86572.67383063042,24258.352249447664,687.9611766873106,0.2179961198919126,6,0,1
75831.2246468692,18722.635238348914,667.8417300184067,0.5992537663918629,26,0,0
87344.51874003417,1000.0,580.0918223395586,0.16966898449534573,2,0,1
44383.252478588816,23115.054239718753,717.8773606278296,0.25102745168022367,32,1,0
37090.20516107981,17900.38049410739,709.4737309425478,0.25689413980254044,11,0,0
100140.25205373371,9157.340893334154,742.5997773887372,0.4545069094864932,18,0,1
48990.243618168424,9042.769652220211,623.137984117215,0.30557670882530175,16,1,1
66909.5140694265,14790.148699388983,569.574433141953,0.3571005311145358,17,0,1
49728.43224158286,28044.140598982824,720.0433004429509,0.41526419362724193,2,1,1
48560.13960933253,17686.721311923942,771.4590819288816,0.08935405212657387,12,0,0
76897.64514718816,10867.380255875269,567.4731117333728,0.5157536283879477,31,1,0
62425.299108921965,37327.00584242228,582.2908679327802,0.5044868365961984,4,0,1
91273.32035375987,26248.381056248654,641.4334156425159,0.7253612901972267,24,1,0
29326.481537665808,26083.579183627542,575.4605309020865,0.14337102597649354,21,0,1
64644.58618046205,26703.32461727641,652.5006897094114,0.07167674896532145,7,1,0
54775.52281013033,28636.289511822906,706.4306760565004,0.14325881114502648,15,1,1
60085.96838581974,21786.261027383476,731.0858926774637,0.3457253954688694,31,0,0
61478.4651545318,18183.2133305093,717.8085622653526,0.19975342685179132,4,0,1
77863.43156500458,18960.48312080529,669.520633147456,0.2014225660558724,24,0,0
61291.288709519446,5574.637614862624,769.5481810573212,0.6585786015091194,15,0,0
61497.39181328916,1000.0,546.4620342965632,0.2766817160114926,23,0,0
99838.59275811151,24384.128456939296,606.0877533895651,0.34175808801717233,13,0,0
40600.238058729665,34379.32757445768,682.3209028676087,0.528905584077936,12,0,1
43282.91052265201,14596.189716537698,626.1940530931716,0.2879594285751896,22,0,1
102145.43293939825,30491.118882303155,670.2937583614945,0.43804948883957645,24,0,0
99178.55695388888,31818.036717454386,713.7041325909455,0.4160136666802837,26,0,1
29131.94070803801,13355.399117509482,641.3819452908639,0.23306308859400615,7,0,1
107860.72931851266,28882.822200575956,641.6767883232724,0.551965950068087,17,0,0
76578.77421424574,23694.588374420313,661.6014179022037,0.6338795145948669,5,0,0
50829.321959258305,15075.234787512529,741.2863585704758,0.5984188795921126,5,0,0
65109.58523453021,22786.09875354435,724.3761022908742,0.3267027761440144,24,1,1
56410.486665369324,20574.41460552232,736.3149412281477,0.7030709545218876,19,0,1
65013.10287635228,1000.0,690.5794076295239,0.6792751530120053,22,1,1
56700.09801101487,40400.48248382719,692.3015377364006,0.23678498545552196,16,0,1
41451.383831820276,8333.12548010871,761.5489721947157,0.1367589275719675,31,2,0
38563.50396366406,19763.674097229916,620.0038310271185,0.6756655043230942,15,1,1
69303.58482543394,34509.89678460063,763.2740018268869,0.5713996609234184,19,1,1
48988.99298493387,15550.73510600632,692.0366162387695,0.26769337116200426,2,0,1
36526.512130545976,11321.445092523056,683.4395317233012,0.2634137331376162,0,0,1
75630.18177685255,19168.77929179876,644.5419210093797,0.27551773215644276,34,0,0
75417.42087123793,14887.291101607076,764.7490751762483,0.6529337704418817,15,1,0
75428.61052887262,29014.08449953171,739.0603556854345,0.21816189178840872,3,1,0
66556.72233504587,10473.93803902384,585.2688250557665,0.5057607021558308,2,1,1
47468.45551007117,12851.113108010442,702.7149509267156,0.6341106689669055,16,0,0
89070.50185978922,17203.55387776834,629.3869794066424,0.3211417749860154,33,1,1
82628.77099974974,6403.381213519784,661.2596701345415,0.09304385618477606,33,0,0
109586.89002957827,13037.255834253956,574.2829689611178,0.5811978047102595,16,0,1
90206.6235323635,13113.063217240313,690.9648437446381,0.06390862266950795,23,0,1
71369.65771706251,6591.868887558896,694.4813911180555,0.6316148485870354,1,1,1
100332.00034707726,12416.09017905888,698.9307329589279,0.3026024491351034,13,0,0
66477.60252957465,24657.143530522157,651.608871376014,0.6109246641736663,9,0,1
66641.80571330464,1000.0,660.6619155875766,0.431752822305497,14,0,1
64052.284896942176,27131.49656091016,548.278640179069,0.30145135767660114,17,0,1
54919.206669734354,13280.038468015246,747.3679558776715,0.6795299493950197,12,0,0
109509.66897103589,20943.06345279216,555.8650144596251,0.5869311447752273,34,0,0
48379.69002285416,27021.102972136126,707.8939858859491,0.10649520631143053,9,0,0
31846.698765764784,9545.470084056746,664.1737320968365,0.70141399910329,28,0,0
55673.373337203884,22049.90713429953,720.1393812992629,0.37690536306294836,33,0,0
72305.31747219466,6216.334740177959,690.6071083793115,0.15427432290700088,23,0,1
54181.36750386555,5420.476647952506,611.1140649657274,0.5898481376601007,26,0,1
57889.17553882886,15787.999523790855,719.5814909809026,0.41232920080549207,8,0,0
26579.23777760181,16558.862553944287,676.957056942916,0.5209136615406909,8,0,0
40012.80022079474,26681.428221780785,664.0455796412298,0.5358264345605195,9,0,1
38635.632971711166,4724.399886160003,696.0130999729014,0.1880338872134245,11,0,0
81746.48108233066,23313.198201163366,760.8536003617921,0.7296060584248166,14,0,1
36982.51279081087,14246.126411451241,655.0436163127921,0.12388015993256928,2,0,1
52003.13657386708,16724.935196607235,706.1953077726432,0.474056158627819,27,1,0
61218.32563191584,1000.0,694.8059300938721,0.15243123133399133,8,0,0
43427.07033664921,15910.860602173529,650.120541800242,0.6641094262582523,29,0,0
70519.4922130713,24617.82951530926,638.9934688599108,0.17127234141612596,22,0,0
73998.44866040311,15104.766807192223,609.361614187465,0.3587259598668449,29,0,0
94237.63611056382,14546.244855529958,715.168729721912,0.1108103717394817,15,1,0
65054.28124429851,34485.80903068861,638.3400586703924,0.3636233299082649,29,0,0
22685.168837464575,17370.33255931924,591.3359068045072,0.05284359891167809,15,0,1
53457.20368590337,1760.6755724956802,675.9598000167435,0.3604291239291733,27,0,0
59313.23593335218,3631.3989611813704,748.5650312041404,0.5315246120346012,19,1,0
90775.91253971336,31048.414503966167,761.6777167892037,0.17798101559049245,13,1,0
60432.07450195439,13262.876206477365,480.27165686565024,0.4370900196198389,28,1,1
73145.14562839494,25069.884230587704,688.6291971508664,0.38206853833832355,18,0,0
58948.88326089064,14392.626686058617,716.8411264515598,0.2844866163473541,16,0,1
75828.73096889252,21389.74222428589,713.3846099775408,0.5195592665354215,0,1,0
52376.85730156445,13746.164650553272,674.0739763479991,0.7465967417490511,28,1,1
31551.21394358793,16532.50638884684,792.4194086937148,0.7064453761989407,28,1,0
12423.336295616573,21927.710496841428,768.1673971172157,0.7290721558620872,23,0,1
75166.13298540385,6522.521627103555,673.7651296981559,0.06414909204824705,18,0,1
71561.63891537611,20433.37874624026,650.9295103603373,0.229476370080408,9,0,1
73039.7160421655,19547.402929190826,703.6265646335376,0.6959293226287031,16,1,1
67376.39234488318,3955.7867047049094,713.4692398410128,0.08380500361764967,16,1,0
25777.47196571873,41986.744755816995,683.5080595801892,0.3053662869086433,31,1,1
52069.77096560092,14611.85705509215,689.5725781411378,0.5065415342637354,15,0,1
62991.12459676123,8391.712929616642,787.1311034444667,0.7380908760523663,22,0,0
50401.94527717952,31231.46044512462,789.004811673131,0.24304041289431894,15,0,0
76379.46288056667,6637.244612197521,734.6044140696031,0.5849286668495767,31,1,1
61901.167044226284,12375.606315907407,744.5469401714429,0.5122583316323985,1,0,1
78160.94332680323,19263.443920479313,739.6628497070409,0.47942778981114403,5,0,1
88103.04207475692,12590.831862373674,666.0468530132536,0.5700542002588951,9,0,0
73873.82139034102,22712.750732411663,711.4589537833947,0.22774793956127293,33,0,1
68382.26427510056,22874.950863788286,698.2118337729611,0.2870791613773314,29,0,0
38713.737556758875,10931.988932997458,766.1101117906762,0.4423247475841672,5,1,1
66180.85235381174,31201.52833353774,700.453285994153,0.35728679249640644,32,0,0
32937.50463683033,15200.046453970806,740.1192530328291,0.5553945760460369,4,0,0
40869.7832319675,19793.410248920478,671.5248897778881,0.6104396610602738,27,1,1
70793.43128768048,14482.38478161531,728.5468619239773,0.4196069998887246,6,0,0
39687.14039861198,13985.426328451253,699.0367408402441,0.32576944105044936,18,0,0
110368.34871593572,17350.29305593494,627.3423729649436,0.6882921874182749,25,1,0
83274.0524743611,34616.24971430406,730.7188153119889,0.5748942890444134,16,1,0
65992.72927299241,21769.953373052147,752.7500573343068,0.5212699512557096,18,2,0
12000.0,8514.639356645837,564.5374915211244,0.09010953115685916,26,0,1
27042.90858733831,18710.283788915658,558.0824492906281,0.41949090547747814,6,0,1
110578.79740954924,12941.146507988036,696.558540473715,0.1350514112373299,16,2,1
54040.30929794374,26737.04440526321,707.626286112399,0.5123546536742463,28,1,0
88673.2431880442,16990.262598964528,616.4474061408783,0.2597388329011112,16,0,0
54592.8663110131,5198.63961706066,700.1023048469337,0.5669531445936686,14,0,0
45018.445887169,21661.054831502028,673.3543997387831,0.594706471954312,15,0,0
43673.13438482156,10530.81751358293,537.3955527103963,0.2602866175439004,32,0,0
34301.26058456291,21629.64135759347,692.5976845873098,0.7333866800062775,10,1,1
76346.93712964395,26608.909752644176,611.9659185097117,0.41168631967699193,32,0,0
72610.42395759838,15427.630112521165,720.0774299231508,0.2025092040352639,31,0,0
54189.589977042204,16545.742910452,644.7184576512232,0.592637775370903,27,1,0
23489.01796267215,19535.475491471327,704.709478275854,0.5825203093054437,19,0,0
60005.55699304505,12037.668581226568,762.144992412964,0.33972585235684155,28,0,1
76211.527322333,18808.30174089072,650.7266207453113,0.5110285783678338,15,0,0
109185.9226789872,19876.432397477503,670.9695722140335,0.06520864843733615,29,0,1
85494.31600815659,10019.493108272098,767.4329722053311,0.2538609199493643,16,2,0
68844.33447875721,28782.17536717571,719.6289601598321,0.6670312614515742,13,0,0
48086.402198520766,2510.5244886726723,674.4961334266494,0.2124784620405606,23,0,1
89932.55623995795,25266.586760132188,782.914611061276,0.6839103065727626,12,0,1
67291.64847108019,30415.473585003165,665.2193500247006,0.4559134553404261,17,0,0
68165.43506262939,25100.64255429869,663.9970891937419,0.6820379136253072,6,0,1
88617.38119019193,8480.967250429176,616.8713382737884,0.14160979756104086,10,0,0
60129.974029534904,25785.593758825973,719.1963605703188,0.37475015064897127,16,0,0
82940.51932686758,36938.48574660366,607.3413712169482,0.2575213629856757,18,1,1
40987.89397333618,16380.514564988804,774.1758705704881,0.6708452906965702,5,0,1
50718.00845038143,17994.524728346143,640.3001949375714,0.2890913830045007,17,0,0
74431.35295286294,24939.497421864493,711.9952826975093,0.4619240469985772,9,1,0
63802.91401296289,10146.465894439913,682.9361491374613,0.6293496412890504,0,0,1
59797.125399995944,4193.834454347427,716.0652424325951,0.21031613276967037,0,1,1
41226.286641203114,21790.923370725915,708.1885787040508,0.08201842929669409,26,0,1
84215.26628981944,18328.822029555613,686.4604027954034,0.39589780741909386,24,1,1
31988.274670057574,8672.932119413277,654.5098246723531,0.5285656782072949,25,0,0
82533.44605586579,21466.79110594975,698.1631161603127,0.5534834784033941,9,0,0
66018.94168154905,14861.371351043257,767.4363734758133,0.3420373526517981,7,3,0
66330.52406885973,21380.921017662567,658.717894634474,0.10503360335614853,32,1,1
64010.71715634279,19697.839298250277,601.5722409631697,0.3322034935729762,28,0,1
47708.643292135734,19208.743490706536,725.5226158820197,0.1353934613232461,33,0,1
64299.54638907329,17871.30917450974,698.2118410018836,0.10055358980792697,26,0,0
72312.5381875925,2218.784577040731,774.6292877060611,0.2624046626597487,3,0,0
73242.38312606027,4471.7335561214495,718.2474462676292,0.5940539484204683,4,1,0
63001.48252675294,34175.93891585617,767.1972776561983,0.5878411774822934,10,0,1
62736.67041889437,30458.88181030398,801.2592025701603,0.4756258169230585,0,1,1
62588.97683213958,15504.99854473994,660.2990482328748,0.6283677553968171,12,1,1
59875.6181149743,21860.84259438383,672.7089405146216,0.4005763318780012,19,0,1
29705.847158963457,2966.1786260459485,757.4205061311667,0.2204111413605399,33,0,1
54590.2144577794,4617.948764298246,685.5895239750514,0.4489797741225876,32,3,0
44224.027211285844,1000.0,651.8072804339236,0.696272105452604,13,0,0
61759.9045431346,8286.596467409889,661.3030685400519,0.07529049213924162,11,0,0
46652.133909275835,12148.937167133547,636.3504402510226,0.7254009554454085,10,0,0
71898.16317468621,24363.47819188147,538.725946931632,0.5710220086614225,0,0,0
88765.55427480137,15901.455555336655,725.4534483185085,0.5303692327618879,7,0,1
58605.676849093,20391.875843590464,629.1134127780426,0.4796837370642276,17,1,1
70444.21311371344,14670.544599551991,578.0825694262584,0.23041585761700728,4,0,0
55536.98381340619,16785.995853813823,741.577137215153,0.6700203748676787,30,1,0
62934.25506942379,14713.968387554061,579.426049672811,0.7300227390893824,2,0,1
92215.3876839483,20331.939012646737,758.964401015992,0.696893561407591,21,0,1
34094.841684224826,1000.0,726.7773743445927,0.1261693189237868,5,0,0
51514.65042337141,17962.671421993728,711.27204703779,0.5655586455173488,23,1,1
67112.28851322536,16598.766582552365,597.4082494304356,0.4396587877160409,26,0,1
61660.68515433742,33002.69864813237,552.0609894731864,0.6018358637540258,20,0,1
57497.80713100853,20046.01987481505,629.479083866219,0.2966004767397678,33,0,0
41398.804932492305,32307.87628756532,502.25675078888287,0.7198778871020527,34,0,1
73650.13187827547,10917.966751198815,516.3216345723772,0.26882579543269913,25,0,0
62980.43609181574,11212.657563931476,739.8362423263278,0.5665850060000693,0,0,1
77858.49276479708,33106.108338226695,820.8246012126427,0.4026671857281574,18,0,0
85781.68096210323,15864.309863592209,688.3237929356885,0.4818197515318605,25,0,0
64161.04967030842,10727.432917034701,682.2741188371841,0.13096714551383054,22,0,1
91513.56206309388,18191.72534191525,637.9556970357338,0.4775863020579615,33,1,0
85908.50831535512,19715.236336019567,742.7737659441399,0.44447450295249097,26,1,1
56271.07112091752,29105.548542835553,571.8202592496173,0.5532485696378779,2,0,0
94290.9030529914,10775.49989988316,693.3852387532485,0.2513925875306408,12,0,0
78121.32796218945,24669.30130882828,808.8430170721131,0.6325989514651293,15,0,1
90560.3216093075,33769.85069710387,691.4746936290603,0.7116928407992048,2,0,1
28426.21672172285,28058.2266829663,659.7308528084177,0.6674139576485295,25,0,1
78407.75953608313,34274.573960003596,787.3258217034138,0.32394662751220377,4,0,1
71232.77841460051,18108.859967208547,813.5706725968507,0.5835437655971207,2,1,1
48660.75237675226,23437.997634985968,785.2014771097105,0.30552042309011596,27,1,0
35027.32219355765,11035.07261205918,674.1079704261804,0.6541794299771364,29,0,1
61990.66989709308,40161.651231264404,739.2519941847219,0.3127724458940829,22,0,1
65998.79363872093,26075.249352349885,786.4735413272715,0.1802291378036222,17,1,1
53234.73564647079,20070.78779814028,645.4738215129108,0.39234337256762336,4,1,1
49996.6275075488,17509.301482139166,618.3479188430072,0.14456124892022926,21,1,0
54016.57463112946,1000.0,709.5927944383632,0.4608464988527973,0,0,1
51531.75600028969,1000.0,608.8380434662619,0.45359578488395946,26,1,0
83620.1272499642,8161.196572506,596.3898709383828,0.3935680865476526,13,0,0
48934.65082103781,13124.895615384612,641.0216772106787,0.47261108789094414,8,2,0
32098.016672473925,23838.69351936958,620.8316779354794,0.7327207218413242,3,1,1
80715.2911365151,25275.640936898395,611.8363462490939,0.3182941037626139,24,0,1
83283.58174777603,17998.595030350258,690.9229613804888,0.3459422596461625,30,0,0
62592.96883190227,20909.85717482226,699.976047354846,0.2418195694358437,31,0,1
42446.088991843935,16382.317039119613,583.6938038230975,0.17911830994921873,1,0,0
26215.012463798215,27865.17982681176,707.2753307608945,0.25243103926147864,1,0,1
65696.38232226078,11428.412730650909,692.9317090514065,0.19884665666122142,13,1,1
75252.97373779,15172.528530070153,609.1373089204773,0.35272838163763454,14,0,0
48743.42746824236,19720.605597263813,681.9336499106383,0.21331947737735218,24,0,1
81040.47262179421,11050.165476872167,698.8772120516445,0.41214396377786544,9,0,0
36368.23441989969,4577.678015158996,705.8106866758731,0.25041709593801464,27,0,1
66429.9560617032,21212.554656826025,742.35577477894,0.34727474440608386,7,0,0
24320.810749425276,38275.760831502164,737.2416399122366,0.14048098085018876,13,0,0
46022.887222674246,19014.091721033983,683.07510487332,0.16476630988175994,19,1,1
29956.775581172456,24726.25212285254,617.627771748058,0.479881457703902,12,1,1
76282.31231018133,14952.845971441582,646.7964988803079,0.44572821372652294,18,0,1
71821.46182658603,21587.612587041578,694.732141328686,0.1698522055610474,33,0,0
113977.99118873918,5268.790350628364,770.4385700337654,0.2563666346103574,25,0,0
68885.20773561491,8284.757701639866,519.2048852900058,0.2050357989401021,23,0,1
56404.71147414203,23492.239345145616,687.2273019931403,0.6082198335603094,20,1,1
44373.09626341524,15865.46660044348,669.7583855071424,0.30536787451131003,23,0,0
84716.13764981927,3014.5208940131633,699.4006337939719,0.3341743092590707,7,0,0
117857.56749781144,14227.904257645214,583.7935300833168,0.515427344818024,32,1,1
85180.02312084654,26306.037082010098,743.9745659101438,0.27788309313039183,4,0,0
69234.37410198037,12370.26257955446,678.5999692636757,0.31446445465760897,24,2,1
66395.52563781245,1000.0,661.5082162544567,0.6085309575033775,16,1,1
32367.871095393486,33810.15290712446,707.802827387324,0.6061718032125967,24,0,1
82595.48576446775,19030.604835674832,702.7239951040594,0.4731992208246958,32,0,0
50636.656684281035,32658.95622493087,681.7988697101066,0.4412842840651813,4,1,1
40968.267003490066,21172.04736127734,641.5644004047698,0.17670665496831123,14,0,1
61256.15351486718,12151.82976320857,664.8402862677858,0.38122815592986714,14,0,0
49419.8511960457,21191.675555133283,681.8679777740319,0.24205048022308218,0,1,1
46522.88626870529,20856.867290821137,807.5213969565427,0.5608258982894776,17,0,0
55222.0349208014,34508.626450832286,687.9784392432663,0.4895578696070293,5,0,0
27187.913894556565,29567.046901742237,726.6435299939908,0.3143679332608042,33,1,0
59790.148273202954,24169.52347467872,740.4066826897603,0.424566162934215,1,0,1
69820.36291721032,21453.130968038447,681.6740184173464,0.3447526765758459,16,1,0
45207.69832736775,18725.724722867908,775.8820607048739,0.15250545003614036,4,0,0
91944.31866986841,12781.920976664878,562.3036777995178,0.596539592032173,19,0,0
53555.50450634954,27685.08649875735,701.8711787895065,0.6787756299771899,13,0,1
43441.763911731075,14194.56840912433,757.4796759427707,0.7012425204189251,11,1,0
81338.62432042455,15814.169981713427,716.0927949437781,0.6024345679582542,3,0,1
66290.14002614883,18617.59675982262,554.8655400208017,0.6251442784071225,9,1,1
91837.4424514383,12366.49479821956,700.2400660423831,0.089007406311823,29,1,1
97147.60459849251,13973.829186775829,677.1616152348523,0.5973237607282041,25,0,1
37370.975341208155,18021.293998678422,684.8095466294916,0.2623894457666582,3,1,0
109526.45298520802,17288.817489985493,657.9696934037005,0.14647471839599807,5,0,0
17968.76251526265,31101.807833375315,739.1256435680233,0.4153278389051478,14,0,1
39634.438414848715,4249.107378660781,670.0512113454051,0.4492710531689137,17,0,1
38265.05650334709,23061.259144546995,769.7014720162779,0.3893668736093086,16,0,0
91972.13010982539,13663.673930875239,690.7807315671572,0.5069489948043255,32,0,0
75381.42996974992,14869.31994641379,638.4142000193517,0.549953391755788,24,2,1
70527.13531467255,1000.0,815.2193298620793,0.1459792244201955,27,0,0
16806.999428737086,11291.625756163434,624.6932485719948,0.48184683013625107,12,0,1
64546.08438783405,22671.778749556834,656.5626064676372,0.08811635250230374,31,0,0
113763.96224181744,11772.629115457354,703.0740525140535,0.3641353197484001,18,0,0
75311.43473763204,13713.296261628639,576.1865079050659,0.1200347063365922,30,1,1
58437.09924619133,15263.079541257215,694.0602958011962,0.3647309249835087,14,0,0
86625.5290355953,19823.00079170478,638.4295468338025,0.1728102397315096,22,0,1
67913.92807004039,32964.95185558821,838.4191882737332,0.5641011926792183,26,1,0
55001.84960462524,17341.48142964551,663.1274002432885,0.6797064819647773,0,1,0
51413.99848451401,44013.89426019277,609.6183768164881,0.1686780134773463,21,0,1
75846.02068100707,41270.48628457087,704.3514197509562,0.565659387561455,7,0,1
59374.70238128969,32751.264700876374,687.3827420316704,0.15230858040968887,4,0,1
68341.64612036142,27158.957193169354,736.7780503643087,0.3536031641265244,23,1,0
18525.674525705283,21116.942053373386,619.5771750187328,0.4878742590659836,32,1,1
62810.552897785994,31667.30353448784,787.4250097616768,0.4264083384079763,11,1,0
43797.116493355396,37009.696651188715,705.7875923079447,0.09000627898260725,3,1,1
85743.60138919474,19004.629064713106,628.985447720054,0.30385211703840564,14,0,1
43818.05844524602,20403.16014480239,688.2072104692835,0.37911289044102636,8,1,0
49695.36976752701,24940.81529432322,724.7613268356832,0.3239785451972903,12,0,0
37953.45243406207,17090.21852449103,714.7122719898761,0.5158489900102169,9,1,0
81578.64581913465,31296.152092971497,595.1281749756118,0.6717211912280342,13,0,0
75340.0842248473,6914.847642688546,544.6093614594693,0.5173630999402252,0,1,1
43069.57751835237,21104.322345863297,584.6968619150833,0.46297371054945524,26,0,1
46481.32520849192,7311.6247687938685,695.2289722637128,0.1543459154432678,21,0,0
80854.761971738,17650.470210191936,706.5615157777861,0.2941934706245982,21,1,0
105858.48759339427,11373.960413744444,493.42059236314554,0.43380108518878346,25,0,1
73957.39631556995,17497.71739144004,699.8423030572649,0.7038322806040868,23,0,1
87964.44229523843,2915.2803982601454,628.1263260172982,0.26334736384786617,29,0,0
59720.08122108594,23390.33280349831,594.8102331745536,0.2865704742554527,16,0,1
43752.39934488201,14536.856601112144,636.4259169305795,0.4626916243158252,22,0,0
61650.57543284445,27561.962773774932,683.9185208997095,0.6797900609319063,9,0,1
86717.60908854831,17508.788205517976,673.498151697806,0.43023986712194545,32,1,0
53675.266225204454,25569.062004244675,523.3266262235556,0.17208816813652306,7,0,0
58071.56310737631,13812.134387640072,781.5552327350244,0.10283509786039144,4,0,0
109496.6746449226,25206.845901894776,725.2401480915682,0.6722950281109199,33,0,0
100277.45032604721,36980.37689492498,690.6354019731991,0.5189599245555264,26,3,0
67865.5424663036,11127.54661518033,560.5276483760031,0.20436681210985386,30,2,0
88587.88366173663,25298.446345681674,622.3199777391162,0.5571504922756808,24,0,1
41222.90074203959,6803.837368403987,675.3335540424127,0.5537035718726434,1,1,1
78298.88814467323,16764.474514170583,734.1851357981643,0.5904871464536516,19,0,1
67136.58992860054,1371.6346927018494,755.6196045777007,0.6745218913900232,2,0,1
73430.28569976335,23974.71947803783,850.0,0.15642258317557572,14,0,0
38110.484560302764,12680.159701177192,690.525114634076,0.7197209600494022,26,0,0
34000.25205583668,24725.356314419867,634.2693468066527,0.7489656805600954,23,0,1
53791.945775066866,20741.50713643289,732.5248802495406,0.06014058054122578,34,0,0
37660.89964332206,15832.866683944556,610.7368620620425,0.11391254425051364,22,0,0
46011.36729079018,24998.10365204806,705.0060188567459,0.35376654963772025,7,1,0
116719.53078999993,27558.958611639566,830.3443256161987,0.07409242111956169,21,1,0
89631.6424442882,14228.465230467958,658.5479764030008,0.5644281982720168,15,0,0
71928.60507261642,27903.385210559834,635.7518494540856,0.5055110851004284,5,0,1
74003.30762483263,15960.64398020584,582.7460834205019,0.5930997880934727,28,0,0
73340.16623764209,1000.0,690.2458063371968,0.7488917091404054,25,0,1
61181.40674153198,19943.15747655312,575.1752608950093,0.703391501717986,8,0,1
71471.32153653605,12169.026653911016,602.7931128872136,0.25989454223281416,18,0,0
83939.08404366446,14551.024995347683,585.6992107713374,0.32752500462891143,6,0,0
60384.95088605499,1000.0,753.5434380964746,0.5931769950481544,24,2,0
93876.41866282701,20691.423783168604,668.7028057922297,0.32170610654097354,23,1,0
60132.14183651931,11793.9839226496,775.4638251438754,0.5390442103548116,33,0,1
45152.460275374666,13292.792899939042,695.1384957322093,0.6930358204666347,28,1,0
70246.64477607617,27513.77015491246,648.33420091281,0.3341143642870561,33,1,0
61149.59881464729,1000.0,723.3558906005065,0.4423633117093914,19,1,0
59892.92478102258,21346.05173179347,724.9174718962577,0.639022653074814,4,0,1
82602.35842653173,21521.991000508115,763.9023612408498,0.38436894573259617,29,0,0
57733.59471485193,20136.738361185664,618.1809028983481,0.25239210703259546,19,1,1
46335.49048403233,27952.009050329525,681.1129506502209,0.23071831958450023,10,1,1
57193.08313312439,25957.9766261288,598.8708840138397,0.10031867145082803,20,0,0
50208.79311951681,19169.706707386016,697.0296679783381,0.281253706878456,19,1,0
49983.11564864287,11233.027483538854,491.1782855789081,0.5301014562768572,5,0,1
84573.33360640961,13964.181467986755,610.4934571097552,0.09118908875818377,25,0,1
44553.719190902004,17791.435549853286,626.8998239305587,0.2420038292763989,22,0,1
67371.29929425898,1000.0,678.6237577415209,0.1281211384967897,4,0,0
58355.587353836556,13496.59068655657,751.9067765120674,0.3331346251751758,24,0,0
62800.77698154307,28760.72219494371,558.0595737173796,0.11537307156451927,28,0,0
24266.63288100509,14479.253523448548,739.5621114683664,0.5722356247849354,3,0,1
77876.33875909561,25265.61925805432,703.5531100646306,0.6996170482248482,26,0,1
59387.92638667134,25853.14914588615,708.9945531562463,0.1846327822952919,9,0,0
84430.0965141689,28903.584590978004,660.5413578133981,0.22540432934527516,33,0,1
72995.80934936574,15138.288102360066,730.405487085288,0.16210845475482893,26,1,0
65969.19024839996,15723.950975641328,667.0520907542726,0.18120130996960743,7,1,0
65148.139121108456,20782.15077610253,617.598760809005,0.2680966163468262,34,1,1
109789.33489857797,10838.87085737276,666.0269913398504,0.24681960987351753,27,0,1
48938.27187885159,11691.266306303398,687.8972301657836,0.3196192278870354,8,1,1
70841.79954037773,27007.28655639268,607.4028317547289,0.41745996924306206,33,0,0
69776.88489223547,11742.545510978027,509.879771674956,0.559273925152283,29,1,1
32729.319723096207,22594.730077189313,726.5290894413207,0.6691420883118624,16,0,1
63822.51034617453,21576.17576137312,627.1496421816311,0.371565582907546,32,0,0
33849.57968623222,17913.404853160977,501.6060574252872,0.6862813856613542,28,0,0
63641.741466571955,20403.87627938906,688.2700124888685,0.5258292075191493,12,2,1
32547.2231349416,24137.449310017582,668.6154056335895,0.5602361517044995,28,1,0
72626.25065824264,30942.211169371345,584.9753683952413,0.41557048778748024,13,1,1
39802.2722980901,9539.062341617386,634.270926016337,0.4162539912186568,7,0,1
64762.37198014386,9220.380178211088,747.7185787538268,0.4223811536383745,31,0,0
32510.476915555944,17108.336637420794,569.99104752366,0.39438444878614526,10,0,1
74511.72072523167,21183.778933393885,641.670955112848,0.37121495774574004,34,0,0
63428.76404272071,20535.786360400478,710.4244496756637,0.5921918736689787,4,1,1
61320.51403393002,33475.78406460973,572.8118143019192,0.32137733351006764,4,0,0
67800.78559660715,9372.189782708394,807.8847053267515,0.19471453374100423,1,1,1
75475.25816370471,3132.0139914825704,740.2420787192005,0.14489849427679208,25,1,0
47814.30102073075,22624.18177134582,799.7677993506304,0.6657057217975274,29,1,0
64659.593660976374,20007.79941067373,678.40734226299,0.65401834089628,12,2,1
55674.57176779414,16770.04658663722,786.4652343917732,0.2205498885242359,26,1,0
91040.51236114967,25266.949957307486,688.9962165042261,0.13274340485205824,16,0,1
56834.90256606657,3297.8034613528034,660.1091539745537,0.7223212423851902,14,0,1
48912.47798539161,2415.005159646509,601.0555162255769,0.38741182621460446,32,0,1
34909.64124490954,1000.0,698.2059866891617,0.11536400655134033,29,2,1
59651.02753365138,11614.287556752302,633.1418881892469,0.20071558748675494,31,0,0
51182.66372308728,28995.350458268327,630.0606988612892,0.5426311187177705,6,0,1
72227.59131669732,4651.597830193819,689.6368897526679,0.10692141503785951,15,0,0
69441.27837249257,18348.583527732088,801.9088548371544,0.35314488231391417,10,0,1
75622.56946799021,20744.421321162394,772.0546864093558,0.34930810854713773,13,0,0
39816.840681405665,31923.65908312521,737.2370973350469,0.5299747083931641,22,0,0
12000.0,10241.579128042606,676.7974608526926,0.1895826452632992,30,1,0
64980.374581448064,9881.228033643656,685.8411985364818,0.7386395009334122,27,0,0
81463.68308914617,27315.360499900522,782.3001803626262,0.15869532068212144,4,1,1
57127.47869243009,8349.437990182247,715.2373978583057,0.46885643819422457,23,0,0
100701.3361892917,28885.190582432664,493.3921379527335,0.27967158418518173,17,0,0
62530.79123006484,21212.128792447456,850.0,0.14301605351516256,3,0,0
50282.28023252333,2109.752970850279,677.8285167399987,0.42721847990317885,22,0,0
73328.8744487443,23878.706818445797,683.6309617191513,0.1686594916735525,8,0,0
92620.52172019286,22065.235533909658,693.9838306272409,0.5258940922212003,10,0,1
64137.76820316715,15821.278316201586,684.5459631013468,0.07270161261165765,34,0,0
80073.6131124778,12365.395213207561,665.9271503180805,0.40727621448519263,10,1,0
56545.910293735695,32539.54728390312,575.1645167512429,0.2032879994525601,6,0,1
56997.93394306478,1000.0,591.7681940798599,0.7149961805486995,16,1,0
87372.00466998696,4385.731956259895,800.0238081457741,0.5473723180449727,17,1,0
29571.207070445278,13243.23537795525,629.5667457549831,0.5786973207730822,25,1,0
44018.96969358325,22351.704150342437,757.3484189821295,0.5437450927987034,25,0,0
76611.63062244117,17977.780800306715,699.9480585587329,0.5161268176487012,16,0,1
58127.991528830134,11641.060885759072,517.8360317146155,0.1466336035044504,9,0,1
70970.26714847775,22769.5130682547,591.7928268962999,0.7481998556017386,29,0,1
75658.89204718526,2362.064396115329,623.4573645547439,0.5101629088990834,14,1,1
38637.12814141113,21271.37704430739,730.1120041885487,0.6781653286368619,25,0,1
38472.75756465645,15299.955306231679,662.2294469848472,0.4026642073798132,27,0,0
88058.8112890024,24039.44700812248,730.860816934927,0.25017976928714,18,2,0
57277.36605966319,22442.551430235486,659.9674214371978,0.356060547672801,0,0,0
51483.49408133732,24856.270358041475,723.5684447013257,0.32941160400883923,33,0,0
72404.00559976249,12503.784640275622,605.3584891576215,0.06117156300170207,23,1,0
84587.37108520711,11369.17479253895,645.5314262336751,0.5224566964521169,23,0,0
80572.22001443172,19750.00697107309,701.7260989336404,0.5663531341630045,17,1,1
74236.43542025682,4879.66354462205,659.1046845765818,0.07863895138434437,0,0,0
88152.97705090343,37937.396268897646,681.8876119903273,0.22216035813553342,9,0,0
75191.86131036983,32470.135139185182,683.101240893937,0.5151054153352806,3,0,0
53917.65985146238,3992.4463519867713,734.7368926273593,0.27532635652401927,13,0,0
70243.13520725419,20052.955304597963,683.1325549190894,0.7036948805415187,20,1,1
80666.78910773621,28640.085239003274,672.0801064980731,0.12881709878459544,25,1,1
48814.65573882586,14467.521301414985,703.071157064221,0.6996608420742243,4,1,0
53648.31954719692,11250.572376756718,717.4649551280432,0.6897715971526202,14,1,1
68942.79679238115,28625.85921135256,688.3759890824731,0.7190359186202738,23,1,0
78744.98618426664,30176.19418942626,603.0898632444854,0.10405940654691312,9,1,1
64534.871485965356,3491.540687865956,737.8541428626879,0.24068099003644255,34,0,0
70158.42705696149,19056.491033877828,724.8671307367568,0.22592395249103958,16,1,1
15261.336881492221,16913.47998035777,656.9239737866803,0.6697056127732706,31,1,1
96985.9179796104,2173.7334235153994,716.7434604249963,0.6150233917810818,8,0,1
80512.21457735155,3540.7388582997846,813.2412010942304,0.1612263133022771,30,1,0
79555.44884108311,9712.04691105784,661.3904444424725,0.14903457511364226,14,0,0
77844.77802144922,18141.78819709659,677.1885227501416,0.3818918401548092,2,0,0
79614.36863863883,29623.908936904525,698.414576528287,0.17133761480873383,34,0,0
92821.12639238339,1000.0,850.0,0.38313033681108855,12,1,0
87379.22877027561,19067.826666661647,692.8151156541833,0.6412862320369604,21,1,1
73562.28703863345,9427.624677978854,635.1768397065018,0.3999399776888211,6,1,1
81113.55614282179,22781.147913047425,589.2644079585318,0.5571116237734001,19,0,1
70554.21824100448,27163.387382154768,655.8916357326161,0.22505025745827334,25,0,1
49782.5574592491,27432.36965036013,676.713152658807,0.23605134879572515,18,0,0
54835.79651955597,17121.857813394276,722.5484251443827,0.46564821545378826,29,0,0
56593.43318862872,14977.765679359112,681.1413145762565,0.6467008638716784,33,0,0
61598.34336837208,29996.07562259581,684.1761957524402,0.42177709278365266,34,0,1
60250.9793854326,15019.67186490563,693.409617382441,0.18879689134507377,27,0,0
41902.70334043048,18504.442328436344,691.0306151964177,0.2024821978500082,34,0,0
69212.77669985035,13840.418182995627,765.5898822995423,0.481910405269012,33,1,0
79757.75884736606,21016.44617133437,614.1114015251362,0.1223752583288556,15,0,0
55689.158525659615,5699.679780233111,811.5982238646789,0.09583397458891807,31,0,0
58510.32623275366,15358.122487096392,775.5696294177425,0.12195498171599754,16,0,1
80087.41948352747,18829.930634545068,751.1396035529862,0.32464114790490517,23,1,1
68788.09287186024,27304.959596186698,620.9418499062177,0.2980591563338113,4,0,1
82628.63794915746,16453.85873350223,669.8829520886419,0.05150261472252679,11,0,0
79703.08366619874,1000.0,628.69713147449,0.1631704423925685,21,0,0
49178.79440810291,12686.031267609502,620.422180843141,0.2932584697273348,11,0,0
69527.92120252768,31130.806354088847,660.5585759749796,0.3509724280542475,28,0,0
77002.38072328885,19413.824388959565,670.3712634000877,0.3316080697675625,5,0,1
51071.41609338596,11482.46936360557,654.5621593015816,0.2737326192301338,7,0,0
41661.878819495,8919.548460892776,682.1113944840114,0.6183449630644172,5,0,0
64632.95509241877,21361.973412504325,737.9736899493646,0.3412142198381955,29,0,1
23030.399873423958,11815.449607950472,733.4350632810149,0.5011311441146403,18,0,1
12000.0,18246.083972813623,706.6715793164805,0.6327455609014344,29,0,1
77015.82038792822,11103.066643324468,674.3179529298725,0.647603266566564,24,0,0
49803.27780458503,9969.442880816607,652.4088537975649,0.649911417406694,9,0,0
58963.506798361566,14529.600951986196,700.6269443220926,0.3962530827449803,1,0,0
69823.30675260142,16893.58030162283,749.006992923467,0.512924858316653,23,1,1
64188.94997852256,17498.356543017802,771.7356812190544,0.2702697286112203,27,0,1
49660.20099996844,15494.838860865397,591.5413043743276,0.6532908966746884,33,0,0
104194.71352846015,27876.89898687786,674.3067192502516,0.19931679442738787,2,0,0
63429.62055044692,14323.865606590709,617.8370030866848,0.6013933481326039,25,0,0
120134.5561344345,30957.557725061008,577.6061018035873,0.37885113295941997,21,0,0
46204.43892914723,16543.826203170218,760.3984920833412,0.25915095683444345,31,0,0
57464.939358571035,12043.963253579012,767.5377531647054,0.3157607855568639,13,2,1
65492.02427857689,20669.832391774613,666.2411975748684,0.46178864714001905,2,1,0
66489.86431129402,24733.92932733736,647.848884691957,0.7009884170210996,27,0,1
84800.95519671489,10641.917767815015,653.6154827188228,0.11828009036323729,25,0,0
18414.631759211283,5090.832869743275,556.6014380592871,0.693634163688109,9,1,0
95542.14642499879,26968.972570015074,756.42092360878,0.6209959635064372,25,1,0
27504.121696299713,30057.27777415736,646.3085208512119,0.46112640892110657,22,0,1
49453.84126536294,22839.37357134347,663.9266328300376,0.14124480904463033,6,0,0
66036.89365503864,11291.61043597343,700.9245594669906,0.6187186863117364,33,1,1
73204.25109992202,16635.20617252287,536.8068860707011,0.5334423123543902,11,0,1
61011.87468371043,7212.043991900124,681.2195798158987,0.39812307871334457,21,1,0
55428.66075366192,27270.061679805985,689.1858749449003,0.6701070832385643,10,1,1
65145.231629233225,19969.12547056873,641.1697186553963,0.5151180852713909,8,0,0
57045.36648298142,22041.725307971617,829.011386829771,0.25204312132277,4,0,0
86671.82157839548,19166.922979181043,595.3353885337721,0.08053398380383539,5,1,0
78833.82202296313,18033.545882076087,713.3235425884995,0.5815338238431069,6,1,1
73934.72065585617,19880.228074742736,607.694577513264,0.22882845977994198,17,0,1
85456.10616465844,17995.572482287716,699.1624449978439,0.24636372709996546,14,0,0
71962.97077755044,28505.98824531676,602.6700876343589,0.3647996399582065,0,1,1
60228.733019498366,5376.191174341086,745.7392268419212,0.5749773584306699,14,0,0
32826.42276551006,10198.475763199513,704.3841682922723,0.697023885254565,8,0,1
102267.44859984034,14735.418816489948,565.6618131340657,0.20139031899852922,6,0,1
87459.15670196207,16332.400294419574,689.8530914713352,0.6674113824357778,8,0,1
40813.93150334325,27016.760318359087,643.5101010141725,0.473060767012033,10,0,1
79646.60188533344,5732.799647522157,668.9472481626943,0.6489053707324997,2,0,1
74218.97015725085,22882.24555410841,563.2303489454969,0.6437454753872807,12,1,1
46134.42551839874,16748.524044831698,777.8525220146362,0.3246689088268734,4,0,1
92706.10236988033,25677.677214700107,612.6853560764538,0.524693669279633,31,0,0
68306.73489471451,21547.3655575557,663.3239743750015,0.7126244224179396,21,0,0
42040.67270870684,16852.769335278972,618.253965758809,0.5206691463152525,25,0,1
40646.267870222626,9054.765536036415,662.5065189509102,0.37071152698848847,2,0,1
73319.4300705521,21082.242468322336,672.1240830077877,0.31037296010364324,7,0,0
45902.77761057325,14436.280217689158,674.054835796801,0.15031951267547772,23,0,0
50299.85150772749,17034.1910039359,778.402980132699,0.7491576942807724,12,1,0
73492.72380267036,25043.685975400655,672.8967335035285,0.5104729279833878,10,0,1
51787.940395689264,31281.012213597794,791.6076145699226,0.24358990611737397,13,0,0
55603.41813560009,3323.283829089083,580.8497202455839,0.10211409518392774,4,1,1
49202.65993721872,25080.51891805874,763.3451406919106,0.5777437129793052,12,0,1
78450.0076002332,29686.4393398529,748.9500790112709,0.648550105631738,23,1,1
89769.69363818633,16518.946876284834,756.6000375881656,0.34945763608548347,15,0,0
30871.993900466063,7622.44106732521,829.4539900924294,0.7192569193658064,28,0,0
45317.30802092817,21235.264417516486,502.5196155514666,0.27993610291419535,18,0,1
20069.140606377157,16354.472153130104,534.6607771216278,0.5792427795215531,16,0,1
67530.11274404981,49609.76307272018,683.9827481732295,0.23408770789826028,30,0,0
69097.34790990857,21007.14120374424,533.4989021692388,0.2851560409677963,28,1,1
46005.669099709376,13639.35231817113,540.114831652931,0.47377324308984425,31,1,1
56265.7175309594,4773.868120579551,663.7762819367267,0.07566633170465191,16,0,0
74159.83635524892,9250.6538391865,645.4950344737713,0.19757355407965121,6,1,0
96042.73075317587,25971.030415316767,552.7759344866741,0.17344203260369556,4,1,1
50206.022063176824,2398.664014570679,636.3528706994813,0.27959142314094876,23,2,0
67189.14547367257,2703.2589802056027,732.4275678680074,0.5942253653074889,32,0,0
75918.43365194312,26966.762368334217,713.5858796795601,0.6853210770806768,22,1,0
100944.2110897236,14621.252796494357,731.7965965568075,0.05887078927517754,13,0,0
73040.89063860434,15606.5632595021,647.0033124667152,0.23006959396440513,33,2,0
103181.65423015301,23207.541990955295,764.0999003654877,0.06777226153698929,3,0,0
36172.30034379341,15845.42980696058,807.4025782401541,0.6528703347901432,0,0,0
73238.62010293808,3644.999543232323,693.5573173184774,0.1891134815462157,1,0,1
59615.300357350396,12059.782042703508,647.6606173534965,0.5894884331541487,28,0,1
64509.95621955929,22221.10790905003,677.385710211974,0.07331349340629348,8,0,0
40698.426469625425,18601.06930522315,592.635108951954,0.32886888603676767,27,0,0
89451.73370484589,31492.62067047888,655.8012650585281,0.30103737936855546,32,0,0
76639.33094790888,21706.037430059358,722.9274520671541,0.28053383403240045,22,0,0
69266.52305532331,10249.69104785885,704.7433754157056,0.4491236557136069,19,1,1
30730.953771570916,30657.02995846507,714.6550794595604,0.3239162329042423,30,2,0
83267.91745819262,31260.90748746855,566.4631386351872,0.33226140006170024,25,0,1
51705.17305319533,11662.89154365471,728.6714466090489,0.18244242593925308,30,2,0
49319.740126106604,23065.01085276332,641.5802100724063,0.34015395864319403,31,0,0
34848.140451093146,23996.71820788096,664.2725414090254,0.5687637916761517,34,0,0
58336.44216284484,21057.973717270834,629.020460620919,0.27616095482384817,14,2,0
53938.849557055706,5604.248646843149,785.7657192224908,0.6499595922109689,14,0,1
91833.19815860948,44895.00157917733,587.2269994732026,0.16629198693513123,24,0,1
44924.63776269126,14150.4276251511,672.8276877368304,0.6426432660924754,19,0,1
50622.890516371626,21240.456920532237,587.6555357943286,0.48103681933918574,21,0,1
53192.86797398667,26270.119634678696,747.6191441579838,0.3466441238513866,19,0,0
48621.28662780184,14280.243502181254,689.0034960933207,0.07466570858794906,14,0,0
38443.57354211641,29159.712959576438,603.0486847988882,0.13859744908535648,29,0,1
77984.91950797477,17992.600980490126,685.5720199940889,0.33998087296884844,13,1,1
61539.23087998931,12282.668978165188,622.0703109108645,0.664549654244306,20,1,0
54213.24832835157,5152.844516854921,738.4105390618199,0.7197820525637397,16,1,0
51970.54348853664,14602.802520611913,822.085371400788,0.700773643181072,4,2,0
67513.91457740552,21267.105233699378,587.0035380506879,0.24185783973598057,14,1,0
52117.09661527225,15162.479692433813,778.051474375642,0.22957498193298903,26,1,1
63636.78838493448,23891.49488983849,765.5641885641772,0.5676596038043493,19,0,0
74550.86722224354,32898.716148204476,656.9347654463589,0.7083870023622401,34,1,1
71887.5181613272,15268.367792685818,729.9278275933447,0.14334227781555287,16,0,1
93755.35516913794,28298.432091148672,697.1316044967849,0.3143086725842396,8,1,0
84567.26963988945,19611.092590288048,677.0051870392051,0.6354804482191869,3,0,1
71610.22867672556,20764.149042202924,645.9675753299068,0.3943907324139779,15,1,0
72633.86731783375,18102.5741599992,729.0612342491904,0.6396541475270339,15,0,0
104210.32428598622,21547.48173788559,643.144625958541,0.13172680908004414,28,1,1
49037.04175332899,10632.547104608533,749.8421394313036,0.5939202305393294,31,0,0
74946.25714229188,11438.543321599733,619.7587962402234,0.3227235789728997,31,0,0
47749.17510607806,12595.099756854504,826.2630309088668,0.5351379904227603,15,1,1
81673.50617699877,2253.7093477155577,600.3584949658934,0.255206995638534,14,1,1
77770.0876250606,7099.682710302266,850.0,0.5343295013751521,17,0,0
60090.04541892669,17175.715967909215,655.3220960176905,0.5414730361717015,3,0,1
90954.22972834573,12826.130105838034,734.4554051366678,0.34353598138048896,3,0,0
66204.33662096,17587.188858566835,749.094024974594,0.7284307977661207,16,0,0
71713.10575101194,23632.066788857628,692.7139567902841,0.0503422775253086,16,0,1
32683.644497041558,20236.396110335703,758.7098013195592,0.5219451899121175,33,1,0
110054.01411133728,17013.04076650331,637.8694790919266,0.6861036106440543,18,0,0
44350.05181288239,1377.315562510772,593.974747300615,0.6502384786885242,21,0,1
40131.21678213287,18446.803306411675,683.6122645842836,0.4453023886762567,0,1,0
77425.75969896126,11912.384763678754,734.1336330568637,0.6770269199491267,17,2,1
68427.07175947321,24233.049867898266,639.1720281523511,0.12555275900433197,27,0,1
34342.308897720955,10825.23978314675,700.0455083973316,0.4304359640340087,12,0,0
47852.434494736655,7697.385463265267,588.1061337670375,0.7369175297661053,34,0,1
56914.5330485499,30781.746821675373,697.4858551319742,0.7440898822482589,8,0,1
50134.57863445985,1770.9896372631447,649.8494137228075,0.5254113178989109,16,1,0
68926.2731403185,33207.32904525557,692.8885914738717,0.16735617732227226,33,2,1
83618.71523086395,18953.67098670612,688.2212675604386,0.12904723024497206,14,0,1
108965.00275707053,14971.477921531412,614.0401735773418,0.6957117703758519,8,0,1
34387.28657867638,14107.10214910263,690.2838155930539,0.6664609292932254,18,0,0
63676.771577536994,25920.076397634977,643.2531843472304,0.2707807222224817,10,1,1
66691.58836517703,19956.930066783796,744.7176094146758,0.7020930105148979,23,0,1
66423.32112379276,19565.43079268961,745.5459471663607,0.1413684782991455,20,0,0
68987.9976615089,17408.9486244581,694.3881992607547,0.2561438880725071,17,0,1
66660.80345058718,13852.325550787951,686.7177561859571,0.5008884587066887,25,1,1
88228.63335959087,29250.764624742176,732.2145052768145,0.16946891272675324,3,0,0
72745.03797848242,13725.99443050944,746.2657919641813,0.7423445687433667,1,0,1
34752.073752367396,6453.16167137786,788.8327793400354,0.2057974261748734,16,1,1
38649.603322209616,20751.466058864422,662.7467087949152,0.22172443107861128,0,1,0
83151.49730854364,5119.933248628446,591.9531513274082,0.38221753890461413,12,0,0
74859.99694143383,31265.97583533029,747.3150228252268,0.5949497051883766,9,0,1
59479.39857682906,21700.907676979263,790.728325257847,0.13434379657089784,16,0,0
74444.91522435371,1000.0,684.9571254724182,0.5172112244857823,20,1,1
77237.67587469492,21427.72698864205,676.5533513535296,0.1195599757767173,8,1,1
85218.36774016795,14641.214404714774,791.9953694271273,0.11630482528475623,30,1,0
60375.1808620798,29469.473198922038,604.4889750614135,0.07897681739037608,34,0,1
80936.35405870361,16735.610801623763,658.9284968805617,0.43123305733328593,9,0,1
62446.15696589973,16937.915166673465,635.4976619559181,0.35517835724695435,14,1,0
35525.50017895183,14397.813000203267,682.0010742042348,0.2651489732163153,1,0,0
72759.26846698132,15339.308771291468,752.5386276555848,0.41897794551384687,2,0,0
90324.0258687421,1000.0,592.9183694751398,0.40129414402884234,25,0,0
80590.30917371735,12877.293124932306,752.3131289693514,0.3817169682505307,32,0,0
88986.91789246429,8964.429523314251,621.7578734737314,0.1707160593506088,23,0,0
68524.39085195279,14223.608117487716,710.8750274198469,0.6778653897640313,32,0,0
48103.4429513934,27831.305268934855,520.3690391858016,0.48401725618474467,29,0,1
68863.51067766291,32568.827036893552,536.6084178864484,0.13910400293637598,3,0,0
57510.60076176527,19882.001811979662,669.4179050774039,0.2288238350829802,21,0,1
71555.48525285548,12576.121167771133,768.7471327064811,0.5852097066688896,19,0,0
66174.595121763,5261.203654925912,754.0257279734116,0.5934880363352362,28,0,0
85580.54441693488,13578.965368997851,568.7368517532783,0.5580177935097201,20,2,1
37334.25891291296,6767.008551739173,757.6247050947757,0.6033263856007964,16,2,1
18253.982936954293,15981.708029065954,716.8359110110372,0.46874171289356226,1,0,0
66571.3195057266,17468.6804789807,710.660685490148,0.25213957185112407,33,0,1
57885.73100790488,19682.11853586093,840.0297071024489,0.30036427473225397,21,0,0
54616.837891908115,18908.029230496548,636.2861905051313,0.40674694137092815,5,1,1
50866.81824477125,1000.0,748.1512361758595,0.22221604890533103,24,1,0
64279.44365126871,9360.5635646311,682.6937099099398,0.6473196056314371,1,1,1
73249.27596484125,9529.546107772047,793.8455530854825,0.5728685289169002,16,0,0
75998.68377155175,13978.687905943705,704.4188666382228,0.7360042768575291,8,0,1
12000.0,18916.899806102876,643.656678401719,0.3406801067622255,19,1,1
62926.305918585385,11074.673299992064,634.1869974421968,0.6595358422389076,14,0,1
29344.646560272486,46446.31902092586,696.2888960351123,0.5953879853898788,25,0,1
82806.99672706786,29053.593345328372,624.5647903802834,0.6323566407209642,24,0,0
77439.65756183953,8668.559013031732,476.2780589781161,0.5317039357678784,30,1,0
43684.55383090806,29951.525525945843,772.1193142238957,0.2943244292173532,29,0,0
66772.01891101082,32983.17923806121,759.2289609076345,0.22074612636417718,9,1,0
24935.73022893721,6744.072601308797,680.0902730112788,0.2406185876220049,20,0,0
73736.7356543858,7337.453136959699,729.7483590465056,0.44688987704034366,23,0,0
74026.79163919823,19123.412284141235,733.5982685584813,0.6657579661198456,33,1,0
80161.65590644856,27542.561897123334,683.6015747263043,0.3643573083222446,27,1,0
77430.54567609324,20942.018108776298,557.8639188868178,0.4691944062286403,23,0,0
54231.3200173107,2496.074671316397,704.2510536492789,0.56366066194492,28,0,0
44420.22489927926,10855.107937138167,661.932444316924,0.6486858012763969,16,1,1
51073.69409671242,12704.822917074282,820.7188436329645,0.5039393829243187,23,0,0
62490.83278912626,25563.461581939828,726.137677708734,0.4905144118422962,16,1,0
39722.705165799154,5218.025921723529,726.4134915388536,0.7413146950068455,5,1,0
58081.28293131776,6658.721636217355,784.1327427352115,0.6536910542082655,30,1,0
58085.43052984372,18535.391084708233,687.7700147533186,0.5633924185341803,19,1,1
87353.89307441734,17966.07841539478,819.4781551035143,0.6323595174466214,1,0,0
74413.55559226834,26120.820093909697,608.3739160791606,0.7499265288919249,17,1,1
50612.058201731066,12396.88920493851,672.1197715863391,0.4040035785941797,21,1,1
70834.53851595882,27720.393415485883,773.8022596937336,0.5438731186745869,25,0,0
73416.44021477952,26217.33311418545,594.0034961419342,0.619387811019781,11,1,1
30296.72652859926,17070.746063293856,655.3087213438374,0.3609336480056097,5,1,1
106514.81714356988,13150.037364582735,713.9825017110353,0.718455950230789,16,1,1
61356.66432684743,33181.76022134135,717.2880389276327,0.3175519913933777,13,0,1
46983.801048855574,22206.332388702933,635.250438335283,0.22015001621147484,9,0,0
65403.73939332907,15405.477703716942,781.9915935167379,0.5239640598226692,25,0,1
46625.51889741652,9267.95889454553,610.153350949035,0.10652346896717524,2,0,0
29811.315850003106,29720.99967923107,695.4531492832109,0.13864976356862835,14,0,0
76264.54254746769,12187.102752946586,633.8801418763002,0.7293372525311871,15,1,1
65847.42419227866,13157.793246288285,550.8954055565116,0.24715548022339406,13,2,1
70223.92087410766,11196.039389945265,631.1091283533382,0.07320319981247132,12,2,1
31170.912709331875,14611.21803461117,657.8694240933334,0.3822504629554188,26,1,1
74114.49935148653,21601.855080790334,589.3037709298277,0.6571409751637546,7,0,1
60459.67020092824,13382.167903344354,766.9029717223102,0.2833210719347198,22,0,1
39932.69925229366,17116.400211964294,691.9586007790455,0.34352664220815354,10,1,0
46801.11615348094,11650.955988165377,700.6707197412801,0.1597941047072765,4,0,1
96442.81264204344,22392.929226323628,673.8875886614268,0.2922649793668619,4,0,0
56258.48607494505,17093.130119143123,672.2443542386964,0.7257891739509919,24,0,1
95546.92789734897,6916.729720613024,719.8864488924032,0.6640481822660327,17,0,0
45826.2772925363,16873.899489510215,645.3145757131061,0.5678955258710625,23,0,1
53513.90982433347,20097.612987790817,521.6177979097026,0.6003527254174931,8,1,1
56683.769556672254,14285.60989942322,550.1863187832578,0.5185434214947264,10,0,0
80495.74850650063,1000.0,701.8726947388474,0.13256669730048282,13,0,0
69965.9459187932,29267.366632210164,660.0596958623445,0.1322120496232896,8,1,1
68367.02362216289,8942.959765520533,850.0,0.42603080494381024,4,0,0
85747.90538379707,23545.21467865982,743.1306649161932,0.46681563921216757,26,1,1
77128.87221238732,14584.487193035782,707.8278013865374,0.7302753993261301,10,0,1
37795.87672893883,17138.099239565006,566.3660361732576,0.36582313671956684,27,0,0
84093.18689599136,16213.53065095894,633.9138195719537,0.692234355349602,8,0,1
43587.20580410214,27027.081169396748,749.1144267187793,0.7432347913825409,12,0,0
84701.1550431736,20098.610525482116,694.3781756043818,0.6411508647214338,18,0,1
73807.36463911261,19303.027510303764,613.8398538266994,0.32928634804584483,7,0,1
76364.79781959624,7037.919435757431,597.119910456837,0.5774066016773605,3,1,1
56186.1441672598,31479.969657785343,717.7854748492678,0.4318232691773984,24,0,1
43345.998676566815,4320.323409976914,635.5236949402457,0.18917186744886183,6,0,0
61970.35039716102,29707.047100563308,647.7328492285598,0.14079115359350813,26,0,0
70858.91128549847,1563.968992376209,666.0953080066782,0.09905800660564769,22,0,0
76471.94414533749,34309.86688757727,777.0040694224132,0.278503208447986,28,0,0
54685.3510682824,21711.62101903825,663.3501593042665,0.5321326036273417,9,1,1
51502.60966471302,13360.405560175372,778.2013108578689,0.6896993707904733,31,1,0
58642.421604387775,5550.486147951402,652.8089438877415,0.2743062811893479,22,0,0
80978.35216438472,17856.12408616762,578.6990689465962,0.4217150130500966,23,0,1
28917.87199905065,22128.750583182788,661.3211412467348,0.3781682159451867,20,1,1
59393.585352791604,18516.412621392825,679.5006621108198,0.12613421721973794,28,0,0
51119.52832167948,14334.984206860587,567.0193780516237,0.5821952147168408,26,0,0
74941.46631847403,11455.769665746495,607.8844225585947,0.4135602112637511,33,0,0
86431.45799466585,28631.78691702544,720.1430909773388,0.6921158529112907,25,1,0
32402.585914851403,15123.194272062316,645.3575665146255,0.6348144464723275,14,0,0
71353.7986141211,21331.87423382785,739.0104390769061,0.24479132700219725,5,0,0
82687.6891668497,22918.424176119795,582.4059631133473,0.26883357405834574,24,0,1
45367.72492524896,6825.777088336261,620.944050060308,0.4258902377441672,17,1,1
84366.2559426494,17087.791950136758,731.0247655219048,0.13760220479993696,6,0,0
45111.29894877106,29819.02211785016,687.7492499926876,0.22578340816017606,1,0,1
76850.4774648532,20615.554754601955,562.7313175511691,0.6247650984115207,33,0,1
88446.84489085172,22011.315614622872,698.4713514379114,0.15710293649922802,0,1,1
49835.857396261184,14183.903784962451,779.2612467013735,0.4323691281244766,1,0,0
59713.45433873438,27789.69655006779,666.425968781252,0.3257758989367089,3,0,1
87270.8994252304,35567.65547263584,640.6269903491684,0.19065162306096928,27,0,1
17679.153577133562,11017.060459350749,752.907257702023,0.728841588675763,22,0,0
74739.88552206341,25070.01284114462,639.8580893242936,0.6275864172062754,19,0,1
100962.30817160048,5613.266786571916,718.9540968304185,0.2366784873384255,11,0,0
12000.0,23476.210330080114,659.5784989823673,0.5996976889121399,31,0,0
86547.57287999758,21963.662663016923,605.6961143407486,0.05449242294149103,30,0,0
81499.65448977688,7702.750039357268,639.9161711245906,0.24429604962125123,17,0,1
63924.08958921467,26329.968011100143,522.4160769240304,0.12559865000637283,28,0,0
73197.06949184783,9035.131748385747,735.3977399278988,0.3468573247121718,33,0,0
69913.23905761148,35395.2732915974,726.69290864284,0.4965390184788981,28,0,1
54115.30236000445,19292.5022514245,696.5773572799468,0.16991763567404622,26,0,0
89743.13394838879,16612.61894508812,638.3225503033793,0.21735163241448208,30,1,0
64874.803411579,11994.004180172804,734.636519335733,0.32489279088310047,33,0,0
72872.35645578781,23471.088440943604,723.5597004384935,0.4915431393681865,16,0,1
45798.75617792613,21070.367149772464,735.1066897917694,0.2675084458372992,19,0,1
18301.52989727602,19281.51813306776,707.236669151898,0.47105199604299675,30,0,1
41423.26567030779,11247.209530631804,663.4588243722915,0.2944750935314394,30,0,1
101583.47147120084,15589.504755035356,664.3263564663188,0.230502796570282,20,0,0
77884.05957554554,11360.36644958211,539.0897697528522,0.648534912479734,6,1,1
56359.18390978049,2566.4052830692217,594.1508654739115,0.31808249556146356,31,0,0
76447.46007040267,16741.999922726216,710.3818972159413,0.6928619783038262,11,0,0
73457.06986201924,7976.885603463592,787.2485989538504,0.2639022534995251,22,0,0
28981.935683064374,36166.57436959119,737.862844038358,0.4300105138253482,5,0,1
81997.66525693274,34893.59361247906,662.6361579180764,0.08751731073572476,31,0,0
26837.9021919211,21177.06435270216,622.6557879963065,0.5261911625050697,14,1,1
52424.995501443525,1527.9122636918073,728.1073143974967,0.6068308955633239,25,1,0
45397.38971913809,22119.976540158204,692.6482231858242,0.7299895627216224,19,0,1
69021.40624467027,16036.36836348756,622.446379010192,0.635627983062618,11,0,1
69219.65031210247,28031.178962707927,695.8219195669893,0.2687638567931058,25,0,0
12000.0,27170.180477826638,732.9579163616337,0.4396219021522676,29,1,1
89601.84109057514,11189.060285109765,567.7792226856573,0.46431171552521827,28,0,1
66248.97390847436,14713.046130908107,672.7260529386932,0.08975005318926685,29,0,0
84257.03787624612,14053.928368031126,769.9302350535858,0.10085985942774242,12,1,0
65662.97352547913,14245.1389472843,752.8130006924812,0.27806464092310357,21,1,0
68520.70716550734,3744.3318190571845,678.425653182501,0.5710968106662281,16,0,0
36313.01974720115,21441.472203431134,609.8284441013191,0.24987356316934922,22,0,0
49441.4356929467,18732.21263245886,580.6558432007738,0.661887661819712,24,2,1
60698.78184472469,15061.295648378622,742.1181591869486,0.5014934151277338,5,0,0
78920.3842289989,20470.71081815492,642.7052076418346,0.3776966310060515,25,0,1
55986.23464176033,20937.49795819597,724.1313180229821,0.4283910904383375,20,0,1
50615.685066201695,28491.481678639557,761.056798610178,0.28200030929090875,34,0,0
46931.82093659621,26062.15449760295,626.2676475933811,0.7317409677256631,5,1,1
72169.53751474206,27286.867941640754,655.8980589837829,0.17316919389539376,21,1,1
63168.28329206569,9918.969436316856,760.5361478919046,0.6522777745529484,16,2,0
47344.23533143365,7910.699898472269,666.433017594693,0.5247054967883763,10,0,0
61128.08896070783,26561.808786481066,720.2935956600412,0.548093149300635,3,1,0
49942.69431499117,33373.355220390935,657.1655806727339,0.6350675886500506,9,0,1
45433.571920162314,25635.75554745574,598.903757429022,0.14535622875278287,16,0,0
33037.74637849252,20968.726234393587,716.0777304368137,0.5366125598590349,17,2,0
37822.576968056375,18062.03841041226,786.1700670640787,0.5933891409241967,18,0,0
63945.30378866944,43746.07736661657,708.7185505961274,0.7392295597449381,21,0,1
24469.911952911083,25496.3033425568,723.07709332897,0.5732912914885026,14,0,1
48148.989012974576,16200.904775449704,724.185181182932,0.7162272535734663,18,1,1
77940.76462671548,35854.47530344926,796.421741450769,0.6448134982218292,24,0,1
84639.78734647775,33499.29443946997,657.884969180027,0.6629769194343805,17,0,1
72403.04798525675,5103.171923516609,524.7277749142287,0.6918446451763259,11,2,1
81318.2657498903,6952.360574349777,768.2987767678476,0.4218112659241942,31,0,1
65393.21300173147,16144.383561582861,576.7860364586837,0.547713928272731,25,1,1
43946.73258337447,29482.0858261859,646.2781318940129,0.13677129541740557,25,0,1
78716.62991598561,12782.571763342909,624.344627013956,0.2995137636478445,27,0,1
74733.90475611716,8821.322415815435,624.3894024443858,0.665583168451198,24,0,1
54200.933403680414,25326.473880414364,743.7722252378853,0.7343772234821313,29,0,0
52551.68937083089,1000.0,728.9194308225208,0.1281686367623745,13,2,0
64086.899531227085,14838.590662245582,620.7129842577966,0.46029016919228477,0,0,1
87661.58003966566,8335.607672967875,766.6740147389125,0.5642185983298115,32,0,0
57481.372695541686,17925.909857118375,662.6513025168242,0.4112557492648776,10,0,0
12000.0,9470.718220243776,810.8335320988514,0.21307342980482574,34,0,0
73668.90556148249,16634.368846534493,653.2005096824354,0.07920331680852147,20,0,0
42813.18002388692,21793.57221669597,648.8336099168009,0.716048148866441,21,0,1
73901.21982455453,19167.900834897224,654.6971976509113,0.2157805637845705,4,0,1
73133.06746873802,13164.686552240968,616.8043921028083,0.25937380556278566,17,0,1
95771.24191293775,14923.095840709266,719.1032156200292,0.4999496467447044,28,0,0
63015.83009218161,38290.96314156309,632.2612325124143,0.35004036076182926,17,0,0
74920.01463201384,25945.517302637607,661.086396393646,0.34642786577053813,11,0,1
67674.7787470167,15912.967138412801,713.4049902901785,0.10782225836821266,20,0,0
82575.48300233841,19604.909546964656,818.7264597997126,0.7443139354191664,29,0,0
12000.0,22063.557344515357,633.1400511570199,0.24908235675193924,14,0,1
51456.47765942592,11142.711163258791,641.9485790938539,0.12701312580743518,34,0,0
60062.68075248653,18019.424117370254,637.4720553830185,0.5270993420755627,27,0,0
65934.98776959551,8339.807870947567,711.627553144911,0.5765442733853652,3,0,0
40720.84823119805,9056.603849907471,646.252847327781,0.06774852158502435,27,0,1
70927.44730861032,25878.942444540666,617.54293975218,0.23847352084500795,29,1,1
82645.00962472249,27050.23851926319,687.179658165441,0.18605607869119767,26,0,0
51145.946075556836,28380.201077982936,720.6860220352563,0.6021282977836605,15,0,1
45557.103402719695,17355.99715069902,646.053072753709,0.1786274325766543,31,0,0
72908.85761774104,13559.732530560292,686.8519537122768,0.21466182432629882,11,0,1
68184.99839739868,18095.672014606593,698.4755110085292,0.740783288791111,14,0,1
69669.91985844183,1885.4640161383522,679.8310214719409,0.5414776898815167,18,0,1
35955.06764829689,30490.972580675887,702.5178433771018,0.3213617209478203,17,0,0
119721.7832627288,1000.0,620.512401843198,0.5777013501514427,25,1,0
15636.206463230512,26757.58389422216,606.6234744652695,0.3765319426945623,10,0,0
82312.80246023758,9094.846145514926,623.6501677133188,0.1988671370096285,29,0,1
50649.49051062065,17927.157415938185,516.4876868444937,0.391580799073952,27,0,0
125435.69354616765,10339.905041537553,596.8676801358652,0.5904170502811044,22,1,0
73785.39127467152,10477.241192890859,729.0537250314733,0.17483616081938871,14,1,1
86336.74522855881,1000.0,726.5892365982608,0.38987262227778124,10,1,1
74958.41163972006,6571.730706635875,588.1879136764707,0.13352475758859583,20,0,0
16114.099724918306,26193.67887711749,560.5780449032123,0.6398770030553488,30,1,0
67247.30954553316,6976.891212360191,681.6755864887314,0.6231637960352855,14,1,1
72211.68537638793,6594.715880949365,716.9459918701316,0.5214190462590458,16,0,0
74469.20956557302,17027.474544321256,624.9420329019473,0.6940156660478123,24,0,1
88661.30757365038,1000.0,638.5396097832644,0.32996483481588973,23,0,0
69543.62615929189,14842.956337581923,734.407098306474,0.14238377161866161,32,0,0
81094.19343604815,20326.260832701562,797.5883212936342,0.732942605029641,3,0,1
49784.3726492612,21338.86205843523,638.6488249570251,0.4091528291232236,0,0,1
29704.838668899065,8663.332872426407,719.120822075064,0.3828605527858126,10,0,0
46525.95022507249,28871.2266021751,677.3895873883037,0.09460649024775303,20,0,0
50148.39423097722,27191.255790531373,756.4229396404579,0.4492637938255546,24,0,0
46550.65636836054,2451.3556266576416,600.766186834197,0.5013187584608279,27,1,0
40527.37733694164,24429.741713151532,681.3692629433609,0.3812316626096733,5,0,1
45849.023819571965,19364.281598959424,634.6113966182508,0.6872862042860336,5,0,1
56189.17825565061,22589.40599643658,675.4759670167379,0.5696641936961219,21,0,1
44594.09225722091,12453.824080260578,741.5783743236238,0.07703456687385346,14,0,0
116346.61122586552,6363.585269525458,678.617555487504,0.4297985610035998,32,0,0
37005.00597290814,16661.601085762893,626.6219529059919,0.7455712122544115,16,0,1
73798.55619568941,21404.176718934417,743.6772378585991,0.18982338630249612,11,1,0
54183.397810331895,21568.989579037097,715.7365368353212,0.4820223462370455,30,1,1
75736.48691308263,21082.877952003906,696.6890372549,0.24144656573935247,34,1,1
60158.46737142081,8321.198639101967,595.8253757301956,0.3100384080967771,33,0,1
82014.68379399726,30335.293965418645,714.5982341278165,0.07354413922402875,31,1,1
57008.04567029762,28734.682183445042,634.3365029746184,0.5315419374254692,22,1,1
66746.30270409865,20219.751436344377,610.5978661656249,0.5860076455587993,4,0,1
20849.109508908376,9422.644161363993,615.346838935601,0.5910417192687368,1,0,1
37505.20580782469,20362.96782807133,720.8088046278084,0.7293798970643682,30,0,1
33915.53713547621,14149.483871264343,712.1931235388147,0.6365143692826326,11,0,1
95328.09591110924,14829.625048749753,681.0613286911648,0.1953241942671775,19,1,0
83640.95082088577,24035.067130874042,529.1877941218272,0.21138951648071685,13,0,1
68897.33971191,14228.032526462284,755.3964690480202,0.5875929120168003,10,0,0
85909.60189273629,30727.00904153777,739.4943620242263,0.5938344614671489,30,0,1
44723.75578011494,23674.65219424672,641.3329978443876,0.13612957005839774,32,0,1
94750.9045257392,27070.60229693618,775.2872883795626,0.054642628147263096,25,0,0
66938.9388282046,9931.642078812318,611.2856820490605,0.3309662910713567,1,0,1
60233.66408584369,12445.064346660267,686.3956659163032,0.5362717338199128,30,1,1
85296.37133777642,6806.846375085299,687.4206895807154,0.6566651001520556,34,1,0
84105.13201843784,29882.275006599964,696.5258200089874,0.1657310891890687,26,1,1
36611.873494433545,43914.45285001233,582.5413253567801,0.6207037624988468,4,1,1
82235.90923666001,22684.23522803908,570.1283056721669,0.5291181095175636,10,1,1
61542.37663692812,20331.504222370084,673.5470523488113,0.16616869416676125,27,0,0
70547.2077643822,13707.057339985842,618.6541534379652,0.6612980224004836,15,0,1
56762.23442080091,32551.173090532047,703.2035674341842,0.7030920321203495,25,1,0
43056.49123625982,17596.949121792204,688.871356845996,0.2360647869647306,23,0,0
37937.468271542864,12170.217070516112,772.9243237868853,0.15408384149716398,3,0,0
52600.62299378731,4712.469362727521,770.9974872921796,0.7273383669326104,11,1,0
73717.73708518743,8597.148462343906,683.5735114765399,0.06601905389250357,17,0,0
70098.12988965183,18632.238288555163,784.3852724502035,0.713879719185667,13,0,0
69062.20776733493,1502.6774908346742,694.5918763892648,0.20135739019087534,16,0,0
80938.31573864006,6962.940464695979,677.0636904626193,0.3566911875936279,15,0,0
63888.33313032969,32969.336427588,799.4968079058123,0.26584627479427325,19,1,0
102900.71623887862,25464.53758062168,613.5397933936811,0.1575956704977684,27,0,0
72544.1544704089,15073.01173918521,571.5056446704789,0.2967338822601555,0,0,1
45261.220478094474,26487.352278018152,663.7301455455719,0.4274734790757271,15,1,1
38233.0663779395,11114.624250931007,692.9824482318357,0.11567878654748578,3,1,1
71651.43662329146,25015.390240220397,723.9693105319541,0.6164241467163075,31,1,0
60704.32844288983,14733.69358899945,600.2734069719718,0.6102670721083869,28,1,1
41884.639991204574,35723.72029477904,668.9140660214147,0.6082371662110778,7,0,1
61848.58463679033,7761.389507405402,594.5558446476814,0.5305141326452253,1,0,0
53981.26383485815,31772.790240877766,659.9187021559451,0.3686836611663556,23,0,1
56123.27784566305,16848.451037706087,773.7358910181322,0.6336069414535858,13,0,0
92146.69706680055,1095.58630181415,690.2195199994136,0.6462942924555576,0,1,1
79358.11871433455,20783.69857572539,613.4033714953009,0.24981989764225604,32,1,1
85953.34411132372,24290.157278874354,542.3270463718502,0.38666517566658953,10,0,1
99339.63031011041,31493.2940910861,654.1290411441056,0.19207400937318708,19,0,1
67500.33225735993,24852.491810219413,678.5666520797485,0.22905329681578251,14,0,1
70048.57166912874,9628.685141356427,680.2604486714175,0.21726761857484578,27,0,0
71532.11397400983,27344.265860116906,587.4436640612428,0.6288630319081274,20,0,0
87192.90079098822,18486.246562771834,693.2689458908577,0.2255708264467881,22,0,0
86083.12841634113,3769.0204935534475,554.4919883953271,0.43241968443193124,8,0,0
53263.344694262654,17240.38569320825,688.3541442931488,0.4897723285418902,19,1,1
42129.649355922564,7409.537142597666,669.1881664550799,0.5712778926260101,16,0,1
43496.12183623851,16742.417435900006,726.234230884846,0.07030509274141034,14,1,0
66034.67075077082,24556.40179303019,757.2328984099328,0.383023214322005,4,1,0
40343.717162159475,7861.1578988364145,516.5657337789206,0.25482609155016794,32,1,1
72270.96159054304,20648.124388624623,726.6629020084888,0.6337817428407828,29,3,1
22457.10127515725,27749.77168145694,754.1159114712009,0.07572432159519307,15,2,1
102407.93439753636,12375.508574678197,728.0362074019523,0.19489587245528972,23,0,0
37569.26986467093,15441.672855470155,642.1130034797186,0.2710311170444598,24,1,0
51955.93309886235,27615.666629781204,756.7070969200008,0.10448899095066286,26,1,1
53447.60289733413,28025.842993665327,640.7705572897221,0.3267924820201058,4,1,1
94278.88870787466,7573.2262163121795,604.0924868017104,0.5706378824649164,20,0,0
64855.22268171794,8634.220340504897,678.7136463781021,0.19861988439369954,34,1,1
43677.45968634256,25112.73738485566,671.7517585474444,0.5781280958185223,5,0,0
63557.324078884296,15920.351180913322,741.0844796492229,0.4203099464975986,8,2,1
65895.9836733573,16603.844769373158,632.2937087328377,0.29130670368124184,26,0,0
72736.51493417582,2182.9551458105143,689.522800206792,0.30816424421187505,0,0,0
43105.826427598804,13848.104893825603,599.7137381950122,0.13141358688843519,29,0,0
82690.23280156348,16528.960352016817,773.5057711371678,0.22484670548765823,14,0,0
67600.32663164953,24507.68491555826,721.0696112022556,0.5618570749130085,31,0,0
94335.79289303072,14646.646233224703,521.060144467784,0.6539219351164813,19,0,1
61530.15040144531,24534.600274111326,763.3879192618167,0.23591873059579704,3,1,1
63490.81547414239,16449.16837275252,691.37549094199,0.4620684987519107,33,1,1
61685.92427310194,29302.210588796515,686.2324397963524,0.07430869660759301,19,0,1
90033.36292784152,17870.535366087897,805.6654485544492,0.10418436871872079,27,0,0
78696.79709004429,13359.464193028416,565.5331619390561,0.7250570908438109,24,1,0
50377.209737974605,11420.164961570266,710.3671606889302,0.6775542679293881,10,1,1
118508.11715530741,8663.47900309674,655.1122880909743,0.10689763561234272,7,1,1
52171.05960653624,20823.240919433505,615.9872204268678,0.6256295788060761,33,2,1
54497.310607558014,35640.78702721689,774.0751607231357,0.12175224660858948,26,0,0
84276.25080782652,25071.026518422703,618.6409962012767,0.629953030965901,21,1,0
61788.974335584906,21714.25904830623,638.5915010284803,0.6894504956948805,7,0,1
43436.85705739588,6910.748783024312,700.7987599173126,0.15715990397043206,32,1,0
89646.62707542912,7372.22771427535,763.7427583771124,0.153063031051982,8,0,0
105049.4273785156,26553.80785140911,657.5013160059002,0.6986005635635195,21,0,1
44497.85901333556,22149.0500339306,736.7134080655192,0.26100226470445154,8,0,1
89489.17679012113,12282.148866004824,797.9278941554197,0.38085884493819433,30,3,1
55115.50105813102,2561.4402455063955,804.1016114199487,0.2631077194499087,33,0,0
23360.5764117976,16213.322073516492,766.7518245005887,0.5745352034762715,3,0,0
78035.88649225998,9911.240653981115,766.7063410557785,0.19776057403927927,13,0,0
27570.863887010775,13244.65257574505,748.805913628492,0.39588406603411086,7,0,0
50396.309995312564,6446.210057340508,587.059709034447,0.6453245300975429,34,0,0
59499.49252320773,25258.088868122977,708.6606870460528,0.7098536178495409,21,0,1
64341.83029103534,12506.93192188091,710.4409764722396,0.2969149755863693,5,0,0
86863.1446860796,22600.62143607852,720.4171881216191,0.1297792073113686,32,0,0
52732.915123180355,21479.382290429498,619.0050832051112,0.6167805795049254,17,0,1
92915.73438828274,12764.072699208427,720.599786542775,0.1275251932627952,7,0,0
63169.86275110137,16333.451595646424,751.6775782702425,0.5955012069190557,6,0,1
43276.026600646685,33837.80038678124,699.7781026874186,0.5322913493285328,31,1,1
76885.35514942357,8737.295512012897,605.6060333121304,0.4542917086890812,6,0,1
101002.88134927652,10439.30201919008,638.6374421671301,0.70764264189077,9,0,1
55788.83943086483,1000.0,708.3006631061083,0.2756752425714716,30,0,0
44118.717493828895,16677.037874638867,690.358453517961,0.11533052315204197,30,0,0
53467.69426465443,1000.0,579.8890291710934,0.7371229028344376,9,0,1
30269.762814157883,13609.444596564974,703.3802432275669,0.3588034860756718,19,0,1
71116.05043974245,1724.019517588431,603.1377222599432,0.3533737209029134,34,0,1
33955.3867706344,24536.09668422176,608.9829609696613,0.11267082047472085,28,0,1
77830.73772076682,16485.340352896932,601.5250767558133,0.570486701186333,29,0,0
59672.56615931139,1000.0,576.3716629433184,0.5540823147007244,30,0,1
78876.05336024954,9289.997701720324,530.3969338456404,0.15170742509911614,32,0,1
59743.02637309349,13709.139280985863,584.8905306523629,0.2136646866414868,3,0,1
74713.28488279879,22741.576939233793,690.3983466928494,0.061490126133950565,33,0,0
45247.405900811274,25819.36568937648,695.1773505242212,0.6728102160520965,16,0,0
70579.6386549702,21552.17136595357,656.9723421749773,0.2211696646941292,33,1,0
51869.968575087485,20724.73856791542,657.2091408386506,0.6989286290614103,31,0,1
77192.28530893149,21726.191960698285,683.629216414266,0.44981873433128666,32,1,1
62120.06675482324,23834.596706998396,634.4759422262905,0.3477853463968096,30,1,1
87045.51893779602,18102.78114086711,628.6948281144341,0.05548134335202609,25,0,0
59961.63067991604,16052.31993542036,698.5668737876796,0.11459059853187965,30,0,1
50029.77754971736,19659.06986190033,758.5214364230899,0.16107885292200264,30,0,0
67709.9484627096,28487.240402431446,620.0132709097753,0.12398738026827032,27,0,1
111890.87016894773,1000.0,686.0124265951442,0.22934234536777504,9,0,0
86548.03231109626,1000.0,612.7001787582076,0.15820948685805689,7,1,1
48972.389509819346,23041.664319690546,710.6946126776039,0.5146836196829508,18,1,1
64929.85133716158,9919.126306998736,850.0,0.2579220206333623,27,0,0
51686.41695970402,18628.196261326622,721.2034987709226,0.5528041325196682,4,0,1
47585.81057451739,17716.896412818813,707.2921404760438,0.14484492138972338,23,2,1
65288.96969298714,37464.412875040856,710.447448768777,0.19637525836967634,6,0,0
59832.01633896833,24078.87525806595,690.4421626627735,0.6012147376879009,19,0,0
44179.63052116126,27041.9742989531,659.507735929721,0.49385383193474586,1,0,1
51828.35419355224,15205.19509583458,588.1310442878473,0.11751293499427569,9,0,0
66076.67155020068,10750.82327580516,680.0635655473109,0.7215918868743468,17,0,1
53436.09347283635,10382.218919924793,674.15568936714,0.5837741762752193,33,0,0
64693.35732522111,29033.251510251845,671.1482853156256,0.4368517860706254,13,0,0
51029.30556661882,22720.332097073093,696.3859048034045,0.2900375295784144,9,0,1
74361.45856211425,18684.62159766878,718.80782023581,0.11575883445239148,31,1,0
51262.8933664301,33404.23658836709,708.8291598943038,0.30074127357160435,2,0,1
77683.07547700401,16747.250588106366,661.1274002881096,0.2761160033093897,7,2,1
59150.24124495487,11063.898011668196,708.8010255074491,0.10486012067689232,8,0,0
22084.379141868376,14919.617153992336,624.4426928266413,0.5986308716371639,10,0,0
59720.787266048705,27674.75467529426,567.0644927922968,0.34073489949169566,15,0,1
75101.22354047062,5659.8206682842665,643.3655251809478,0.672660889503851,33,1,0
53945.88201730597,17570.879659776372,680.408027605343,0.1605743291613123,23,1,1
61076.85496172782,32487.00560069935,559.2735754165739,0.2723007070130083,30,0,1
77489.90557656686,21655.74318989632,686.9539540359386,0.245325604181731,4,0,1
95397.75841323526,16226.643902297406,692.3825229088231,0.6556130621435864,32,0,0
88073.26507369976,35333.823736645616,737.602621139227,0.40541347826088786,29,1,0
67176.66272511608,21140.973542614927,704.8680332449188,0.14927530202642794,29,0,0
76194.31609740919,3499.387528668074,587.541001777541,0.30021278194728085,14,0,1
66802.19377878905,16450.39689371089,701.1098400312644,0.710227771237606,15,0,1
34956.8844931365,28940.888446909907,682.135007860154,0.4360411142987691,25,0,1
90324.08709551612,19510.86194468187,709.3217440309594,0.07571348807963507,11,0,0
91320.43016630402,31974.03844711277,754.1071733685412,0.09049148997749273,18,0,0
31475.397768693372,8336.56353949878,630.7923740489466,0.2149765037860914,34,0,0
57349.564460086396,17224.359137389845,659.0478213617922,0.48492707965872556,19,1,0
95690.58905780302,21205.635941005086,678.4526964014952,0.22168249214150315,20,1,0
69383.88770228367,6797.148443784667,647.7183550427812,0.6450801864583485,14,1,0
45013.0583082549,17946.659237817395,544.2148696231002,0.4905953058309451,15,0,1
89364.24809017294,21823.0413730587,739.8694416988127,0.26051141653303955,15,0,0
67321.41229831512,6620.866208973268,532.6210110802864,0.3257542846168699,22,0,1
90910.21910271747,4668.036272017242,700.5044127002095,0.31268040544517633,3,0,0
66706.71210182837,28689.981125825558,590.3686944848697,0.26992864920299176,28,0,0
21903.949240339243,19043.213754114535,609.3097490717139,0.49092039997686976,23,1,1
101138.57119962103,1000.0,723.5747271700349,0.19117197372148964,7,1,0
42851.92908860373,11885.438291324219,767.4395732454827,0.2544770544864658,4,0,1
56256.49493224893,18713.128337262766,702.3673262941677,0.10966549864235758,28,1,1
89020.46205468327,1000.0,661.4157473674113,0.31322562324659753,9,1,1
110614.63393169074,9704.475327630964,668.3352752108653,0.0950691488714852,8,1,0
63682.888663641796,15118.766554015541,768.4258868939567,0.06253384115365866,21,1,0
72153.71057507256,15120.511234855858,762.4030171220418,0.5021857948850799,9,0,0
41287.700067395606,8507.239132062849,715.2391343456121,0.16371843310386164,19,0,0
59463.833663611156,16731.34307166892,762.7880080378418,0.07463838507345497,19,0,0
86954.83242586377,14350.283616551604,647.2521132733917,0.0978333246567794,26,0,0
71158.26694691699,16253.188486486948,728.7318494446004,0.18944726172020554,9,1,0
99698.44888557101,20783.08152759211,590.5039975943129,0.5546167196438856,18,0,0
37070.2487962195,1255.9549570999661,644.8450326961009,0.058303618007613016,29,0,0
36237.9675357745,24425.367846598354,652.5072165764037,0.5585639828176161,15,0,1
51306.44781037357,22742.519263237748,760.8412727015468,0.4679407054513486,11,0,0
52271.77634852033,22356.10471786803,665.381899559271,0.409736475543877,4,0,1
84134.93866510116,16390.20036233448,746.6639298028299,0.6864983816278836,2,1,1
56783.12849151203,16201.225957794386,639.8231554084065,0.6307114205505906,23,0,1
41443.21892045546,16887.622547116127,732.3500644387154,0.3431393610637981,25,3,0
72947.30702079379,18667.543975421086,717.7373223866891,0.05469019914777348,30,0,1
49625.42758761221,25126.566946036895,525.5200564958826,0.5474035127703074,2,0,0
43128.45159012954,24800.773056764236,750.0803359063398,0.08340830012066272,0,0,0
86202.80342380848,15461.170384714376,642.354950329434,0.24463774652372844,10,0,1
90879.02759907949,23300.437084218822,593.7435420285269,0.3951241708505449,4,2,1
84577.28644460833,22396.45270920752,618.5418653868239,0.11953886799538649,6,0,1
48311.74031395663,24234.41993300161,640.9254102001723,0.5254901164632395,32,0,0
53212.74126871112,14533.683163216403,621.4338738389494,0.2749583221938876,12,1,1
75878.17004407797,29557.149720726688,618.1751598492798,0.30316250066667727,30,0,0
79842.89793834893,25272.385277086545,662.7434427972281,0.503827374096446,12,0,0
60404.7644901318,8196.78408472793,710.1031593647494,0.32876933013483123,0,1,0
89101.51519894457,10788.322377820477,760.9830879774574,0.20719881341293694,32,0,0
24088.723113236767,31678.471152536596,792.0682044078496,0.1737306816173645,34,0,0
53545.361699456764,1301.5436261480354,835.0356690553726,0.5568293525371075,8,0,0
109308.62544824684,17768.239305423747,701.7673745112578,0.5754094407939313,5,0,1
64716.57963955667,36899.641667127136,669.5506357810347,0.1869901551536614,8,1,0
55446.11194113263,27670.321189989925,730.325444131077,0.2733045762837613,26,0,0
74485.00180179621,27230.86667979543,599.9621268053331,0.7196256857831124,28,0,0
45873.68120823705,7271.407557525652,664.0134652075742,0.7389605442740662,3,0,1
18373.99873914916,25158.148982983508,707.9518145918382,0.4597155162787856,24,0,1
125051.58401007415,31803.566380021402,614.5126948885608,0.5798618885809761,15,2,1
47823.533316429144,15212.17967822661,748.9474181322096,0.5737772610984142,33,0,0
69447.68588760745,18027.57803646473,712.8744187623404,0.326893031429606,10,0,0
68474.62781560101,27112.269701344972,653.923025755589,0.08390019059322931,8,2,1
74904.18548874154,16058.192711392237,708.3703752820813,0.5684927162742711,34,0,0
49127.62631842354,4363.809476423588,664.7246704327368,0.14504136769535017,26,0,1
13373.398116678509,1000.0,557.9406056384098,0.2533489028947441,27,0,1
51891.98855011311,20840.07570655169,756.8537657846439,0.2708804808947284,4,0,0
65611.26461260319,13465.036087288718,675.2254013467248,0.29436447879211053,15,0,1
67051.49942249001,1000.0,700.061079020278,0.3759773162550849,27,0,0
96260.05567149588,10815.57855798211,725.5178442265338,0.401127486145304,1,0,0
59318.65206890334,14499.183343822035,552.8060755507825,0.38846676176474826,9,0,0
69164.86731517568,13638.721806879184,670.6232550869643,0.1639955727091585,18,1,0
49151.37178701731,28170.090121976624,629.8628040791787,0.5041620615744014,19,1,1
53038.41189023006,23924.003872909547,777.8020588368315,0.6031578760538999,34,0,0
105070.20218365078,16693.590625452747,676.5008214329531,0.37321853230649865,9,1,1
50715.67649118585,6533.2848888219105,669.7439866929926,0.636823806103435,15,1,1
57429.023993165356,24355.448687809567,651.1120966534272,0.360979792394375,25,0,0
86714.76977193002,31226.765037776204,789.6942663532977,0.4478232614812968,30,1,0
103120.16154068928,33585.48395859064,629.7482339406375,0.09868483385491941,0,1,1
81206.72956089284,15541.73906221442,608.6172043756633,0.1527919906727325,22,1,1
81269.91356973488,23328.631114372285,622.5293721180545,0.5871332652952952,26,1,0
39957.93510709414,12190.762973885523,635.9406281959767,0.22442491407179754,18,0,0
75295.1099091699,10575.263633050929,677.2368251245655,0.11564356426003179,15,1,1
58851.674722407704,24506.047431892475,728.0163521464642,0.4477731882775177,7,0,0
74456.24161613405,6737.964911111805,622.4312520365143,0.11607437476493203,15,0,0
59415.06194385596,13638.339115708433,783.3798562767734,0.5288518009487022,11,0,0
53576.5108724006,28332.551617278237,701.9301359139232,0.5324221857454635,8,0,0
35833.47872724426,13491.495448527294,578.9947015523962,0.3671405612458128,6,1,1
63329.817493880626,8702.257307593041,545.573825968842,0.5300369078722068,22,1,0
68437.85728432471,35942.64215354071,681.2138574273106,0.6095616366417231,7,0,1
23241.068994862806,23078.73021147353,632.9601380315531,0.18837271797663313,22,1,1
52732.24956374196,3246.9987445369225,618.2763716498315,0.5046732425319597,19,0,0
59710.91629878978,21020.021719680764,637.3120895475138,0.5346430990217756,10,0,1
76465.11112601319,16913.93254014594,637.9618546842971,0.18611593231941037,0,1,0
53200.54550945667,25300.46004348475,697.2901731431051,0.5588136324215864,4,0,0
77571.95973637667,22522.59940732273,712.4171231569521,0.5536825305338833,13,0,0
70611.13836840147,17602.97766636546,673.0769083536171,0.16007684086781343,6,1,1
82385.77490003753,20380.42710348961,695.7474530516487,0.2721993431688308,23,0,1
54400.720427868844,20863.075834367555,610.0164538709381,0.7088066709837179,3,1,1
59352.408639425266,21604.898901137676,656.499600389654,0.09980045185977734,26,0,0
76405.9237016105,14616.652628296242,692.8988353459316,0.2102627287552638,6,0,1
44587.9618188772,5036.445616562043,681.7334623673482,0.4551604868993261,23,0,1
63667.255156365776,16006.378310845204,732.6069527636646,0.7280905609765239,8,0,0
84802.3858211537,13891.394497421388,685.1654205811822,0.23000139771685568,0,0,0
51665.6154002472,17457.417519514212,536.963876891067,0.6217466824580359,33,1,1
71560.81911515295,27928.823398803048,639.3280364640191,0.3071479526803572,30,1,1
64964.90113151186,31097.540486019272,791.3234429096249,0.2967401953123362,22,0,0
94368.54223668326,24468.05346489077,636.2932278090778,0.7472398620715966,2,0,1
66635.48248093529,25311.433100843995,664.6812663773786,0.6220519368969367,19,2,0
75674.44253735253,17170.542875314477,529.7062188667772,0.2239701213042527,25,0,0
61659.5428649276,14524.9479887985,605.9638623720764,0.17995649364922178,33,0,0
54641.060247418965,24623.122246995426,629.5363933042756,0.10885665719718063,31,1,1
69531.9555965054,26754.824629366158,814.5246679383611,0.38789107258362693,32,0,1
53649.691411263455,26634.750471439147,679.6148330854686,0.2841563329635279,4,0,0
85679.60873813149,16722.580356777034,667.7907724549757,0.3165751035023919,9,1,0
88518.05072078662,18750.180162427456,656.8541182413909,0.35198653419430753,29,0,0
66439.8220227429,35441.26440262542,588.256742164905,0.7437304716030425,8,0,1
56174.219831851005,1000.0,754.2959112106219,0.05201079436394238,31,0,0
69552.94002504853,26825.248524355724,557.557516619268,0.34824514353210284,20,0,1
39512.159317793135,14935.961133407098,669.8913519001095,0.09548108411904141,25,1,0
49859.43733188965,14938.13490572817,530.0100647290726,0.5211111373631245,22,1,1
43175.577624285135,15430.640322465302,638.7097655630185,0.08530015925852837,8,0,0
50158.657956556664,1337.150635333408,517.2980852844684,0.5867818664500225,4,0,1
52733.82954966597,16111.2626938246,623.5854837497002,0.657449545409087,7,0,1
39284.28717714892,29514.234192873933,742.8830609775358,0.7295611040688129,10,0,1
59676.89435253336,15355.623274409249,576.9500304767125,0.13460947182170618,17,0,1
61134.580121710074,16594.757574354837,637.6635252027554,0.7352240343670956,30,1,0
76455.73001285973,9988.234331008689,741.3074843624732,0.33863503499283365,7,0,0
67111.18977618968,18195.923934083203,831.6200172632057,0.49280517323249284,18,1,0
93245.30959930152,1000.0,696.210432072647,0.05003327726462051,21,0,0
76776.89924690724,10861.212313718188,646.7410828283861,0.30918117362434766,1,1,1
111838.29639758467,21482.78494095562,657.8279809114239,0.2970276277979822,10,0,0
42000.69377632384,6059.714474333005,630.7606053762839,0.40266408729945796,2,0,1
84948.20750026515,6858.855060740494,663.8712727030494,0.14281468046074186,32,0,0
33633.01862601557,13798.491922584682,850.0,0.5331301048363465,9,0,0
86198.27050894302,22478.583833421806,746.5348700213175,0.46699177512284995,2,0,0
72669.65521009719,27101.306155316932,721.4913753087845,0.19874147923570612,33,1,0
60477.28268705693,18010.79061435812,705.1624856883528,0.7385452798087131,27,0,1
69206.89614667922,15176.908108190262,687.7255716534294,0.053915111586771064,13,1,1
55181.49677574541,21647.587601542997,688.9179128578269,0.28514264895625596,27,0,0
53290.1367999701,15990.474130547997,794.2668067916264,0.2332073977340241,29,0,0
73751.04138301131,24613.61992126758,690.0349008226342,0.442027505052946,29,0,1
32601.585672407964,31366.573081799317,664.5871077354738,0.6718797494953946,26,0,1
71589.68649279771,16580.50669276216,606.8953251566722,0.5104426069863263,1,0,0
62490.33506679004,7745.796895382688,689.6832676730106,0.08331602773425688,12,0,0
58462.56822187915,17476.123413130383,637.8060270083437,0.6543787825762751,27,1,1
55157.078724899184,36131.07672010374,667.9253582374646,0.23555603841283518,19,1,0
69724.9582633024,20851.49286371847,612.8404106075125,0.1272270119257859,17,0,0
85636.32859852388,9161.347933130282,684.481530769227,0.3527877800608805,33,0,0
109565.30057260746,18323.070343242798,633.92533943473,0.6790979729313472,16,2,1
87403.49062852701,17344.131301106005,591.0822335501061,0.07420863558537351,22,2,0
81629.26839541367,10520.392006216909,768.3693009746391,0.4879629015136834,30,1,0
49242.86523160612,29352.0481822766,578.3558988760896,0.2827477290056552,8,0,1
53066.377780194125,23560.629468725354,625.1785367367162,0.48580098879495975,34,1,0
64909.52322169361,28436.257026539366,706.4830624964173,0.2364421918362653,24,1,0
73879.05211468265,1000.0,750.0004494113645,0.7269672979362023,29,0,0
55946.58899135924,20520.348168164892,677.9604454924932,0.12968119976039572,4,0,0
88712.23893828719,18704.032431219435,671.3931884891532,0.16059578556964588,27,0,1
51562.75568245002,9152.972492470813,588.1322060138758,0.08196738104635476,6,1,0
39811.185928777195,21939.998780259175,631.7229468285625,0.6064984876307459,18,0,1
85727.6199566508,9316.017737630684,561.5064314084341,0.11576976593747114,24,0,0
69723.26386854725,3542.467939845119,667.9046351902691,0.24363646122351745,17,1,0
59260.83534619047,24537.146139857137,713.6137972284328,0.1939209285838454,25,0,0
37581.93386462539,16605.20259791319,707.1373839772654,0.297473606697551,19,0,1
84694.42597759682,3258.0720052562483,556.1212238793278,0.5860471564831877,1,0,1
112574.82804497462,30929.726896100292,723.315975880259,0.7151344195608504,29,0,0
74895.19408179581,18541.96575282847,770.2157334261777,0.665209010944349,21,1,0
52289.97950112165,10763.343274249444,653.6219398110911,0.638816019762804,33,0,0
69752.40269001602,3310.339936982733,790.3173633537739,0.3422294771122004,34,1,0
76255.76555704736,8063.475641211939,648.3335072903546,0.6112730911204638,4,0,0
74963.07336484912,3294.175755181426,571.6050672202672,0.5940056565604198,14,0,1
48739.8150465117,33416.35313966387,669.5211319376701,0.22327148552666792,14,0,1
54898.97902207239,35998.40566128417,658.932683644003,0.23367682640794768,27,0,0
50061.12239733246,29036.904370164935,753.9577678160554,0.3992956653900592,11,0,0
72396.3240726289,3060.3099994400127,610.195598477318,0.7244343401265633,2,1,1
63722.06202911738,22867.947837643333,707.7037541128836,0.12553121026664837,9,0,0
88026.88183179976,39001.672756986205,559.5042326101712,0.7418798538131273,6,0,1
69941.95135285417,10775.942151271322,641.7169690511706,0.16125068584163504,16,0,0
79245.3752474862,17184.620616606804,653.4095684872682,0.38992731026746025,19,0,1
59627.982827937994,34159.06451900336,644.641868111152,0.2627802891447478,27,1,1
28879.676881859355,21135.181346515652,570.4547615744358,0.34382760998014644,11,1,1
91930.56460342304,24012.41975545289,641.8598493301656,0.720483471015221,17,0,1
67507.73766843432,11839.611005937266,682.096723492827,0.492261565676228,11,0,1
73262.60537371994,4834.621359204581,754.4357651096624,0.25825832736763643,7,0,0
81337.0165889288,22335.15539510761,626.4096259850701,0.48989891979914857,18,1,1
70153.92592065918,13544.441392523891,608.6323391113044,0.366507916329552,5,0,0
27872.13453173873,12101.536057667916,838.47619250746,0.7103519593673683,27,1,0
57964.221345923084,10834.23528830881,531.0199251698297,0.2969914802775053,0,0,1
55370.67755275042,25441.436396857716,626.5578683448182,0.45913223469328507,18,0,1
56033.52124095103,22308.51008298968,605.9935513686804,0.6445952175658803,2,0,1
60866.79550067568,35230.05525140988,562.3541349835511,0.7211897772521398,26,1,1
66110.1797685222,28412.353454147797,673.5527089888599,0.6094176319074849,5,1,1
103596.15586163232,19383.362048381692,756.3710749403601,0.7048742357235898,29,0,0
75468.25759021095,18939.577209529114,752.879246728398,0.3746427430903236,26,2,1
79408.78008914417,27539.286734957797,720.0728456596524,0.585150414102114,5,0,1
55647.65803687538,19348.534532196623,763.3143879246868,0.11625474138834696,16,0,0
94749.51511185014,29192.01186875187,663.2879011093571,0.46566939338621366,29,1,0
67683.05806900702,19623.66338915002,680.143389691007,0.05945206777953609,14,0,0
64698.498243787784,24025.39270315167,696.9771768325469,0.23203256737933997,18,0,0
29231.118189304216,31557.133790455613,768.8503679061948,0.5158917880616407,29,0,1
79161.22362885215,3983.6615165882085,651.7425912034009,0.17009348882039266,8,0,0
83630.38384991989,30684.00233740235,763.8697443637195,0.19009967420501628,33,0,0
83052.40830918266,31267.83153228045,790.5243403919591,0.09320289418394093,25,1,0
36932.05194834371,15959.622604703727,701.9491401523379,0.5731715930092371,34,1,0
83790.47452958344,19100.23085197566,736.707068171506,0.3635615177220985,1,2,0
58775.77107581512,15286.457244320169,597.4072196728706,0.6715647735567424,12,1,1
39863.37111869744,13034.782451283827,719.8955348134057,0.3035814461439996,8,0,0
108152.56340153873,29525.37801353499,719.635295959447,0.3546798965512982,20,0,1
95256.70040216106,5449.480018539114,698.06419502267,0.3964446672577049,0,1,0
78034.97260405456,19436.060947280548,741.0780277688881,0.6526370835825093,19,0,0
75482.24941060253,6515.331474473383,691.5595853426753,0.2545304827015533,4,0,1
96319.91914489193,13446.32616279502,656.7386301961864,0.0861056974893882,11,1,0
55250.408038517606,8084.9456811328055,671.8415989709569,0.48903397400323445,20,0,0
114653.41666227773,18997.660674462084,673.991886157044,0.6279906257579251,22,0,0
65843.90686808663,22944.723685081743,679.3353912724319,0.4393801724113038,7,0,0
84912.50084564016,28796.52419842397,654.2932432552074,0.27433467242715753,21,0,0
75783.33348974143,18040.232690577133,651.3209282167172,0.49132855730126346,25,2,0
44878.52210956651,35802.01185176699,724.7386180247515,0.7437022598834071,18,1,0
65400.930698123724,14189.420852006522,683.3644040464756,0.4518292375936515,14,0,1
94682.0777710017,25101.689268403657,598.811008106932,0.2706514919794773,20,2,0
49539.27970143659,30593.327177900122,719.4091793457281,0.22053088287786998,12,2,0
92191.3384887543,15080.45058367307,616.6633499706066,0.7487586850219149,6,1,1
78279.55777400205,23395.97811284626,811.9930131924134,0.6452953395514669,24,0,0
38802.19540978545,1000.0,609.2888744599863,0.24563987149745775,32,0,1
64996.27772679277,28361.030504817536,814.853314614669,0.23371226421933133,2,0,0
64006.585068358414,10740.70055193827,711.9473653849012,0.6125691355785466,31,1,1
44599.886188528966,32128.18516625279,650.4091878873178,0.7445997438427694,22,0,1
71014.87615243932,17784.874668791304,625.1686396134432,0.37592224696095394,1,0,0
37868.4180390718,26831.283921451737,721.3801556105534,0.20908590065831834,31,0,1
82552.20106058543,12747.72386627964,654.4555914479029,0.21124051576429553,5,2,0
47235.82816822203,46626.031161055216,628.7642248367963,0.608146171100583,6,0,1
58746.83620217373,19801.09763543098,636.2571938961644,0.47351185194552425,20,2,0
64943.94339966005,39235.344443411304,678.2494152970592,0.49362587880697867,32,0,0
95325.54474893985,18130.37498288105,685.1363278589718,0.18602785329693472,15,0,1
39691.39842977075,15088.224657267512,764.7176502777833,0.1413314388367801,2,0,1
54942.17460958314,24218.256080764426,663.3600596227814,0.057448588718076704,25,0,1
68082.13382075397,29103.83964839561,720.0481387013042,0.6906415813906513,24,0,1
63705.57254463915,26391.077495599984,649.9094159077285,0.29849282515509107,14,1,0
67194.37579881019,23153.176385328436,615.8521657313597,0.5805832222243497,21,1,1
60905.38449920637,18543.81655192838,630.1195380193642,0.6691206251616603,19,0,1
70593.96268583219,25848.537139781165,459.13834835002257,0.46899572538986506,28,2,0
25792.608503298194,21864.35308112404,681.6920741376426,0.34697995059685244,18,0,1
93324.54630905004,16838.27324372886,649.8487760876728,0.07706755518448187,30,0,0
63584.53812167397,16689.93005971835,664.1019171683065,0.2859897272964999,13,0,0
118877.77109545443,31096.67660045211,641.1664636790101,0.2751392371358791,14,0,1
58250.15787756972,6264.015955336537,683.1578941764939,0.4464425736838161,0,0,0
85696.7926016791,26012.182560373534,775.7503453732141,0.5848469802348938,11,0,0
50081.2408288844,25044.29145865669,725.6731494674235,0.5477707381919921,10,2,1
65852.25116215684,38209.48298625096,618.7587342124583,0.6589438697478882,8,0,0
44929.42379409557,1000.0,783.0504996717311,0.0827923375278404,32,1,1
58619.76865434746,4191.5863232084575,850.0,0.4735023933071738,26,1,0
50360.45633929756,10065.258190612316,677.5270755760233,0.18230509241529536,33,0,0
74929.35896916578,12340.059464878177,673.0034140905051,0.7307770433292806,0,0,1
98055.68713545104,26572.873593606855,738.0712238046754,0.3363781733614066,9,0,0
74016.31334439885,6074.82991848894,726.0327967000462,0.48669876005771434,12,1,0
122397.25068329016,15437.741159794143,650.4341961485079,0.29610771525027463,28,0,0
79135.11005899809,11831.794943099074,644.5033066507698,0.2041234141324002,4,1,1
46336.555053746204,15417.445997293216,649.0274575905433,0.5315129776834608,10,0,1
113519.79887248282,30598.89636700948,767.9583318013401,0.7074814448359132,26,3,1
83220.55293963104,23180.30324133856,655.5136221309552,0.0916359286628249,26,1,1
37154.058979072994,12499.592571115918,679.8476329318258,0.6276683181370893,24,0,0
64577.32612099531,5572.668426143351,749.3868544674907,0.28911495184789354,23,0,0
81072.15682154916,22843.690389816624,768.6149462813016,0.13464640992342775,30,0,0
76275.00244402808,12126.991000306887,616.5911159346872,0.5492918799682323,6,0,1
81010.30584087424,15592.605619763377,593.7344227308363,0.10772864531417929,24,1,1
85353.65748037034,15795.71992475316,703.6794376418441,0.5594156080328634,21,0,0
52982.091998713484,28003.113636753325,686.8280047041364,0.3550582382025992,10,0,0
75118.52563133603,14869.886875270375,733.3532736805101,0.16531658560902787,24,1,1
69277.9663515506,14310.255063519297,579.5460003527146,0.16003455665194927,18,1,0
59940.17810629973,9790.922841471183,656.7350278235715,0.5737416630851472,3,0,1
81713.26376618257,11177.657840313339,694.865687496563,0.6297928945830159,24,1,1
68947.27010263993,26251.291020790442,611.6159725319876,0.5299376423552843,33,1,1
87351.66839330128,18067.33367660413,714.5014082372194,0.5545916450375712,27,1,1
71202.70914187457,16244.761665832082,764.4141430967858,0.643701670513459,15,0,0
58546.30680495227,6082.4448082437775,612.8611086639112,0.3499874288236822,1,1,0
68206.83266490711,8693.106655414478,735.7120863362491,0.16737815501803696,25,0,0
78634.64332965364,22824.940318915633,672.0716498550139,0.3140890412537014,7,0,0
65780.0295615065,16050.505298662792,637.2130554790564,0.7355001729853853,25,1,1
56151.63790343192,16042.752184191928,648.0168514821494,0.36394225300793503,20,2,1
68191.43361835134,21210.19187308813,744.061518324665,0.696723064958905,16,0,1
93541.69802678733,23804.270839027937,650.3599816905638,0.5419139349968629,29,0,0
78372.6499932976,24246.039198766368,653.0965643941587,0.5664211855691186,11,1,0
72301.25841840667,15461.138873824968,751.517316117882,0.18314868768059206,30,0,0
61223.871230637276,16935.852903286002,735.7406943691168,0.3081115320970111,6,0,1
69347.97969509578,22744.493557029364,647.838949547614,0.5626699774131825,6,0,1
45973.787749092124,1000.0,809.8934592573008,0.5088952105952794,34,1,0
61434.37487840971,19481.48054746455,741.6794915762358,0.6538249745822716,26,0,1
75615.29662988888,24408.023170891305,788.0029832394156,0.19699392732739535,25,0,0
67219.99593084873,11765.118025054559,804.0814232162588,0.5738162986260047,18,0,0
57591.493276491026,6518.7172932751055,640.1659319886337,0.07761008143281174,21,1,1
40541.68582095208,30857.30341937954,632.469477395928,0.2598603158534994,0,1,1
62537.45116996279,10886.415878885444,552.7682345452312,0.49134556689177605,33,0,0
50247.964577689374,17622.945169963965,783.3055546847729,0.7360312706299968,31,1,1
64460.93842347245,20799.208052248152,565.0641127876274,0.7425614130996305,28,0,1
70624.7874703658,9812.48338575487,699.2414832152323,0.35740385964756277,21,0,0
93892.19791547747,3823.255687218125,599.6376610198295,0.5852734232586324,19,0,1
83602.60978847124,20530.97087126352,671.8470715368212,0.4703483148472041,27,0,1
69778.13912813786,5475.515185671686,678.9082716486533,0.5463672399099901,27,0,0
106845.69821981361,24070.818457561196,805.7735087661395,0.5623633946387494,7,0,0
73118.37219443635,16654.502442851142,725.0246379100143,0.43312288315679603,20,0,1
50696.31129374085,37327.24335174161,850.0,0.6197564501447905,17,1,1
60690.67074674002,19285.957003196294,694.4378559086113,0.4591453842427818,14,0,1
116578.99904346975,11569.49749526579,701.0421863396748,0.12043093953545214,9,0,0
50649.34955584338,25107.715936646837,603.7794943086272,0.7424427550957816,26,0,1
58989.45556364853,27678.033323154,632.7072838987312,0.26269675597477354,17,0,0
85000.38485541812,5896.000473993807,579.2103593044865,0.7249314289990596,19,0,0
47357.76206091994,21887.9368631837,676.6320287229101,0.25483343377072587,32,0,1
85590.02725909442,21101.9203907582,625.1214080142421,0.6472064332931861,29,1,1
88291.6727378148,26709.944983665308,651.921529669524,0.5327101657555443,2,1,1
70775.38756684707,8772.931891422573,590.11966694908,0.29980906996273166,0,0,1
98254.82551329564,24488.35973560291,624.9263628281903,0.7066028329020235,9,2,0
61698.55769297347,21714.903983434735,681.697276746029,0.458202503997225,0,0,1
83804.18994177962,15825.93797778441,540.9459716316408,0.6308338703700878,32,1,0
17760.597445116553,42054.05199383904,807.2355893664316,0.6078583241900436,28,2,1
78457.96236500866,7310.898416803981,775.1349519249794,0.08246889911138168,34,0,0
92026.2674304501,15817.85619222047,842.5877017749737,0.23820281585745884,30,1,0
81133.22849103928,9943.490914937423,611.1397353585069,0.3805509693408908,6,0,1
57528.248196396635,21045.321986207466,645.197841033437,0.7031142246290585,19,0,1
35154.91523692214,33357.68545411012,824.6959758394894,0.09372286763147139,21,0,1
88170.4099333048,30892.31686617279,803.6558688695097,0.17995057391216657,11,0,0
48437.83403071425,1000.0,647.3588868858884,0.4871664131055973,9,1,0
51090.97918981974,32212.972303411607,598.4064138092103,0.5068897681776952,30,1,1
59768.571015967624,13501.22797174225,810.1948836651354,0.16478712279691393,20,1,0
78438.38701953222,11707.005961518562,630.1129259699898,0.7138102052613172,22,0,0
89314.51255889414,19344.396845903742,725.390920839518,0.17378482472328688,30,1,0
105778.36901773332,15428.930045545127,722.1917128921153,0.17764061692210947,29,0,0
68340.74466166687,14963.27429000363,657.7269862658095,0.49488333842317883,21,0,1
71646.20010541638,11391.536407558104,590.7611941251167,0.34502457170195266,20,0,0
74827.67982597457,20888.553500144153,755.8384144044471,0.06820816103015392,19,0,0
56254.279804397185,28960.371412096953,586.3135085379041,0.6943562100527955,27,1,1
79903.10373393213,19312.657358545028,574.9424815929817,0.10259930087273132,15,0,1
54170.56485627231,17106.813180766985,683.3986447515355,0.1594220859107689,18,0,1
88244.88596679142,23569.542849903006,584.5396090063209,0.6779728057925082,23,0,0
46473.28342067165,29409.113396171713,705.5231169506648,0.24271820737195693,30,0,0
83710.59969916072,19150.436095937283,785.8101162678173,0.6223752697821172,4,1,0
84037.05316242033,16559.87783574356,753.2787002008362,0.16950004365894844,16,0,0
35116.76307513911,23697.562384485165,799.7993090091926,0.08372894074120558,0,0,0
72920.82582567015,11819.11980903496,735.6697445588,0.21431149318720027,29,1,0
97486.66232897385,1000.0,658.5963126880645,0.5694110829769767,31,0,0
70892.63888211874,23503.71130556115,587.0981121989242,0.5138152844575012,31,0,1
67757.2140859555,14232.632149234023,598.6920317029306,0.26743359537561073,1,0,1
56469.5515885583,13240.641701151613,729.397250455995,0.4934359313188936,33,1,0
76655.809022061,1000.0,731.7419295515467,0.5154879207520779,28,1,1
59489.61702513562,11272.515599805869,630.6300231668611,0.44527780449957793,4,0,0
76056.64801612456,14821.670894643372,666.3827322153537,0.7048669552298709,29,1,1
81611.20764498388,30963.29413261958,726.9511710148755,0.6055345612906587,17,0,1
72118.89167749403,33780.08220476418,648.5377968204295,0.6211819725044472,13,3,1
88901.32292936352,16368.17563096995,805.9948355288195,0.3481260430039069,10,0,1
74636.06461432294,22933.75014445091,700.998215560297,0.528729599573599,3,1,1
59263.74763340343,7672.426599606848,732.0380264545227,0.1783458887086803,21,0,0
30364.297375003836,19123.483634138316,674.4197131240845,0.2571684334312601,2,0,1
57294.97943822772,14303.449710262696,709.4366575380734,0.4016936741934136,23,0,1
63307.54370336514,3793.681364467926,574.1981830412047,0.6213748414657333,33,0,1
77844.68212689085,28184.738253308074,677.5581495471403,0.285852491963469,7,0,1
29191.13765413144,19790.72706331295,626.2439443176719,0.35787068087146445,23,0,1
30835.44020043569,24239.04798135671,850.0,0.7201389732039513,15,1,1
28539.786789728103,14482.815064556191,691.5557622949908,0.24886858798391726,5,1,1
64879.82441342436,1000.0,667.0695140643317,0.4826456965866066,20,0,1
40127.44850545385,5162.256942241491,707.5571327514883,0.12038057808586333,31,1,0
75461.87338408179,26220.398623183046,702.5407546884051,0.33817323870920996,21,0,0
58756.668103830016,15795.0304005288,680.1360523857176,0.28106297351113785,8,0,0
35256.06966656432,23486.48626044829,726.9084860491529,0.059150491228785566,17,0,0
87187.04400357796,14177.454134313182,720.6529685625384,0.45964743497192145,11,0,0
66156.05035306532,18839.202064767585,685.7614762297494,0.2819955182148072,5,1,0
88012.99353468114,18005.072764343182,786.1445253779426,0.2261717745414154,26,0,0
67325.84029596498,9695.361354597002,568.6473402032805,0.6748178614113639,0,1,0
97492.48165860868,20344.030403080484,650.1866147693395,0.21073423963291527,14,1,0
79319.60608966566,31889.353226937077,652.2957925090111,0.333839923164484,13,1,1
39204.42074003652,13569.432541764178,678.0336467970037,0.7146002805146254,12,0,1
56056.941998492635,3046.063490312499,660.0669845658932,0.10621490010846474,20,1,0
53571.32543725088,24479.008947906157,642.2510935011009,0.7069042853961431,5,1,1
21469.305434236718,5660.57998772035,766.7816377137644,0.3231503404233528,19,2,0
84516.91081736455,9140.011414841736,610.425582490518,0.603649302101794,3,0,1
75464.22504662203,15535.917056525492,712.9118948878855,0.29912785612514936,18,1,0
95702.11594377713,23680.79212782998,643.4578103204492,0.3408852700278871,9,0,0
34262.46039859708,22364.034352146868,706.6193127946425,0.35644501899747644,4,0,0
43949.24197704265,15114.088268031617,771.9964150276608,0.7127659035269626,1,1,1
47125.45600886457,6137.033925680664,457.51323324507666,0.43517808471830854,30,2,1
96586.93640361837,42143.48681588119,621.9678893186452,0.2018132838025512,19,0,0
95180.71873306217,19651.66061792447,622.2227474912074,0.47805771218146914,5,0,0
40628.70576773306,25380.294497874915,668.8411517000619,0.6726298177268021,18,6,1
74241.07256660832,22355.734128858116,744.1130731583407,0.20006667718205728,17,0,1
79431.7891929005,31537.8932010149,808.9313452249506,0.28628848635680415,29,1,0
64073.14305630782,8446.958836609387,742.9770809872842,0.45002407670981776,6,2,1
106518.56114913941,21284.62458377316,670.0073939194016,0.7410805773702562,16,2,0
17232.185152278114,15118.384700221555,643.9339203357803,0.37575128369810656,3,0,0
27522.90305306756,8239.740838018528,786.1403222432781,0.4590443171685904,2,0,1
68802.36515746324,29723.95411364812,575.836950194059,0.14471595113769364,24,0,1
42343.35284692823,9507.489892842874,707.6604286667362,0.5807085710040648,29,2,0
84597.1717105616,22345.88041451671,763.8564862604403,0.20390956482052558,13,0,0
34411.80258759292,33175.717354219756,659.0578085403962,0.2795451001488573,22,0,1
79097.5183348721,32982.313662750144,702.0514330314292,0.5466955048681085,15,1,1
66100.28452179041,9696.553929694326,586.0729724609694,0.548865276317174,27,0,1
102920.97011673165,26768.77014683476,714.7242845087078,0.27315994471932287,11,0,0
49990.544866265125,23314.71924770721,684.5114342441086,0.6452216996355684,7,1,1
98606.0541091293,7381.602052381728,718.0801680460243,0.6062936782689337,29,0,0
81913.3214211035,1297.6232753667537,648.8266963102741,0.48104529977274424,5,0,1
46840.490853368094,18056.703962170708,602.17480679428,0.17508821638384192,4,1,1
47568.05856775886,28881.827547922465,757.2302266860856,0.6834159783270001,2,0,1
88157.12864405978,44189.195153635315,758.8500908867948,0.41919504094391374,9,1,0
68959.10115405318,12547.96373845974,719.568317584681,0.3134828662419417,29,1,0
63180.90077198482,19638.889483987976,707.6148457839274,0.6990963258437807,15,1,1
101168.70895243199,8643.388417073036,511.4434338585759,0.7301475580293422,10,0,1
81900.2034785715,32282.985690344518,764.4362742736984,0.552034944078831,2,0,1
49040.87842309999,20893.769330790026,713.0773807520612,0.6039630431737628,14,1,1
54777.56841420935,21958.62669368309,768.6380457386701,0.22273533354184027,0,1,0
74334.21879014387,19167.0931003758,597.1090807633225,0.2311568483206739,12,2,1
70378.73803114808,10480.746913699295,725.9339027714325,0.448439778611562,2,0,0
80175.70051285614,26198.866437156008,721.4968463834341,0.7382421939812411,29,1,0
82268.91025547482,27255.580537395195,440.37683927416595,0.5702570726185601,25,0,1
96675.3395971352,29534.544462462898,673.1732934458164,0.572193335801005,10,0,0
57317.476803157915,27533.750979855315,679.6099918805247,0.23031823474096824,5,1,1
113212.75235777025,9424.315450277987,612.2024043298558,0.3438473969167025,11,0,1
84025.41124491996,16240.76973360865,713.2088726074056,0.28977072533814136,15,0,0
70833.8508825733,21889.58188991704,695.944301445484,0.26158039389023324,21,1,1
62239.78470012707,12342.19936431155,634.5783526205835,0.5617709908360541,21,0,0
73023.70111746331,7714.019092255105,642.7349569002372,0.11989787893310573,11,1,0
29534.843426710388,15472.587735448997,563.2248980167398,0.16580954145012022,16,1,0
63104.95428978183,19376.881726707943,711.0612134558564,0.33860703129056696,31,0,0
91604.2205809324,48087.48408194064,701.9943575278048,0.26190954101725783,2,2,0
57050.3755977138,29662.70934720969,671.0871081712328,0.6823597828863499,24,2,1
27022.37220079478,11557.297347108317,660.4936018331555,0.19031036827155734,18,1,0
38710.359658719295,11431.351892384624,732.0072684254302,0.2241901756247519,18,1,1
58911.12409724322,8381.844874424787,690.5745386894414,0.17465937958986488,15,0,1
71730.95765878518,24793.020599874068,737.5355533841287,0.6508451293616181,25,2,1
48307.20239639109,14564.637988025908,694.4680376135598,0.1914412717729101,32,0,0
37801.49845957569,16787.4797779556,744.7096083448265,0.29645469379917766,14,1,0
50474.27641286189,13692.115140941281,740.0004165949729,0.5185179360998428,19,0,1
103661.59048936656,38650.52747593442,746.8403365310157,0.10434227741712507,4,0,1
117732.10392251876,29724.738877739037,637.5396288382283,0.6216543899493855,23,0,0
75577.56652212514,9040.568850147827,727.4422962427086,0.5443754550903152,5,1,1
70434.32169769147,7724.327489978221,680.1797016180335,0.23272634635078043,11,1,0
87543.27030428573,28874.507881387923,670.9633276528358,0.3242561944366516,3,1,0
37725.34378999549,9422.997082806465,646.7555229893071,0.48404923109598463,12,0,1
53950.84261447521,29832.722621813577,703.5492861336464,0.7125202192937318,20,0,1
23117.638862356464,24549.621104977887,543.8204948650359,0.4904823246419816,4,0,1
74348.32631916534,9717.233085872293,704.0580042339368,0.2271278241018701,12,0,0
64122.96997052724,23885.181342667587,703.8170087121007,0.38774772978870636,1,0,0
49241.8899690229,21668.92865737782,754.8036889262987,0.36473032657105336,5,0,1
103896.71473513477,3769.497913247111,689.380600009423,0.42282517805135744,28,1,1
89839.55816912156,18050.20969850798,776.2285047474752,0.41333420153754385,22,0,1
64368.50277275153,14801.966639251337,652.5302041671496,0.30483665078514616,34,1,0
49065.23060557605,21311.70797919532,644.2400390282339,0.6602785825562496,9,0,1
71218.77792834875,16508.45555512824,791.8134726622868,0.2810778437634537,19,0,0
67102.9368784698,21383.623522053505,639.8445884839819,0.42096663936354956,24,0,0
54760.40029980219,12439.250318619223,524.7275482599084,0.23260418318682713,9,0,0
45452.03510278723,16934.77997994777,792.8827259294108,0.3543611639014756,26,1,1
69849.36880225176,6118.217611462727,798.5691482876509,0.5269736605052313,6,2,1
69509.89103434887,14381.732667216456,668.9694418418388,0.580499276440603,20,0,0
43432.29571477458,14205.848910669678,675.6808593313917,0.6143555543996511,21,1,1
25740.73995366104,5058.345743673619,644.9431251664372,0.5657772036896311,17,0,0
58170.85558904526,18550.256125078446,811.388167557011,0.3767287434759053,0,0,0
36365.43656599477,32579.718575767176,787.6763889302629,0.07622787203714299,24,0,0
49075.34586647754,11610.002919904076,641.9884434345053,0.41714444725593736,20,0,1
53971.109246790795,28488.17119328743,690.102957085393,0.08860546940736298,29,0,0
74070.33781166577,20561.072687904692,805.9219590651145,0.7265149026366163,31,0,0
53761.683308285865,1000.0,824.3521371803058,0.3145695439435714,34,0,1
70470.47921723535,40203.036077404686,709.6014135787372,0.4025699281246631,13,0,1
46940.82516727891,9773.165855806865,720.3887005073791,0.14068288832630504,24,0,0
71583.9776038983,18203.682630848925,683.9735532677709,0.7470060172492156,28,0,1
58519.729038363126,21453.64952147439,646.6872273317072,0.3945412798641978,31,0,0
70831.54332586013,17694.10667637139,730.870374036304,0.25880297762856874,10,2,1
90989.29403874981,25363.573275768307,801.2004815109602,0.1851340671927847,27,2,0
61233.333992256696,29037.428463579716,627.6107261328913,0.504951523242268,4,1,1
61941.71061407943,9872.678620541661,704.1032985421466,0.35540946904285875,34,0,0
73902.96807273974,15995.97080578697,701.0216839169916,0.27213099682450015,24,0,1
75476.28454031612,11940.370568407221,595.961744877212,0.05674981692314882,6,0,1
17367.83636833677,11884.42473739418,692.1787524962015,0.07547791689913629,32,1,0
42083.17503909778,19004.713324170247,678.4218912202357,0.5355291913204651,26,1,1
69758.75962342235,26957.663788818903,659.7755264241249,0.38637832641039227,20,0,0
97837.15936655979,3445.4159257022,787.8938152769326,0.6442232901218354,26,0,0
35366.25912578008,16637.303893420096,661.4632622919165,0.5774699285893257,24,1,1
53561.972954867786,10383.7302048631,627.0873802709633,0.45140831955241084,21,0,0
69877.77697888708,23664.576598728818,738.2241718218938,0.4426936142075075,10,1,1
45578.29284785793,22818.46428253691,710.3881527064592,0.5717414622471995,5,0,1
75832.73445112778,26829.13564535215,696.038441888818,0.5688136233198773,2,0,1
79347.04658864034,6712.388308669908,739.6381467351329,0.2841622316024831,29,1,0
73786.85376513419,21110.78910802895,681.310140780896,0.12372361791129231,27,0,0
69022.41587782372,17293.654647140935,668.4715223333908,0.5902797585221311,16,0,0
44667.50247948349,3042.1012545618796,637.1403751464552,0.20617415680665285,22,2,1
59088.087311552394,4343.568322972382,749.8873521015684,0.6038855576545106,33,0,1
90395.2974271542,13881.743825518095,789.8990268122382,0.48266420638638413,20,0,0
72269.37532531802,18013.60562226014,850.0,0.3005720673212371,4,1,0
18204.370841598473,28895.015643396237,737.3476549275305,0.6465917505943282,14,0,1
81393.63435420337,15279.735704072224,814.1559324165123,0.5338179838490742,1,0,0
73162.53061771666,21293.437480724817,645.0295388214466,0.4315757883414472,23,0,1
58135.51944961443,18786.362449225453,628.1237546348144,0.2606299655572093,9,0,0
60834.01719930993,9647.732127195595,606.7836446210986,0.7403964236054161,19,0,1
52731.86124522181,13697.04918838188,690.760471378969,0.6369783594310466,34,1,1
66466.83374826743,18227.695212731527,666.0478412915712,0.1456030162914625,20,1,1
65092.62210503782,6845.971431615422,808.0857939228696,0.6143601352673347,29,1,1
60063.42106348196,23182.109876721934,661.7360431525616,0.13413202062683466,28,1,0
70263.09410727282,31012.43347820631,667.4980018718943,0.22342341123613146,34,0,0
62484.38349129382,32417.346830267288,747.9510408887139,0.7202848345161591,25,1,0
85055.20661154552,24211.324548719538,767.2850001281962,0.6589333069482947,19,2,0
81688.3130368106,21047.502459097574,727.0409283207322,0.47420240285701964,17,1,0
38029.88264725245,1278.7778241402193,743.8990357951047,0.5393897174765423,21,0,0
72451.08358061535,8867.156555065669,745.0861043622849,0.11272662884894057,12,0,1
59439.82440059705,5609.497130128917,828.0138172316548,0.28266169979821576,14,1,0
45605.570285651906,13710.756304608902,559.6526482621931,0.27569723211156827,15,0,1
71617.10543397836,24899.67867756316,645.3476837400752,0.07286821193958179,24,0,0
73104.83334405192,20373.475855236687,797.7309324084711,0.5428713346730092,2,0,0
120211.16572546627,21360.498818381286,684.3384026031638,0.2652879675183483,4,0,1
20597.751522653394,22250.848755923274,741.3820441113394,0.493164864895119,26,0,0
55613.24005314946,11275.634662157052,516.6941635632993,0.06905684066487322,32,0,0
115205.67827316214,15966.71246320871,636.3922978959073,0.051150439745030175,3,1,0
49943.53079494816,19911.342208898874,558.5822530494394,0.1690048050483089,1,0,1
72281.31870119723,28023.12718192982,638.6699403023686,0.5420206288040018,18,0,1
69069.85405925372,16821.111002558046,661.9032123264848,0.4729200177672404,17,1,0
66718.29309948828,15896.220709609523,706.0690280969491,0.19063440881114846,10,0,0
53710.17747388909,5547.373415199956,777.2826848798665,0.4163617426405651,34,0,0
55297.24508494082,10675.598354297135,735.9150683677825,0.48345437914801026,10,0,0
71359.39143275715,20050.848298089546,729.1304327760672,0.7072614108875179,32,0,0
61213.1718586439,16474.492185019906,652.4824486288619,0.5836980256205653,1,0,0
71110.62299211301,4796.9305970658115,601.3789144757753,0.1450833675391891,0,2,1
74568.06963912382,4623.267452056518,674.4680479820516,0.2391610350717135,32,0,0
84686.49261224852,8356.739773027391,625.4375970693685,0.332440368402761,12,0,0
86277.54193613071,15465.013758073146,618.4105858525079,0.12370341996501268,26,0,0
68431.36442988143,26768.36585460261,582.7928083723341,0.4387496718971523,0,0,0
42641.68211922857,20340.23811395095,686.8705555561221,0.6849649952908742,28,0,1
90473.25777454462,9356.514456377348,693.4906989467758,0.2644643916574653,21,0,0
71983.55656793679,11604.303522547903,768.2563081573592,0.7392521250339082,19,0,0
81953.43091924097,22354.362871283716,770.8970024805029,0.2245222311924167,1,0,0
74665.31325894636,21050.58156426175,727.1016900312165,0.3805864738089575,16,0,1
61050.6051953709,11818.18492296485,850.0,0.29012453279313255,4,0,0
58806.43823089751,1000.0,639.4213702122393,0.26568034642144084,25,1,0
97515.7225166928,20756.189520948603,658.3224135488524,0.31450956096946875,12,0,0
67513.97849668044,14928.039991951646,667.5726856738288,0.07268842586720926,33,2,1
64769.302119355256,33592.97968996774,663.7723778985311,0.4224072380202742,29,1,0
49614.99727011322,14921.527874481868,568.2917810708492,0.5689867215312207,1,1,1
60213.369588175075,17778.275387026515,640.7793907719011,0.6546547417421081,11,1,1
85167.18614682715,16085.913802023637,711.5881685815776,0.2770486399332717,21,0,0
67020.70721302116,21937.089744408826,761.0333506346728,0.43528296653869325,12,0,0
92018.58123533608,21566.774553845018,593.2431957005251,0.674957219299292,24,0,0
72791.54661246695,7936.235159669877,600.6352388803108,0.6099105633298422,20,2,1
68100.1659156213,6024.658100388318,615.0597018028526,0.3748525042159441,17,0,0
57041.319851872424,27925.094202864435,716.2224029055734,0.16539237913804544,18,1,0
67147.26590271198,13776.458180625117,617.8425176553875,0.44081179418204436,12,1,1
48966.72561387499,22921.776339329084,586.9313176673816,0.7427873362922038,24,2,1
78574.15408963825,14904.2208289014,585.1234807935322,0.5802504296930149,15,1,0
64931.99086455025,1189.7824781971722,666.0953108883766,0.643615819700145,28,1,1
61147.76985207222,30566.87579577747,683.4737402323973,0.18213314720931378,15,1,1
60757.610064453926,25108.143411512276,740.7726662521269,0.6827238635884214,21,0,0
79685.18462848777,22901.854183579188,731.7115278980158,0.05988583054428601,11,0,0
53390.85492795947,9436.580374941192,758.9178993319956,0.6535481401949189,25,1,0
86350.23011784627,24419.598206932373,682.3707593472292,0.217384526881864,27,1,0
57285.945765730365,20469.35387726761,623.7181152188755,0.48589929044443053,27,1,1
78467.42440147833,11576.512529140404,703.4413209426064,0.25513644117469225,22,2,0
56480.96196251404,15568.938212786361,591.8546869221651,0.1447071662888097,29,1,0
54221.219276793396,17355.473393868913,717.2783363488667,0.22296857848466534,13,0,0
95389.8840569749,12707.918650155581,710.5959283843827,0.38104980069379185,30,0,0
79095.20789221904,20825.648351554635,769.5746680801207,0.6937629765090779,11,0,0
67517.34629954335,25766.95287447768,751.0563332920395,0.3223027576425162,10,1,0
36192.492715329645,13853.220519721966,721.0759126669727,0.08910868006579956,3,0,0
73762.27404825961,17034.153654237747,562.5272555774017,0.06663754479886694,24,0,1
85707.5540865889,16997.291752567464,652.7797629673303,0.19690942187300797,24,1,1
69062.59597366232,25475.22565627662,728.0784404078964,0.08642020772882067,19,0,0
65705.30772695644,19653.75086099757,786.6008823466944,0.3097905614165505,7,0,0
69088.83052168484,27274.46399712524,731.6036536772253,0.3189770805766208,23,2,0
73964.15844184703,12096.597635804548,590.3992721599916,0.730498551845129,17,0,1
53640.94394097749,17902.613313914448,800.7354049524905,0.2643642031643531,8,1,0
64853.31173956339,23184.73029226945,690.0622982759213,0.4692538936063718,23,1,0
67764.78940416453,24330.71059329372,719.8473680321122,0.6231765922311967,4,0,1
84239.20854562512,14608.958983394039,725.793911135628,0.4091160067785409,12,0,0
22393.104348463814,17698.585059334848,638.7670158618312,0.5375999913128094,20,1,0
84785.37478144874,10613.60084489961,625.8742908070612,0.7320721898575996,8,0,1
34502.87741901203,1000.0,701.6065445544041,0.2769066268820265,1,0,0
52061.019064529944,15185.779945021346,626.8975328682225,0.10194740347956872,0,1,1
65051.56264504176,15222.37982103841,645.5381394552924,0.3512202555136308,7,0,0
79569.01090994221,14220.027108792883,661.3029347590954,0.4284435031899553,23,0,0
87205.81400066083,8273.720332911815,556.0811609663396,0.4559904930804358,33,1,1
51744.191864229884,23072.37856484051,731.1938570564539,0.5669938231402094,9,1,0
77189.42622684226,24210.36121569599,768.6416869076845,0.6786595144385097,0,1,0
48090.18479976383,17421.87934910895,722.6780189266459,0.4001156832633488,34,1,1
42430.416115359956,10694.330864478201,544.2126895825431,0.15038399325010346,25,1,0
96418.1681993615,12798.035466984991,712.2011280710929,0.3323859015856846,3,1,1
95502.46296950633,17737.166148229524,761.6649904495624,0.15875857900798088,30,0,0
58897.625653328105,25657.27344434954,651.6221975295483,0.17761220874811834,4,0,1
36896.54995042196,6059.424121730301,705.2649135827386,0.05118980540427709,22,0,0
42708.61285531772,13004.583081434064,722.9671315303357,0.7007985174144972,33,0,0
87249.13921325095,19332.367580620506,625.1196569113474,0.5716819373319847,14,0,1
73385.35611714746,24802.020858575896,622.7040275269621,0.12019323234919217,2,0,1
43692.95289148127,6119.926211517004,544.003986021085,0.6940745055376955,18,0,1
68644.07660232681,11364.254600423339,643.4023703220379,0.6592508360875473,26,0,1
49531.415058904015,1000.0,620.4906612450756,0.6869230124446736,21,0,1
34014.78599137731,29784.053039104238,663.6465779737093,0.118119759757518,14,2,1
43948.37644374554,8031.158831533994,745.932381645571,0.10592516847058563,14,1,0
86575.2503599631,22465.62462296002,737.4191865569695,0.09741468460288069,31,0,1
31492.01869616373,30863.089770601404,600.2268780218453,0.7268455799438419,30,0,0
62294.00016857905,30639.52471906771,659.1909842553173,0.5123289993162132,16,1,1
42982.261478647764,1762.8392140601663,689.2555581035347,0.17458745750391336,12,0,0
88705.01822518121,27133.028814721758,500.11670607631305,0.7004116397519731,15,0,1
61209.08742463353,25334.01697960458,676.3006890476453,0.3602155278100608,27,0,0
85490.51411716147,26646.995706829646,663.4433596711767,0.5998128836018412,33,1,0
50503.35077327782,1000.0,663.6393107576575,0.4953317641115205,31,0,1
69236.21989885077,12659.722314906356,703.1427098574089,0.5047583565098075,23,0,0
51766.43915731808,2706.670849387736,601.0942601743752,0.3578103962348275,4,0,1
37821.45596787749,13696.499060333259,714.8727429262674,0.32646516474682774,22,0,0
48031.52711095417,25271.243024974727,693.1079660454168,0.16334436728077714,20,0,0
56470.79943166755,35587.55620270718,784.9298345059101,0.09954649207321792,0,0,1
38996.9944821541,25674.601900323643,680.8609432470868,0.6995940508809385,12,0,1
80853.6871830114,21621.978511835037,778.923988385164,0.7056365886226338,7,0,1
47987.26597532819,13390.108904011835,785.9296476216169,0.49890857459875215,0,0,0
85852.43894999166,13015.579672606375,706.3206462325545,0.32164289994564343,14,2,1
49797.62573082033,21783.35782030908,673.9681423186089,0.06756300585942882,9,1,0
57816.39690447712,16978.49908291376,632.0386136005013,0.36335929935225275,0,0,0
48569.49384663703,23166.996713568773,700.6587174534371,0.511282736971442,13,0,1
64692.7799482503,16798.019759499046,806.2334110069233,0.26020079567552346,20,0,0
48886.54027956526,31137.814098055314,701.6966803420348,0.28970608317105795,0,0,1
47077.242269238326,26998.474550751824,705.8284155053157,0.38062638670370375,26,0,0
94752.25909008746,10358.516998124927,788.6583549763549,0.39644242844253136,30,0,0
88685.87713236207,24878.46356543202,809.0083445786474,0.5700053651729393,6,0,0
104329.83544198907,20310.47089889259,680.3801749355663,0.39983286664008355,17,1,1
62579.276348386644,11490.674943669444,710.2801148346945,0.6416922991627041,23,0,0
27393.5762595896,36631.068102688005,620.462223370423,0.387943573359052,34,1,0
63593.076762629404,20740.600891047343,696.705223520326,0.0723383452241289,3,0,0
49873.86546265301,21172.754056558715,718.3226772670757,0.14898428088289836,1,0,0
55636.235497808106,25110.84807586968,680.5770902564068,0.5527132544147446,34,1,1
64169.27942310054,23118.248598767626,636.2812612220175,0.36630320792156773,17,1,0
99395.4905406356,26829.86990391264,624.6194716309581,0.3728522033206859,1,0,1
67007.53003845528,6977.4145812863735,746.4874786316528,0.7346047623136192,26,0,1
106300.0084641208,30638.668681919997,711.3278300692434,0.4500231155074742,6,0,1
51495.610049365234,21540.69841283994,685.9635680547341,0.13184424119664584,30,1,0
94610.4953044052,20212.4531033928,587.2986041691272,0.3536280655345608,33,0,1
68366.31273398986,11288.461537113948,677.550568803271,0.44292770485971106,6,0,1
23494.066508621596,9881.144249687266,656.4068655349065,0.07622594204894131,28,1,1
68563.013038511,9666.744728711164,582.806180761928,0.3052268984087177,7,0,1
79064.4472526548,13659.007504431269,750.3589197043996,0.7274726923420394,32,0,0
32631.853052227507,18533.594540921196,732.8499198977261,0.5759122549454563,2,1,1
59439.25225561491,5835.90608800343,693.4539347831494,0.31050679735052555,31,0,0
54677.88083285028,33891.2060551217,574.3600433722646,0.23347823820405167,18,1,1
84359.62253555088,22519.201622352823,743.0971269409005,0.24820667805301894,3,2,1
56241.0675096732,8532.047274389868,694.7045016140959,0.6298901866415009,9,1,1
57301.493707964524,26796.837599620856,691.1922562919943,0.331138885022204,17,0,0
47539.91037393347,13424.79731477048,693.2741116325286,0.6402223784145326,18,0,0
45949.893138221116,11044.31982719228,627.8950396465921,0.6861205584688085,11,0,0
45368.71909080881,29668.63010431372,681.9961201469823,0.374939420297258,10,1,1
41123.82810976748,12092.580335966733,758.2156458486497,0.7116906994212454,31,0,1
40038.27966111235,18457.01275711216,573.6352916819915,0.259965973512573,5,0,1
94874.5294830773,26184.0426060698,749.788122851991,0.23201441247436105,27,0,1
92872.99765956058,28629.102305624976,707.5110033420889,0.12511138256647478,25,1,1
87949.9430074263,20301.782215478903,722.411652156742,0.22206284798749787,7,1,0
66465.29734750444,2447.658168158534,668.2848331824881,0.5908575834175503,9,1,0
56488.49164146517,8398.953302291271,669.3827085649667,0.3326513368022731,21,0,1
75404.41956943873,31031.972622331166,588.8919383876345,0.15371401633772608,33,1,1
94440.66122392681,25765.41827019117,656.0597898412669,0.12492205590222796,21,1,0
69526.46066074792,23904.505380750656,702.3319137714738,0.39316918068383394,21,0,1
57136.56562244218,11487.25075664559,784.7773409560193,0.42754809343201666,5,0,1
76784.00580763191,8940.511455025866,698.2538177298129,0.6061885023420078,30,1,1
132068.53112577388,5236.866624763583,585.69433672077,0.5503656604047925,10,0,0
49189.48210324749,13246.834334290863,677.2040526808141,0.16698047406539157,17,1,0
44173.39389516621,21406.046853677777,639.1511318823973,0.24382102049453552,33,0,1
89494.93299959465,31066.488824788292,675.5725549032649,0.5356349513447412,2,0,1
85732.81022976438,17064.76227363882,687.2261302029611,0.17640095182759158,16,1,1
44171.31800529448,17768.29197294179,818.6711464375297,0.6122570277265772,29,1,1
71188.54775373751,26419.457910484023,706.7933760448108,0.5101503291264587,29,0,0
58169.98075189587,13643.20352246154,706.1104900580623,0.42543961964157534,30,0,0
40096.49274824138,16675.202762224686,712.6148395617815,0.5009789772447287,31,0,0
41158.511556656915,18745.695393895377,638.5734163481561,0.11980095280346416,18,1,0
53531.22181688749,13322.058133772627,786.2798022220946,0.4336154289981463,8,0,0
68183.3306643306,22393.72057665247,707.0068259074314,0.3659098220579167,15,2,1
79084.86778896415,19138.138265521833,663.3478902726597,0.40907547388570537,18,0,1
57061.856048859016,19745.581388025876,722.2805887198218,0.2863668726476019,29,0,0
59608.428558688465,9090.2061153064,778.385705669308,0.37772386424098814,10,0,0
76581.16801878714,25348.404265192992,704.2681625134892,0.6682748293711684,14,1,1
58899.04248034514,33153.902779793156,680.8733195174137,0.2913975262716169,23,2,0
59774.07510069106,24665.516902730138,683.7761465000875,0.08145493274557775,20,0,0
88359.06460771304,11234.23820791922,732.2456935222666,0.22953710217275175,9,0,0
57444.169449986475,3900.980351799828,713.3719528850282,0.3680544939813973,24,0,0
52707.01631621119,16903.93448553432,697.212995451349,0.4234433931597304,31,2,1
52957.92878576557,23323.588842402787,668.5910723308499,0.3490036201862595,32,0,0
61615.061726824766,11871.39138146427,701.7156910115508,0.6286285055852586,23,1,1
90435.2503168387,15119.407216701853,582.3399426569018,0.69062104252054,20,0,1
73670.24413539986,28101.106144305842,769.3329125489669,0.39076051374863985,25,0,0
62501.02771199363,3709.0730922952644,686.1732975898526,0.10311585121436212,16,1,0
62826.56728540976,20858.041845053376,606.4250985055228,0.34469113192805056,18,0,1
80435.53720937922,8437.553240616347,659.0806627766435,0.17686725731661168,2,1,1
62734.58123133117,25647.69395946078,736.1184241663464,0.2484474805559702,12,1,0
62440.750818551205,24876.53836041513,788.8326958204796,0.6330295692644798,1,2,1
71661.37009625533,17644.28207088955,717.0046371773612,0.42470432823378806,31,0,0
50684.227172539046,20635.38221311982,726.7966063205474,0.6300141988485684,32,0,0
104125.37780451728,9805.115527801743,654.9792883261608,0.7399384549420991,31,0,0
102773.37337649733,25577.427066299413,815.7363746283538,0.4316601026115321,24,2,0
66734.73794901014,21589.016422469293,668.5568777413954,0.6885835843714655,2,1,1
62624.382300073456,17551.38825510301,685.910519478456,0.528426179161509,6,0,1
47310.64193608177,10981.315054221737,687.2751283901628,0.12127294496679125,24,0,0
66538.4211295742,18853.626684609386,793.9410637416275,0.34252923482393527,22,0,1
45171.296453965304,14631.026175420404,706.2073886727716,0.5112579175186366,27,0,1
61965.45275539283,25128.97250693952,740.311246990362,0.543683156507798,11,0,0
79877.57076809133,32780.83319509442,644.2261385840505,0.6524661853644839,7,0,1
85736.32413318244,23957.320398579068,712.5009873903065,0.4961039089068097,34,0,0
94152.57339516246,14816.29785296696,645.8173150957573,0.11306566188183466,24,0,0
74245.18440624361,31088.278660743,641.3003514300644,0.14971009621389253,29,0,0
47421.100134840584,14383.91545298383,727.3263601168258,0.279825493972799,31,0,1
94452.65889599617,20577.638040897946,660.4940437548495,0.25583060614568115,31,2,1
84231.97003419907,14259.023001987061,636.5724400259345,0.20512375169313624,24,0,0
56892.11922727974,18200.844224770266,768.0080440604834,0.4821073412633632,25,1,0
45104.460913055074,2403.272946230638,625.0134323144625,0.3507970519367775,7,0,1
68920.67749986109,7190.085833573845,815.2770457108195,0.529492146661659,4,1,0
91134.50206134554,17437.1014674074,754.5053311751069,0.3208782847024906,1,0,0
56497.13497566861,20634.7184780122,801.2011707835252,0.24185730820656187,18,0,0
68104.95884943038,16758.47731385431,632.1750156105388,0.4353298213972403,2,0,1
76939.16276313104,25811.631267299806,729.1225500706607,0.11773205021402113,11,0,1
36086.80904156979,1000.0,695.6380680761084,0.7420608359939015,31,1,0
52667.733588399635,22275.52260707644,745.6328869997981,0.5089409530359171,5,0,0
97488.89223601623,29933.586134563047,641.6504116622439,0.1355136442869262,7,3,1
26413.695564150126,24987.643811508395,757.0417672172885,0.48568602058748994,4,1,1
89091.56326575122,23966.744457012697,723.9065328609873,0.10210253813607627,12,0,0
88853.23640870705,26954.75363080365,669.1474972695868,0.40435813761204403,30,0,0
73533.3829092695,7117.583395930567,574.3685788341612,0.2536041203246776,12,1,0
67901.84935783254,7075.9356103890495,750.679761436716,0.5405340697551416,0,2,1
32179.48264576371,15176.688083827594,671.1120829365417,0.39095039661549197,3,0,1
74769.77022651478,17070.893902589338,623.428658337977,0.600112423462474,19,0,0
56394.96526672844,19666.302481164945,648.1091500815445,0.21083069142276756,28,0,0
89239.50139799956,7153.526971625019,724.7866950909322,0.5093253460159746,31,0,0
71742.3010370287,15645.998486121563,669.698505276638,0.5314873175796835,32,1,1
34025.33991344369,26665.968771103064,690.9692965303009,0.38426193571748657,13,0,1
49656.75810853786,14789.456782754212,699.6688054852614,0.6508139615465808,18,0,0
33828.03406600654,3619.8898683831467,611.132154466223,0.15265328914989,2,0,0
38349.213042072195,3809.038044363082,721.2146211991337,0.5808894825419628,10,0,1
82256.66253020451,26945.26194962805,724.8327273952405,0.14239137530277723,8,0,0
60121.950258831894,31299.01366839013,828.4318521199586,0.1598331069045067,27,0,1
50527.094189720374,11024.968373758948,726.6712388798355,0.19104095827512696,1,0,0
64439.596351343156,25718.435935020465,704.3523604012029,0.512753709612569,12,0,1
57356.98618909312,23669.631591574536,565.0387871049295,0.49730877365690324,34,1,0
68136.08221699232,5168.161622374819,727.0686098992221,0.3621204683255965,30,0,0
107533.33742097956,22512.094692936163,809.6466952742966,0.2701249361693255,13,1,0
64635.066031345305,24248.261623841445,642.6375817787653,0.47894047749860125,14,0,1
87404.34734044045,15397.657124706106,576.2075653813281,0.1509322489915091,4,1,1
26818.866167013955,14357.604555603375,630.6936709389438,0.49006131502399763,33,0,0
57452.97049710562,20066.480254739196,733.0195747459048,0.05836628688626366,1,0,0
40006.72493927245,10971.574052191689,652.7319868699035,0.1511282586676312,32,0,1
69779.10806737625,28526.157949561566,627.4668152799967,0.5455483246046682,26,1,1
80417.91404190264,17866.945284511847,700.5147421353017,0.6617790234810318,2,0,1
82530.4605184324,14100.55260423452,695.768098042786,0.10292002613583662,1,1,0
62338.215964616684,16694.026754482475,777.594813316007,0.49713694577807266,27,0,0
89272.34891768964,26997.2999389292,650.2845662174248,0.09333411969355357,29,2,1
71370.82729330455,16684.333447944664,687.6498828785393,0.6652787542634386,22,0,0
76432.75100494441,13939.237971726518,533.9952320197241,0.324165455392362,32,0,0
55529.41124844475,3716.635076220804,642.594191476153,0.5688231820147746,13,0,1
54373.33998565717,19542.293931705328,700.4630709497976,0.1709265011909149,13,1,0
58914.40393555094,15441.65502972182,661.827003400444,0.6529452568763798,12,1,1
90737.86498551616,7243.071995246506,524.0476996975287,0.3504192745484564,3,0,0
55539.71146133533,21900.743607257587,723.3479828124244,0.196200069597688,18,0,0
34332.179948571444,8186.073838354168,716.7173106196767,0.450714437867569,23,0,0
60922.896060828185,12207.386174258321,616.1528110914942,0.2517129504296264,5,0,1
53096.917601418485,22216.139416365135,729.2434191774986,0.2509351643443096,11,0,0
85918.03796316366,22165.441766896565,590.3661225165997,0.13018176762868688,8,0,0
68187.07852036272,18709.279789582688,629.0428017961038,0.199728290041002,12,0,0
74211.67772161737,15560.681814558338,777.7295186672524,0.6085044512187705,23,0,0
86691.8595519284,13704.556237344692,770.9880729200831,0.41650499926364026,14,0,1
71239.32620295955,10124.733385660127,727.8390766141092,0.29845770488130313,29,1,0
45526.843103159226,15420.535085375199,637.0636892143422,0.7005611917013107,31,0,0
72773.37417199704,27539.83597405305,711.4961157691356,0.6081712967733273,31,0,1
89200.03357416127,8042.073560980329,715.2970093764297,0.2671905157965749,33,0,0
65022.513903164654,1000.0,558.091924978853,0.1275127859179923,34,0,0
66604.60730255532,11296.86299029591,606.1573417471217,0.1790392689124911,17,1,1
54741.68245931809,31732.572247386954,755.8859163298329,0.5226180324875394,18,0,1
69133.90153600092,14400.381559399073,499.23648147285564,0.4441466840890575,14,0,1
74259.17175350655,18126.743262267675,685.8161795478162,0.7365443904322113,21,0,1
88367.32487747236,18702.41869503356,676.6302410150191,0.05944578786697879,24,0,0
100009.30920336125,11843.67166749623,624.3113404678144,0.6637552799454888,23,0,0
75268.09778396855,30151.789768307288,680.5303903253208,0.05998844664104739,5,0,1
95321.94611702525,15862.931985812073,679.6804961613489,0.34733146193578385,9,0,0
71885.95981538203,27673.302493610423,689.9936072085128,0.691612092239682,11,0,1
77395.5042807645,18461.34474948089,670.3955413553051,0.5108907862929832,4,0,1
116621.94708475808,18824.38565500037,719.1289790760023,0.4583097687222428,19,1,0
63281.2607354004,8703.733474598417,731.6467459118926,0.26944951397406963,17,0,0
42730.800112166486,27188.987219596624,619.9898586444662,0.7262892570868086,32,0,0
109342.83153383805,16347.535739382341,749.6404094756662,0.16775718940949058,11,0,0
78609.86969440278,19239.758642523047,667.6759275265225,0.23892126534865443,32,0,0
41876.2394340384,33291.5570542167,536.2238863124433,0.3670690112736673,4,0,1
62113.56976816753,20470.288524290503,648.4191920436041,0.13840940893620046,8,0,0
74307.0762244763,19604.113841797163,676.1482592649982,0.34648308171469605,32,0,0
50274.74149697452,26834.068368513574,578.2523181050074,0.07754008280920396,29,0,1
40462.5078903493,23990.975244295274,671.4914100139102,0.6968831358996341,16,1,0
81471.93105639923,13849.695806300057,657.0370791670737,0.2754973952061073,34,0,0
28182.726994955337,12818.954660677708,703.4384458773624,0.49366180721922825,15,1,1
54673.892504596384,22007.7306553332,649.4259974295553,0.6593689502746358,18,1,1
54181.20588186258,13037.871756585017,670.8265456534232,0.6228283445591654,1,0,1
45148.30259431372,18405.606618024372,747.7257400661323,0.6613735428762207,5,0,0
58026.685841339124,6712.604405974924,701.1758277166526,0.5542160543132019,10,0,0
61036.98959752739,33163.547969700114,700.0539444771116,0.18562068255493447,8,0,1
12000.0,12318.507433993454,656.3863358439895,0.30658397921873104,26,0,1
70537.86447712766,23375.068430134826,610.8354908191252,0.4084222020872227,13,1,1
81471.45562142988,23680.213680221517,719.1630042928272,0.28586524592535456,34,1,0
94382.75166356174,33682.94477614443,608.1524099898925,0.7186637525708163,19,0,1
63983.47767069903,20869.988405766362,790.6190439913544,0.6147858662906991,31,1,0
21921.4707855812,14448.53181920138,605.713960020231,0.6092661669712596,7,0,1
81741.7510730477,17652.481197666173,663.8867518385823,0.302773719288383,10,0,0
66446.76449165001,10185.337056931152,749.4183431443779,0.5783869491915078,1,0,1
80064.51336253734,29902.65704666575,674.7179370169395,0.4798368565921222,4,0,0
67185.37701868877,15145.337742143023,707.2769684242301,0.31265010264383586,29,0,0
76068.32983809164,33822.80919845685,690.5858682772753,0.2657959418560483,10,0,1
46868.571580831296,12101.787158769806,576.4785063888525,0.6021847202985364,15,0,0
41968.73820551863,41172.283471021045,612.0433492206326,0.46775999393222356,24,0,0
62437.08483429244,11858.28146846234,661.7039181451738,0.07589677034469665,24,0,0
64270.88815998925,11388.45762852255,672.996653681432,0.06518933077155134,10,0,0
48917.49884120081,12245.884062543408,730.9271803749517,0.63937946493517,0,1,1
49232.078336880804,11988.70402752536,685.4599358507508,0.11287344634517124,32,1,1
48502.940301302646,21341.150299237397,670.139549453229,0.4135532380705984,0,0,1
88307.79269389971,10591.9396499412,652.53627343753,0.47606466599326513,8,0,1
45810.28320202496,7658.691081497474,737.1666602438455,0.6911734858029364,26,0,1
75259.61627127245,9836.406670780405,633.0724596325186,0.4101684587100365,18,0,0
49158.958608883055,36230.04409946549,599.9406699572025,0.18582015733326274,16,0,0
74118.37711679155,7834.216096868542,668.2097311392852,0.2324693662930753,11,0,0
92284.64331701033,19687.6007919848,738.6812872187253,0.08419921524288278,1,0,0
87214.54069547009,9745.910018470608,638.504124207374,0.20544015976767305,7,0,0
59114.30366119711,22143.854067451415,695.0287675960684,0.6205981507031503,32,0,1
70441.91927810563,19426.98984827821,614.5133793642768,0.5798150287425542,12,1,0
56150.663547246746,32967.92622199771,627.3983830382307,0.10736001173114117,20,0,0
83821.24481673469,14028.828082144148,780.9185142213394,0.3857182562530968,18,0,0
63484.69491728025,21836.210949872526,534.9058207072267,0.26127585435962364,33,0,0
92236.42008597676,27404.74106166644,627.9257706058165,0.5049641365461702,29,0,0
45870.95809314131,14679.355724021745,558.3306204272553,0.7229383805542123,19,0,0
49028.134778703,19900.75884426742,624.5473175949352,0.4914807295576088,17,0,0
77730.45251511778,4458.806913242455,736.9177616990139,0.5719896845248637,20,0,1
73720.9705565605,22011.84339498527,785.1532747331062,0.32868973279759006,6,0,0
101510.42742087881,19637.740950999207,592.4079870593691,0.07288145236228799,4,1,0
59865.78749549188,11163.271755353175,730.1827811327912,0.3426691340435959,8,0,0
53929.30766825693,6883.1285723633955,587.2213297149681,0.4075569103762174,17,0,1
53512.35640495131,15525.490708304515,633.9620478425808,0.39487597425620746,0,0,1
59273.910561006276,7293.806586296581,698.4207587055179,0.213480161138278,13,0,0
72242.44627107172,18886.972991891602,555.7716195268282,0.3824948690426242,7,0,1
32054.866089013958,23577.603860412346,632.0424282635281,0.5525949795801126,19,0,1
40337.877521201284,2211.674792416532,674.0502688602645,0.2680335620881584,30,0,0
69524.2090831167,10438.772869025015,534.5108050375813,0.4938018673749812,6,0,0
72425.36411230861,32466.984944379474,621.948879494167,0.15726387035976097,14,2,0
58536.560862008366,23493.513524472015,643.8001188543068,0.24463231625206572,34,0,1
74106.85041008773,5239.440606309119,628.6294826360744,0.6687495370612971,16,0,1
34593.251955999294,13579.984088369461,642.8436103360574,0.48863565747237425,26,0,1
50111.37513900038,1717.992608572691,702.4895435312,0.11008765402272012,20,1,0
49672.02511498359,28295.055580241868,694.2315412089414,0.23524577344290776,25,1,0
47445.82651624699,17859.340816835713,768.6050251382391,0.7457728499964592,4,0,0
81633.77728692745,19179.388174615775,662.0283470705206,0.23907339636678254,32,0,0
84014.49374766921,28735.32924760677,573.6192245104522,0.4563562715345262,4,0,1
20038.980501062215,15928.269605638237,531.6513881233493,0.4352431158466883,27,1,1
25463.841747401857,20465.9399483786,773.2353491573052,0.3316544906592742,20,0,1
67546.712020471,27798.882277679604,675.6664959304425,0.0736444446402407,7,0,1
53064.70757873461,10642.13744128878,700.9989795468362,0.24903586676268158,1,1,0
62307.19839595192,6776.9186315816405,737.1509873329467,0.7173444762864983,13,0,1
71435.65301283904,34143.784869062845,694.143750266062,0.06343364669595061,33,0,0
100511.25399716062,11346.208863780976,764.4431736762856,0.5509784512769301,20,0,0
63517.07478666831,1000.0,732.0205845846505,0.6749247372784464,26,1,1
82142.2556746831,11509.613040370681,749.11673730559,0.5836706397021348,17,1,0
56324.850221758046,11913.565842668952,622.5452363770006,0.27627469880732286,4,0,1
74140.81935560243,36176.70905913417,733.9157860795632,0.4143275197315996,33,3,0
79159.01248447262,22951.291245540986,709.8523593145337,0.6572832617326995,17,0,0
54684.04864751016,16087.617230486432,612.4551948685851,0.7328204094763564,34,3,0
51453.28351844995,11790.904149997517,791.2481169309276,0.11792034776012167,25,0,0
55448.20001063777,24146.905397457558,672.8067676546425,0.13704485784539788,28,0,0
82391.68798404229,27465.911631635397,556.7497581710186,0.7190674180728417,27,1,0
79525.91853910162,22474.290069159073,730.3405628945184,0.660837094246044,5,1,1
15150.11199578172,26288.770238900914,714.8125785857541,0.19775266113063328,25,0,1
56572.64099418202,31951.501721202192,660.4952881234432,0.7290728375329754,17,0,1
73609.79911924335,18844.4794691419,720.2924941231282,0.19630142243924092,29,0,1
96141.479185312,13432.935676893649,621.5745207750963,0.11196068709176926,32,1,1
63001.116774923255,14134.09111078555,712.9317942079894,0.5273199718101761,31,0,0
72490.48647779085,29276.237334528392,732.6945918499092,0.427857211270823,25,0,0
67042.50816676642,24567.19837495665,704.2035488152882,0.2177655196018083,21,0,1
54544.98708231202,19339.33357111456,681.2638823316332,0.6997944887322488,33,0,1
38109.2183018378,13129.860376771776,669.2324629957103,0.3329679150314166,11,0,0
39954.496710820626,10724.084845062585,779.8067170205077,0.33203461315187427,21,1,0
80744.51424746924,18005.641120228283,641.6963208634635,0.49227809651569376,20,0,1
67408.40826224445,9013.049441141296,687.0245827764346,0.21155653131172814,23,0,0
50252.96961047278,15951.883007157528,672.981706410906,0.4607932538371531,24,1,0
36457.77231679489,28738.02988305693,703.7623440893105,0.3047896033516251,1,0,1
80467.96990990797,16822.81037396389,768.0969491438632,0.5365061839345368,0,1,1
45102.958376054325,15858.516602574113,765.2309934131333,0.22339522820650853,9,0,0
78521.4405003888,19283.48588218661,726.489779656154,0.1798233457974917,33,0,0
62381.33891446432,26695.185377708454,697.6178616745863,0.2248696345368647,4,0,0
64148.77843757274,34228.75264417456,708.5670712509461,0.705154378592381,16,1,1
100010.06845778582,7584.405051982969,779.3247607734511,0.6444602483064595,0,0,1
23033.13761957361,28826.81100466222,603.652412258622,0.6302288759163027,13,1,1
47429.68937725553,25213.202355393616,658.9923109828699,0.5964862641044856,20,0,0
96979.82310673391,6892.054898538881,631.9959619985154,0.4958655055951636,5,0,1
83696.46779467931,9207.08022536015,727.0392215538567,0.11887945672239304,10,1,0
60175.12877691578,26610.832261200776,663.6480474709421,0.277256343379413,19,0,1
102340.88098819816,22986.48421569563,568.6435547430016,0.4433081031509989,19,0,1
85074.95873856032,2394.938884678373,636.6220759796074,0.12402480874404355,20,1,0
54541.9177517514,10521.24712866624,690.9880728581375,0.07108146971402236,23,0,0
43537.83022527597,22799.074380880553,712.792038098768,0.1153999853815237,25,1,0
92985.13154580348,26356.61971078445,668.5011519586151,0.12564875151818344,2,1,0
48732.80789795424,21587.05933188693,613.9444396814055,0.1266768721377295,27,0,1
69995.629459482,1000.0,780.095299406671,0.1831205575105409,9,0,0
94936.36143130966,11515.057664083926,715.8375112494286,0.39936765635839216,23,1,0
68610.13127641185,9193.84416669658,711.0062075715717,0.24981545038249808,6,1,1
65205.86848850943,24229.131173250396,699.4604321690747,0.6520927508888436,22,1,0
31597.071102867936,13801.706121951484,601.7441081621146,0.6632970065565492,22,1,1
84945.12891509147,22806.954954082423,688.2772388592973,0.6941748279581093,23,0,0
28663.543233752105,19544.999771211627,519.2988251157997,0.3798113968245529,30,0,1
92053.49564679456,7478.852547472363,708.6098111077293,0.5918292588476404,21,0,0
31331.507799843857,25943.596216462014,448.54178363523965,0.4636879706787152,26,0,1
48428.00814831768,28482.12543756538,626.2473060021193,0.15106081577182856,4,0,1
88367.13525342969,26404.251453566772,682.7389058953839,0.4949890207657054,17,0,1
93946.70393241697,19949.601133673415,698.2201087034407,0.6359147249681237,7,0,0
66890.81536153452,17157.917738038534,591.2891327816322,0.2935584737532017,34,0,0
57774.42736761993,12499.379045238635,632.5457624525593,0.5726727288526501,16,0,1
68064.46392189802,29393.167148721288,590.3101153032139,0.5921620727108536,11,0,0
25721.526583062267,32564.885435397926,760.9844272990276,0.500508328011474,21,2,1
86838.94259814177,12070.630323109077,630.5349794172784,0.6682920068799002,5,1,1
52592.815475972086,8202.259022224825,675.4357963868606,0.15137495248769361,29,1,0
59917.0943385578,8616.987862989588,694.9051782254214,0.6403916488031391,1,0,1
66700.93647804995,9335.192292262223,726.7835270144102,0.4775117482777723,4,1,1
70549.58230262327,20963.582099681567,715.4320455034406,0.6489636080472637,1,1,1
73929.64712022932,6147.680461075943,720.9895874946988,0.4228743349859717,34,1,0
89509.41797524347,12958.544415418386,598.0194995781952,0.2795737754241414,4,0,0
90408.39764843014,13211.937133528263,708.9389587968707,0.6780355595399007,30,0,0
64394.42251328415,19563.254300034972,583.2400579766064,0.6641825151546789,16,0,0
79699.83192862666,16153.510044897661,707.947404198305,0.23737435989692357,26,0,0
82402.4884596897,22030.027816012178,768.2156157974531,0.5708757546964356,30,0,0
30239.291370001993,16959.359812852035,603.2791823766495,0.11390629635561106,9,0,0
56242.91548663381,19804.521731048186,580.1888386172633,0.1101845540229974,11,1,1
46873.06539272041,35391.948474579476,796.3155260532191,0.40798311848678004,17,1,1
65524.989278806854,19228.677675076502,638.9250875334524,0.07503311370704024,12,1,0
90112.61145582987,20417.709986637798,720.385937636366,0.35362716001004796,7,0,1
80578.4507411357,39796.89633892053,566.7417049457265,0.6035233331744361,34,0,1
81398.46375309757,16648.655093258858,744.0216955485876,0.672631571588457,3,0,0
57105.47553528521,31214.523174357717,754.7140519706263,0.22834700260176644,6,1,0
57170.167926721144,29064.384049524575,790.8140230985894,0.10388618667158941,20,1,0
52933.22997966608,9555.893104606617,804.7711262837555,0.4914580741526198,14,0,1
47080.61492760366,19335.30473998567,615.5390837955871,0.23538298875891878,33,0,1
76526.57645762307,23759.12223866596,766.689831584351,0.06641372544886423,21,1,0
54022.71477473002,26471.185256826277,715.3254705745143,0.14183858542287503,0,0,0
38989.73101940891,10899.312914961767,676.2273551614237,0.7068490238573323,5,0,1
70750.35794980839,10871.385732846531,697.0486435960391,0.6625534181204007,0,1,1
66347.75644183918,26008.89504906391,824.5005258104495,0.630732182997371,18,0,0
70942.42823101058,8899.500255793733,616.3124175330839,0.28763147845738113,26,0,0
93935.19873814195,15075.875070099964,692.6083674801584,0.55016591422937,9,0,1
65480.11116061103,5167.45252922062,761.0244170274012,0.7199103467653472,13,1,1
52152.86141217222,10522.813463650484,702.149652770626,0.44730676804565506,33,0,0
52009.437824069704,15801.633812020538,588.0178467344567,0.2831673463128056,31,1,0
45772.86305330394,16738.92835467867,686.7230171452134,0.6095306039047372,2,1,1
49687.66308685336,19285.415786290017,559.1627370448928,0.35123623465673215,15,0,1
39992.73541003559,16814.800102042558,651.8070154736042,0.45414058425903553,32,1,1
67373.65890269665,26170.25574858208,593.3926736400797,0.42884793835963186,4,1,1
51477.412149766635,29209.796138964768,635.8259320150294,0.20219249830905872,34,0,1
67567.50151712245,11718.978453475513,750.6827166929921,0.050467189959090955,16,1,1
57737.23988276352,2933.9686312413214,643.5074247662744,0.7491852360016712,22,0,0
62882.8214579525,21770.58529290469,675.8206465814751,0.3417822411300324,25,0,1
100063.94947915923,27193.168627137515,793.8419069538825,0.24867153012574394,6,0,1
87887.21016635485,11014.509425513126,700.4199617094523,0.5861171247566866,6,0,0
34213.31925484887,15240.49129989816,676.0071318194465,0.46476729891072716,14,1,0
52807.84351322749,26727.685874750554,658.8333730378658,0.6663219148757384,29,0,1
27039.8767098982,27977.299253245328,705.6385104920683,0.5967707066340683,19,0,1
56956.15034657337,22226.217274381586,772.7341167316557,0.24723848464207937,2,1,1
71646.2873749052,18338.00060850712,613.0292543792187,0.46457098358938537,21,0,1
86461.48447524161,13636.458962122853,706.2585768461641,0.4018913682211215,6,0,1
85463.18761013118,20001.54088148703,590.7275829574307,0.7185585670960397,30,0,1
71358.41452764835,18779.242831719446,551.7489866315539,0.21769909711800456,2,0,0
46345.361405783624,23972.46382116372,701.4487921998818,0.24868414144091533,16,1,0
81891.11346347665,21633.19260403488,690.9163943070705,0.6942997448104856,21,1,1
65977.01999958181,5562.753865665767,546.4815125735184,0.3704675996639649,2,0,1
68794.90125440135,16718.008095656096,617.0084804514461,0.3700781556005663,29,1,1
104050.6131422277,29755.98069169386,640.5692713707673,0.6577460193258404,23,1,0
46116.98609039232,1000.0,710.0478276375034,0.2572353759740086,32,2,1
106484.44801798985,5887.7740348399275,780.4607944678569,0.5378283477450796,9,0,0
100966.82283137564,8963.297723867043,589.7563412379234,0.5550661513620858,6,0,1
66359.9745306535,23967.044035901443,662.3438141731056,0.35967884268970923,15,0,1
68868.24576388496,13508.127812035535,800.6476161874193,0.28377236201337336,31,0,0
50858.13405266825,19050.89199516365,768.5255566327878,0.572658946649363,1,0,1
68803.76907143672,22447.837130176325,519.0054164318643,0.22914663317729278,7,0,1
66868.95166043814,22390.10876352959,654.3892794295333,0.6235169329416357,14,0,0
51226.94525950939,12043.9413364173,708.3762877482957,0.34148803188508364,2,0,0
50703.55481863677,15160.392309457133,730.881835616177,0.06286412335033745,19,1,1
60220.869902276834,16208.782422995802,758.7252245355465,0.4484898076379374,33,0,0
64815.790403507664,32898.89268604411,558.3662948596785,0.18609244263862607,3,0,0
30748.514904869866,16085.911800885155,694.5191441210559,0.37659565783799515,22,0,0
87543.76296571993,23551.802082290345,696.7937643002224,0.6158348298837578,7,0,0
55049.38646125579,24442.325939766262,759.017058350079,0.18300913530526403,9,0,0
58989.35856778684,27859.342935216257,715.3830649240224,0.1956789768010846,4,0,1
68551.35917129036,25939.85409446774,713.2005862783225,0.38169218985162573,9,1,0
59655.249120867455,18508.15894905712,705.8801221811627,0.38355079430576455,25,0,1
87787.25319119106,22446.287158504,680.4002556390634,0.36756894970924275,15,0,0
59314.365616020696,40419.56045818853,763.0226289295555,0.5361450844530156,22,0,1
53334.41118947747,11354.212562608966,610.5569489865711,0.23836856009508878,16,2,1
77399.35129033728,13456.561141838098,766.6229713181663,0.2323694610283229,27,0,0
80202.0477009092,7649.6887035222735,666.5634718913818,0.06565276498363043,17,1,0
115064.3268805628,19681.196167737286,641.8934961517741,0.3172142791665409,10,1,1
27090.98520687964,13831.389939619809,665.6025234500811,0.18704124558181334,33,0,0
66527.91416825664,8458.951982755698,667.0116284789289,0.4641188212383573,14,0,0
78617.67169755448,18067.90141196197,806.5690713885556,0.1768194828147422,0,1,1
46801.2946386775,5691.795134629434,594.2780294604598,0.6761717364476828,32,0,0
93120.90127920115,29318.185049903936,588.9489136580758,0.6443100256705016,8,0,0
51309.195006385555,27365.04083972743,605.4190104496616,0.5856189467017284,16,1,1
67368.26406360486,33891.526964824436,664.0195214990557,0.615966930103547,14,1,1
86750.56885950365,41895.20772789962,624.6468221582164,0.7217082876553784,3,1,1
43145.00081544438,3343.1253306126146,512.0581220161662,0.2738662582987727,5,0,1
62339.417589953286,16550.688208227948,631.8820660097925,0.7359014407506947,5,0,1
80355.72487979275,29631.69302834679,598.2876232735114,0.6733658659493746,18,1,1
68017.15662570708,29425.297931592937,749.4627460892265,0.30332446273844754,22,1,0
78371.46707535231,25738.87726558008,723.77295309258,0.6548517306696421,29,1,0
80989.54626004936,8577.831819288955,704.7063300765259,0.6781133573228576,0,0,0
54421.860732277346,20522.4340374601,559.1715891884359,0.07526181885199568,8,2,0
97374.67046090786,27534.901884876163,779.0315156466938,0.6631736585170855,21,1,1
48190.508778874966,14899.111324387099,622.4414041340028,0.3532712253785072,0,0,0
92139.6716766327,11134.352650409171,737.171948568012,0.6179407760109923,24,0,0
72030.91339327111,15521.329797190894,722.5538922211413,0.12781479402180507,15,0,0
52674.675016730536,12901.500344665761,623.3322742699145,0.1705309075431496,25,0,0
47749.93241518232,20450.357005496855,703.5043129744948,0.7351432870916277,27,0,0
70618.50470434355,5079.368804604768,686.5133918685178,0.3413263601269856,4,1,0
60602.09924502328,32774.472270725244,754.587058040282,0.6089187353963705,21,0,1
74767.22066291176,12927.388560854335,633.668340479595,0.5751708767790865,13,0,0
60468.917924225156,8878.587786828739,691.663841965194,0.6002344894529816,8,0,0
66498.00427323532,14381.922476069774,609.2630881376999,0.5852356665482109,13,0,0
75236.19790507585,20429.683116216365,766.5836742352922,0.6897717055533977,15,1,1
63744.45761909918,3991.0194891005394,671.4979844811353,0.46481081293301596,29,0,0
59865.60310260914,12842.194644845054,614.7729420263228,0.34781836144643014,31,0,1
72121.72593709687,17434.53461738489,723.0181462702361,0.6976609083352309,5,1,0
57668.761685204794,11934.375523199935,754.2230942365488,0.2998669693150991,16,1,0
78432.06446484872,9344.42949415746,646.9055794789252,0.49148915203976395,0,2,1
74094.34776592367,26527.30759306453,825.6084531834439,0.6486526503185327,17,1,1
78974.54667780596,26339.78024115216,786.0904800501646,0.6912121861106842,10,0,0
78855.29111777556,26199.534466554716,683.0377333659542,0.7146010848136413,10,1,0
60009.981249513214,23097.653676744798,649.682406970215,0.5119529167428053,27,0,0
25016.847792485903,7299.879956865245,588.297658860972,0.5541402561462352,11,0,1
61771.469752850324,17788.378715975094,604.7341410564418,0.3982644875798244,33,0,0
69752.70145414426,30193.312118513775,548.1198008062878,0.24942474336131887,15,0,1
62615.199793527354,7096.062983260914,721.5065521096732,0.06132566786559684,9,0,0
50600.25715362792,9128.565467997332,674.7834743671629,0.20542851478676727,7,2,0
89806.6446729823,20428.003908684026,642.3941029438178,0.735971540612259,25,0,1
48972.36630263293,24843.821174519566,480.43775966537123,0.6144672809081764,13,0,1
51337.27127123121,24130.026800509913,717.1755343397435,0.38532518957159617,8,0,1
56050.316974537884,20893.544393297478,676.8053003335377,0.29051377478828627,18,1,0
59121.87963157419,8973.145473751087,681.0591294090805,0.0950410603356346,33,0,0
53333.424888460606,22413.028794724996,680.0394563839665,0.057095805784396006,28,2,0
64611.94171047057,12425.751166769547,751.5739070820184,0.5785424025430678,28,0,0
67088.26397383801,21067.994128567712,566.1684862031483,0.7399013566245998,27,0,1
45752.90902273349,16901.79504930495,844.1155568484508,0.22768023858462838,23,0,0
42789.494238277824,15166.872604693579,587.3191553941218,0.24217573655278535,27,1,1
79392.11339357872,38972.8019788812,663.5844642811041,0.7042724103824172,11,1,1
64038.92190334713,7335.90804711344,489.9785524619433,0.47144327049995005,18,1,1
85047.82732143272,11363.98855258426,690.6193419072478,0.1716677906728254,5,0,0
77804.95619908096,27617.559240288094,657.5147625377083,0.08198055867380971,1,0,1
59104.556867266394,33678.04219944864,678.5255300556771,0.4445030675690996,30,0,1
73709.91104927554,24023.427405901828,705.4447506210845,0.36679009390836065,28,0,1
79888.85337642925,15951.413485513105,644.3128898287766,0.3524660743056504,11,0,1
48937.28704737964,10886.197258388627,788.6704766280993,0.7284850123062896,32,0,1
34347.772521236126,25762.26777246751,643.8091598767751,0.23401426097127703,24,0,0
45990.80004352326,17928.747950459154,717.1278996509853,0.39159341593617414,17,0,0
76460.12006095538,13301.300989281717,618.3939796793547,0.19934080949489025,29,0,0
99478.50806365916,27630.84128901898,751.088786471459,0.27525240535294215,17,0,0
64291.127913271,16649.739993932464,606.9126462137027,0.5861253621642932,6,1,1
90467.70306056488,6181.991696943669,662.2284504393131,0.18811034519766862,14,0,1
83262.76396527953,19072.004894098405,635.8574299225165,0.5235391373548726,29,1,0
51014.52810075584,14885.087347993798,701.068156692926,0.14075110804220664,4,0,1
63677.267725899896,9028.21583786082,618.1425607721588,0.18340092217720055,4,1,0
77820.66495876973,20761.50132818574,631.061865926856,0.06616531675466389,32,0,1
41516.48875801705,22069.195558794483,667.6538284371605,0.4913252110657236,5,2,1
81969.9623090515,1000.0,648.8875763226911,0.7432243413881716,3,0,0
86423.97521064508,27822.06657143704,681.7265914282059,0.5095327391835863,12,0,1
81233.00609311665,27043.03382851006,624.2758254596777,0.6963248582453923,25,0,0
62611.73102449134,16960.831270462495,627.2340254048585,0.4184855343513236,19,0,1
74686.79578461676,10888.250273994701,677.3017754407027,0.5262004945925275,31,0,0
84659.49717817888,22870.674809288506,776.907869866303,0.6978730756785176,31,0,0
35564.17574996008,18023.19604667827,657.9945044965781,0.11035331009053195,0,1,0
17051.67652297538,13212.40446666842,729.7588501179893,0.46820596820903637,24,0,0
75301.91900293695,13409.305715097824,707.5448363329143,0.45287028279927216,24,1,0
53065.406630595666,19597.62402674216,623.1750749669053,0.07320604196930211,0,1,1
68601.58148433956,29949.589457356262,730.4718464680261,0.15933952473093205,2,0,0
69027.25572397352,6160.20615912432,673.0884885097198,0.4366446320969627,20,1,1
89489.58265278398,20794.76240721596,750.0651621450809,0.3983725852961224,24,0,0
68413.04726769404,10013.339115836148,850.0,0.2906798310287972,20,1,0
75638.55808140646,20862.86019899612,682.893643262401,0.5384023370860329,2,0,1
74295.7564918308,23183.998937602242,764.4687306606979,0.30216234453713037,28,2,0
80852.76495705459,6891.256491285352,752.8721965411788,0.5882081328692002,34,0,0
53670.55714068894,23150.23354415426,649.2673653048365,0.6164661079740678,21,0,1
71073.32874929764,20326.11681006042,647.8523672270449,0.5012046838160222,22,0,1
18353.586212830487,29736.312597422562,587.7093841622066,0.24528667548200045,12,0,1
52360.12239298678,18198.332921830515,760.2137884751486,0.6118606708284425,33,0,0
85441.01857436405,20571.213889533683,617.4414222316148,0.22625103626595672,22,0,0
38469.554541351885,21848.051735094727,638.694078100006,0.2621066635084318,34,1,1
40662.82778855332,30770.03124620807,813.0767094813214,0.4761638342621352,18,1,1
78011.82835204137,1646.268916835068,644.053814642429,0.5323319432009838,14,0,0
52735.04155608117,4002.8735404102717,794.6139967054909,0.3099032425193509,14,0,0
90090.25763329673,17076.013897857203,816.4797565858806,0.4639713658991766,25,1,0
66498.88585175328,21269.632679172126,618.6874895152539,0.22359202983078813,2,0,0
95424.51636388645,3097.7677910126804,731.7145283752291,0.6063706349582869,16,0,0
99030.74058875357,17434.39877428884,713.2261479488906,0.7444897081044459,29,0,1
90511.68303329597,11216.912524073374,735.4508270914994,0.5388575809069047,27,0,1
54794.412537857126,6360.0500984545,761.8510805235068,0.27355564425309253,33,0,0
42605.83411860859,16439.385266368583,552.8984207723834,0.29413018468541086,15,0,1
90427.79578048935,24407.32421053428,720.7203599420748,0.07136782187665623,10,1,0
64697.74807057114,34651.6441979338,728.5627942999309,0.502867253605476,23,0,0
69009.14462637936,37030.3896044829,646.1983903364295,0.47001481292433506,22,0,0
87970.91610084503,29202.651214977544,745.9299981402726,0.7182120367281358,24,2,1
42565.244786853684,20910.58787512864,766.6292463014445,0.331494174690118,12,2,0
76769.5562302525,17025.666219234732,646.0551066686523,0.7030468690445764,18,2,1
55133.095343010915,19342.145511240964,588.8750253571318,0.5821735039662201,33,1,1
80852.17259550255,19333.06622205113,810.0838470881948,0.25160218295096914,1,1,1
72726.08012092278,28071.87235009204,622.3377540972978,0.061503011112661016,7,0,1
82632.88328448017,32397.914025439895,586.6368434027137,0.5586628114246741,4,2,1
56495.20327957446,7518.276719774845,693.8780604554098,0.39744341681957734,10,0,1
50806.20630349103,15324.927942261378,521.389116882966,0.7232991984617622,1,0,1
65029.9798946563,26617.763706411857,685.6494668992602,0.0654736039412375,31,1,0
53381.577251014845,16858.440519521297,738.5624901953666,0.41533337237842866,23,2,1
52415.40557243856,14285.452099262317,640.9406050071084,0.6021761884792002,11,0,1
50969.637707023205,28431.942203633593,717.0697918900145,0.6028408883906441,15,0,1
77665.31614199378,13422.604292855754,713.59997466521,0.5204416320138301,23,0,0
104064.47990999359,23918.895583183916,715.4023888117836,0.32606073386157264,16,0,1
80856.38603692071,15139.935604342692,651.7457716349192,0.09706988878543826,31,0,0
79018.60703384549,37950.96975934139,682.645325597792,0.26123135126872565,19,1,1
78523.65764068316,29264.059584571587,692.9538732248242,0.5058066699667564,34,0,0
46737.161571309436,15027.45921551477,685.1498551701335,0.5897412385102394,29,1,0
78855.78639958639,20497.347016076405,668.4705742972601,0.622166135011544,21,0,0
28946.02642383289,23281.584031218677,806.4322584598251,0.5918568682969473,30,0,0
72469.08608056765,14231.468053916042,702.7210564905861,0.27665423116820115,23,1,0
79670.47750985407,15161.90848451767,709.0822867610966,0.5358623173620999,23,0,0
81267.34978865943,25550.632221581072,594.3012488213282,0.7283551287956683,12,0,1
78026.40130114493,17950.7637272221,841.0362610724159,0.14555112850202145,24,2,0
40083.82995201746,5352.405014264175,741.5832156269108,0.5619529677499906,30,2,1
52160.69068183521,23080.67284100925,703.3814200455976,0.3369867157997722,13,0,0
88515.56251397132,26678.143113173148,800.4307604274394,0.20749555446740903,19,0,0
72386.15565193757,15059.477111684293,597.5144537302851,0.2740297750008441,27,0,1
71313.35190688807,11042.663449299653,603.0452567463474,0.1665304118469842,24,0,0
54393.32039503477,29956.305879561667,753.9477540662592,0.6207396611265742,10,0,1
42952.048274524925,19388.526110202787,768.0292519671852,0.3212230115764908,17,0,0
50383.03831788813,17281.689255931477,550.2216046531694,0.7063335445825925,18,0,1
37204.487641978914,17261.668189148386,610.8869545552013,0.7264702388136696,2,1,1
76010.34014540794,31096.646169201493,574.0093059731684,0.726019648046527,26,0,1
12000.0,20357.797798001928,747.7836495978329,0.1589979832783526,22,0,0
50443.08828012809,21985.41281894254,686.6989061116383,0.292470240579627,34,3,1
104465.45007533868,16594.96509814745,712.1673900789688,0.2672694015590217,12,0,0
60714.14604598362,18136.437633563197,607.2370188523887,0.6958750534964916,25,2,0
49544.929207257286,15147.935491561573,698.3960226904849,0.11053265238096135,13,1,1
109687.95522699943,22405.14754384412,571.9797823369621,0.4620307920649787,34,0,0
56923.57682308918,8002.309257405599,737.755458820167,0.38976073871115874,5,0,0
104763.93094091406,20103.543404835422,805.9357737058194,0.7333886783859392,7,0,0
59436.61628831909,14704.371299735714,521.1911762255164,0.7243097376373853,14,1,1
83256.22400174505,13376.654825381418,776.4933835718468,0.3467990204491773,7,0,0
110853.00982140432,22016.096684709406,673.1235604525174,0.3589618234138793,15,0,1
67986.97231232232,18005.656025722772,704.8426172154578,0.31917442892512304,28,1,1
58151.17300218706,9060.638303883816,653.1048991467326,0.6024204991759009,33,1,0
79301.25671813534,10036.495949343234,605.3198395038345,0.12012676846239671,28,0,0
45220.27208622573,19807.639924405332,797.1966275281864,0.1313028306631936,34,0,0
90229.43566159242,10956.783863595705,636.1924569342547,0.5432849533383144,9,0,1
52169.74370728286,3085.4450375191536,787.9441506605311,0.06168073349661657,0,0,0
34160.27578891712,25413.803535620216,735.9718169415819,0.519720836292711,4,0,0
63043.781338130575,6859.800847894921,663.8214428419531,0.1400872212447496,2,0,0
56281.131690764,14793.143987399135,799.9709921342012,0.6003299053285389,13,0,0
15900.473416593857,9753.08197165813,677.2712664183289,0.5677469138931065,26,1,0
65309.47879339123,9515.374863076035,772.553341587499,0.17758220922318313,28,1,0
43248.61127398994,21061.27937301223,767.9808995870587,0.5798528954951202,0,0,1
56044.57184402683,12100.159376623931,591.7435705157703,0.6031614072313178,17,0,1
43198.4838301187,15989.560089201663,626.2078373820202,0.6978934806135693,2,0,0
78269.9974798766,1694.0566692597095,666.5192872658594,0.5571112627252947,25,0,0
64756.023304452916,33747.71963535041,667.9928023108472,0.6573208190440236,20,0,1
35930.761667182145,21223.267512145496,712.3498252485663,0.49623581670406414,23,0,1
93293.951918645,30567.092400229114,560.5428490916274,0.48786145823762567,19,0,1
